{
    "model_params": {
        "L": 3.195,
        "S": 0.0356,
        "V": 0.0,
        "m": 114.7,
        "xc": -0.0188,
        "yc": -0.0017,
        "zc": 0.0008,
        "Jxx": 0.631407,
        "Jyy": 57.0697,
        "Jzz": 57.0714,
        "T": 0.0,
        "lk": 1.714,
        "rk": 0.021,
        "sgm": 0.0,
        "dyc": 0.0,
        "SGM": 0.018,
        "LW": 0.021,
        "LH": 0.0,
        "dkmax": 0.0,
        "dkmin": -4.0,
        "dk0": -2.61917,
        "deltaymax": 10.0,
        "deltavymax": 10.0,
        "ddmax": 10.0,
        "dvmax": 5.0,
        "dthetamax": 5.0,
        "wzmax": 30.0,
        "wxmax": 300.0,
        "dphimax": 60.0
    },
    "sim_params": {
        "t0": 0.0,
        "tend": 1.0,
        "dt": 0.0002,
        "v0": 300.0,
        "theta0": -10.0,
        "psi0": 0.0,
        "phi0": 0.0,
        "alpha0": 0.03138,
        "wx0": 0.0,
        "wy0": 0.0,
        "wz0": 6.63,
        "k_wz": 0.09,
        "k_theta": 0.02,
        "kwz": 0.312,
        "ktheta": 4.0,
        "k_ps": 4.0,
        "k_ph": 0.08,
        "k_wx": 0.001656,
        "k_wy": 0.312,
        "tend_under": 3.41,
        "T1": 25080.6,
        "T2": 6971.4
    },
    "dive_params": {
        "ship_L": 315.7728,
        "ship_M": 78000000.0,
        "ship_B": 76.8096,
        "ship_T": 10.8966,
        "burn_N": 3.0,
        "ship_if": 0,
        "ship_tpye": 0,
        "ship_x_x": 120.0,
        "ship_x_y": 0.0,
        "ship_x_z": 0.0,
        "ship_v_max": 46.0,
        "ship_a_max": 2.0,
        "air_t": 699.53,
        "air_L": 519.8217,
        "air_theta": -10.1,
        "air_v": 273.63
    },
    "ui_state": {
        "CurrentTab": 0,
        "VisualizationTab": 0
    },
    "config_version": "3.0",
    "timestamp": "2026-01-05 14:27:32"
}