  0.00000 138.77395   5.74011   0.00000   0.00000   0.00000 -40.83235  -3.71388   0.00000   0.00000  98.54578  -9.10752   0.00000  -0.04367   0.00673   0.00528 138.89262  -2.36858
  0.00020 138.79471   5.75003  -0.00005   0.00000  -0.00730 -39.76394  -3.72205   0.00000   0.00000  98.57355  -9.10818   0.00000  -0.04401   0.00639   0.00495 138.91376  -2.37231
  0.00040 138.81548   5.75945  -0.00010   0.00000  -0.01425 -38.69393  -3.73000  -0.00000   0.00000  98.60132  -9.10883  -0.00000  -0.04434   0.00606   0.00461 138.93491  -2.37584
  0.00060 138.83628   5.76835  -0.00015   0.00000  -0.02087 -37.62232  -3.73774  -0.00000   0.00000  98.62910  -9.10949  -0.00000  -0.04468   0.00572   0.00428 138.95606  -2.37915
  0.00080 138.85710   5.77674  -0.00020   0.00000  -0.02714 -36.54911  -3.74527  -0.00001   0.00000  98.65689  -9.11015  -0.00000  -0.04502   0.00539   0.00394 138.97721  -2.38225
  0.00100 138.87794   5.78462  -0.00026   0.00000  -0.03308 -35.47431  -3.75258  -0.00001   0.00000  98.68467  -9.11081  -0.00000  -0.04535   0.00505   0.00361 138.99836  -2.38514
  0.00120 138.89880   5.79199  -0.00031   0.00000  -0.03867 -34.39791  -3.75967  -0.00002   0.00000  98.71247  -9.11147  -0.00000  -0.04569   0.00472   0.00327 139.01951  -2.38781
  0.00140 138.91969   5.79884  -0.00036   0.00000  -0.04392 -33.31991  -3.76655  -0.00003   0.00000  98.74026  -9.11214  -0.00000  -0.04602   0.00438   0.00294 139.04066  -2.39027
  0.00160 138.94060   5.80517  -0.00041   0.00000  -0.04883 -32.24031  -3.77321  -0.00004   0.00000  98.76806  -9.11281  -0.00000  -0.04636   0.00405   0.00260 139.06182  -2.39252
  0.00180 138.96153   5.81099  -0.00046   0.00000  -0.05339 -31.15910  -3.77966  -0.00005   0.00000  98.79587  -9.11348  -0.00000  -0.04669   0.00371   0.00227 139.08298  -2.39456
  0.00200 138.98248   5.81629  -0.00050   0.00000  -0.05762 -30.07630  -3.78589  -0.00006   0.00000  98.82368  -9.11415  -0.00000  -0.04703   0.00338   0.00193 139.10413  -2.39638
  0.00220 139.00346   5.82103  -0.00055   0.00000  -0.06150 -28.99198  -3.79189  -0.00007   0.00000  98.85149  -9.11482  -0.00000  -0.04669   0.00304   0.00160 139.12529  -2.39797
  0.00240 139.02446   5.82528  -0.00060   0.00000  -0.06503 -27.90850  -3.79769  -0.00008   0.00000  98.87930  -9.11550  -0.00000  -0.04636   0.00271   0.00126 139.14645  -2.39935
  0.00260 139.04548   5.82899  -0.00064   0.00000  -0.06823 -26.82596  -3.80327  -0.00009   0.00000  98.90713  -9.11618  -0.00000  -0.04602   0.00237   0.00093 139.16760  -2.40052
  0.00280 139.06651   5.83217  -0.00068   0.00000  -0.07108 -25.74435  -3.80864  -0.00011   0.00000  98.93495  -9.11686  -0.00000  -0.04569   0.00204   0.00059 139.18876  -2.40146
  0.00300 139.08757   5.83482  -0.00072   0.00000  -0.07359 -24.66367  -3.81379  -0.00012   0.00000  98.96278  -9.11754  -0.00000  -0.04535   0.00170   0.00026 139.20991  -2.40219
  0.00320 139.10865   5.83694  -0.00076   0.00000  -0.07575 -23.58392  -3.81872  -0.00014   0.00000  98.99061  -9.11823  -0.00000  -0.04502   0.00137  -0.00008 139.23106  -2.40270
  0.00340 139.12975   5.83852  -0.00080   0.00000  -0.07769 -22.50511  -3.82344  -0.00015   0.00000  99.01845  -9.11892  -0.00000  -0.04468   0.00103  -0.00041 139.25221  -2.40298
  0.00360 139.15087   5.83958  -0.00084   0.00000  -0.07928 -21.42723  -3.82794  -0.00017   0.00000  99.04629  -9.11961  -0.00000  -0.04434   0.00070  -0.00008 139.27335  -2.40305
  0.00380 139.17201   5.84010  -0.00088   0.00000  -0.08121 -20.35029  -3.83222  -0.00018   0.00000  99.07414  -9.12030  -0.00000  -0.04401   0.00036  -0.00041 139.29449  -2.40290
  0.00400 139.19317   5.84010  -0.00091   0.00000  -0.08280 -19.27429  -3.83629  -0.00020   0.00000  99.10199  -9.12100  -0.00000  -0.04367   0.00003  -0.00008 139.31564  -2.40254
  0.00420 139.21436   5.83956  -0.00095   0.00000  -0.08473 -18.19922  -3.84015  -0.00022   0.00000  99.12984  -9.12169  -0.00000  -0.04334  -0.00031  -0.00041 139.33678  -2.40195
  0.00440 139.23556   5.83849  -0.00099   0.00000  -0.08632 -17.12509  -3.84379  -0.00023   0.00000  99.15770  -9.12239  -0.00000  -0.04300  -0.00064  -0.00075 139.35791  -2.40115
  0.00460 139.25678   5.83689  -0.00103   0.00000  -0.08756 -16.05189  -3.84721  -0.00025   0.00000  99.18557  -9.12309  -0.00000  -0.04267  -0.00031  -0.00041 139.37905  -2.40012
  0.00480 139.27802   5.83476  -0.00107   0.00000  -0.08915 -14.97964  -3.85042  -0.00027   0.00000  99.21343  -9.12380  -0.00000  -0.04233  -0.00064  -0.00075 139.40018  -2.39889
  0.00500 139.29928   5.83211  -0.00111   0.00000  -0.09039 -13.90832  -3.85342  -0.00029   0.00000  99.24130  -9.12450  -0.00000  -0.04200  -0.00031  -0.00041 139.42132  -2.39743
  0.00520 139.32056   5.82892  -0.00115   0.00000  -0.09197 -12.83795  -3.85620  -0.00030   0.00000  99.26918  -9.12521  -0.00000  -0.04166  -0.00064  -0.00075 139.44245  -2.39575
  0.00540 139.34186   5.82521  -0.00119   0.00000  -0.09321 -11.76852  -3.85877  -0.00032   0.00000  99.29706  -9.12592  -0.00000  -0.04133  -0.00031  -0.00041 139.46357  -2.39386
  0.00560 139.36319   5.82096  -0.00123   0.00000  -0.09479 -10.70003  -3.86112  -0.00034   0.00000  99.32494  -9.12664  -0.00000  -0.04099  -0.00064  -0.00075 139.48470  -2.39176
  0.00580 139.38453   5.81619  -0.00127   0.00000  -0.09602  -9.63248  -3.86326  -0.00036   0.00000  99.35283  -9.12735  -0.00000  -0.04066  -0.00031  -0.00041 139.50582  -2.38943
  0.00600 139.40589   5.81089  -0.00132   0.00000  -0.09760  -8.56587  -3.86519  -0.00038   0.00000  99.38072  -9.12807  -0.00000  -0.04032  -0.00064  -0.00075 139.52695  -2.38689
  0.00620 139.42727   5.80507  -0.00136   0.00000  -0.09883  -7.50021  -3.86690  -0.00040   0.00000  99.40862  -9.12879  -0.00000  -0.03999  -0.00031  -0.00041 139.54807  -2.38414
  0.00640 139.44868   5.79871  -0.00141   0.00000  -0.10041  -6.43550  -3.86840  -0.00042   0.00000  99.43652  -9.12951  -0.00000  -0.03965  -0.00064  -0.00075 139.56919  -2.38117
  0.00660 139.47010   5.79183  -0.00145   0.00000  -0.10164  -5.37173  -3.86969  -0.00044   0.00000  99.46442  -9.13024  -0.00000  -0.03932  -0.00031  -0.00041 139.59031  -2.37798
  0.00680 139.49154   5.78442  -0.00150   0.00000  -0.10321  -4.30890  -3.87076  -0.00046   0.00000  99.49233  -9.13096  -0.00000  -0.03898  -0.00064  -0.00075 139.61142  -2.37458
  0.00700 139.51300   5.77649  -0.00154   0.00000  -0.10444  -3.24703  -3.87163  -0.00048   0.00000  99.52024  -9.13169  -0.00000  -0.03865  -0.00031  -0.00041 139.63254  -2.37096
  0.00720 139.53448   5.76803  -0.00159   0.00000  -0.10601  -2.18610  -3.87228  -0.00050   0.00000  99.54816  -9.13242  -0.00000  -0.03831  -0.00064  -0.00075 139.65365  -2.36713
  0.00740 139.55598   5.75905  -0.00164   0.00000  -0.10724  -1.12612  -3.87271  -0.00052   0.00000  99.57608  -9.13316  -0.00000  -0.03798  -0.00031  -0.00041 139.67476  -2.36308
  0.00760 139.57750   5.74953  -0.00169   0.00000  -0.10881  -0.06709  -3.87294  -0.00054   0.00000  99.60401  -9.13389  -0.00000  -0.03764  -0.00064  -0.00075 139.69587  -2.35882
  0.00780 139.59904   5.73950  -0.00174   0.00000  -0.11003   0.99099  -3.87295  -0.00057   0.00000  99.63194  -9.13463  -0.00000  -0.03731  -0.00031  -0.00041 139.71698  -2.35434
  0.00800 139.62060   5.72894  -0.00179   0.00000  -0.11160   2.04812  -3.87275  -0.00059   0.00000  99.65987  -9.13537  -0.00000  -0.03697  -0.00064  -0.00075 139.73809  -2.34965
  0.00820 139.64218   5.71785  -0.00184   0.00000  -0.11281   3.10429  -3.87234  -0.00061   0.00000  99.68781  -9.13611  -0.00000  -0.03664  -0.00031  -0.00041 139.75919  -2.34475
  0.00840 139.66377   5.70624  -0.00189   0.00000  -0.11438   4.15952  -3.87172  -0.00063   0.00000  99.71575  -9.13686  -0.00000  -0.03630  -0.00064  -0.00075 139.78030  -2.33963
  0.00860 139.68539   5.69411  -0.00194   0.00000  -0.11560   5.21378  -3.87089  -0.00066   0.00000  99.74370  -9.13761  -0.00000  -0.03597  -0.00031  -0.00041 139.80140  -2.33430
  0.00880 139.70702   5.68145  -0.00199   0.00000  -0.11716   6.26710  -3.86985  -0.00068   0.00000  99.77165  -9.13836  -0.00000  -0.03563  -0.00064  -0.00075 139.82250  -2.32876
  0.00900 139.72868   5.66827  -0.00204   0.00000  -0.11837   7.31946  -3.86859  -0.00070   0.00000  99.79960  -9.13911  -0.00000  -0.03530  -0.00098  -0.00041 139.84360  -2.32300
  0.00920 139.75035   5.65456  -0.00210   0.00000  -0.11993   8.37086  -3.86713  -0.00073   0.00000  99.82756  -9.13986  -0.00000  -0.03496  -0.00064  -0.00075 139.86470  -2.31703
  0.00940 139.77204   5.64034  -0.00215   0.00000  -0.12114   9.42130  -3.86546  -0.00075   0.00000  99.85552  -9.14062  -0.00000  -0.03463  -0.00098  -0.00041 139.88579  -2.31085
  0.00960 139.79374   5.62559  -0.00221   0.00000  -0.12270  10.47079  -3.86357  -0.00077   0.00000  99.88349  -9.14138  -0.00000  -0.03429  -0.00064  -0.00075 139.90689  -2.30446
  0.00980 139.81547   5.61032  -0.00226   0.00000  -0.12391  11.51932  -3.86148  -0.00080   0.00000  99.91146  -9.14214  -0.00000  -0.03396  -0.00098  -0.00041 139.92798  -2.29785
  0.01000 139.83721   5.59452  -0.00232   0.00000  -0.12546  12.56689  -3.85917  -0.00082   0.00000  99.93943  -9.14290  -0.00000  -0.03362  -0.00064  -0.00075 139.94908  -2.29103
  0.01020 139.85897   5.57821  -0.00238   0.00000  -0.12667  13.61350  -3.85666  -0.00085   0.00000  99.96741  -9.14367  -0.00000  -0.03329  -0.00098  -0.00041 139.97017  -2.28400
  0.01040 139.88075   5.56137  -0.00244   0.00000  -0.12822  14.65915  -3.85394  -0.00087   0.00000  99.99540  -9.14444  -0.00000  -0.03295  -0.00064  -0.00075 139.99126  -2.27676
  0.01060 139.90254   5.54401  -0.00250   0.00000  -0.12942  15.70383  -3.85101  -0.00090   0.00000 100.02339  -9.14521  -0.00000  -0.03262  -0.00098  -0.00041 140.01235  -2.26931
  0.01080 139.92436   5.52614  -0.00256   0.00000  -0.13097  16.74755  -3.84787  -0.00093   0.00000 100.05138  -9.14598  -0.00000  -0.03228  -0.00064  -0.00075 140.03344  -2.26165
  0.01100 139.94619   5.50774  -0.00262   0.00000  -0.13217  17.79031  -3.84452  -0.00095   0.00000 100.07937  -9.14676  -0.00000  -0.03195  -0.00098  -0.00041 140.05453  -2.25378
  0.01120 139.94760   5.42531  -0.00266   0.00000  -0.13145  19.57563  -3.84096  -0.00098   0.00000 100.10737  -9.14753  -0.00000  -0.03161  -0.00064  -0.00075 140.05272  -2.22006
  0.01140 139.94904   5.34201  -0.00271   0.00000  -0.13037  21.35965  -3.83704  -0.00101   0.00000 100.13537  -9.14833  -0.00000  -0.03128  -0.00098  -0.00041 140.05096  -2.18598
  0.01160 139.95051   5.25783  -0.00275   0.00000  -0.12962  23.14236  -3.83277  -0.00103   0.00000 100.16337  -9.14913  -0.00000  -0.03094  -0.00064  -0.00075 140.04925  -2.15155
  0.01180 139.95202   5.17277  -0.00279   0.00000  -0.12852  24.92377  -3.82814  -0.00106   0.00000 100.19137  -9.14996  -0.00000  -0.03061  -0.00098  -0.00041 140.04758  -2.11675
  0.01200 139.95355   5.08684  -0.00284   0.00000  -0.12775  26.70388  -3.82316  -0.00108   0.00000 100.21937  -9.15079  -0.00000  -0.03027  -0.00064  -0.00075 140.04597  -2.08159
  0.01220 139.95512   5.00003  -0.00287   0.00000  -0.12661  28.48268  -3.81782  -0.00111   0.00000 100.24736  -9.15164  -0.00000  -0.02994  -0.00098  -0.00041 140.04440  -2.04607
  0.01240 139.95671   4.91234  -0.00291   0.00000  -0.12582  30.26018  -3.81212  -0.00113   0.00000 100.27536  -9.15251  -0.00000  -0.02960  -0.00064  -0.00075 140.04289  -2.01020
  0.01260 139.95832   4.82377  -0.00295   0.00000  -0.12466  32.03639  -3.80607  -0.00116   0.00000 100.30335  -9.15339  -0.00000  -0.02927  -0.00098  -0.00041 140.04142  -1.97396
  0.01280 139.95996   4.73574  -0.00298   0.00000  -0.12384  33.77134  -3.80007  -0.00118   0.00000 100.33135  -9.15429  -0.00000  -0.02893  -0.00064  -0.00075 140.04005  -1.93794
  0.01300 139.96169   4.64635  -0.00302   0.00000  -0.12266  35.45240  -3.79331  -0.00121   0.00000 100.35934  -9.15520  -0.00000  -0.02860  -0.00098  -0.00041 140.03879  -1.90136
  0.01320 139.96347   4.55661  -0.00305   0.00000  -0.12181  37.08138  -3.78622  -0.00123   0.00000 100.38733  -9.15612  -0.00000  -0.02826  -0.00064  -0.00075 140.03763  -1.86465
  0.01340 139.96532   4.46657  -0.00308   0.00000  -0.12061  38.65811  -3.77881  -0.00126   0.00000 100.41532  -9.15706  -0.00000  -0.02792  -0.00098  -0.00041 140.03657  -1.82780
  0.01360 139.96721   4.37625  -0.00310   0.00000  -0.11974  40.18243  -3.77108  -0.00128   0.00000 100.44331  -9.15801  -0.00000  -0.02759  -0.00064  -0.00075 140.03561  -1.79084
  0.01380 139.96897   4.29041  -0.00313   0.00000  -0.11851  41.68983  -3.76508  -0.00131   0.00000 100.47131  -9.15898  -0.00000  -0.02725  -0.00098  -0.00041 140.03471  -1.75571
  0.01400 139.97086   4.19874  -0.00315   0.00000  -0.11761  43.19598  -3.75674  -0.00133   0.00000 100.49929  -9.15996  -0.00000  -0.02692  -0.00064  -0.00075 140.03383  -1.71820
  0.01420 139.97273   4.10622  -0.00317   0.00000  -0.11635  44.71186  -3.74810  -0.00135   0.00000 100.52728  -9.16096  -0.00000  -0.02658  -0.00098  -0.00041 140.03294  -1.68034
  0.01440 139.97456   4.01285  -0.00319   0.00000  -0.11541  46.23757  -3.73916  -0.00138   0.00000 100.55527  -9.16197  -0.00000  -0.02625  -0.00064  -0.00075 140.03207  -1.64213
  0.01460 139.97636   3.91861  -0.00321   0.00000  -0.11410  47.77322  -3.72991  -0.00140   0.00000 100.58326  -9.16299  -0.00000  -0.02591  -0.00098  -0.00041 140.03120  -1.60357
  0.01480 139.97789   3.83220  -0.00323   0.00000  -0.11311  49.33708  -3.72391  -0.00142   0.00000 100.61125  -9.16403  -0.00000  -0.02558  -0.00064  -0.00075 140.03034  -1.56821
  0.01500 139.97964   3.73613  -0.00324   0.00000  -0.11176  50.90169  -3.71404  -0.00145   0.00000 100.63923  -9.16509  -0.00000  -0.02524  -0.00098  -0.00041 140.02949  -1.52889
  0.01520 139.98135   3.63908  -0.00325   0.00000  -0.11074  52.48646  -3.70386  -0.00147   0.00000 100.66722  -9.16615  -0.00000  -0.02491  -0.00064  -0.00075 140.02865  -1.48918
  0.01540 139.98304   3.54103  -0.00326   0.00000  -0.10934  54.09161  -3.69336  -0.00149   0.00000 100.69520  -9.16724  -0.00000  -0.02457  -0.00098  -0.00041 140.02782  -1.44905
  0.01560 139.98470   3.44198  -0.00327   0.00000  -0.10827  55.71738  -3.68254  -0.00151   0.00000 100.72319  -9.16833  -0.00000  -0.02424  -0.00064  -0.00075 140.02701  -1.40852
  0.01580 139.98601   3.35450  -0.00327   0.00000  -0.10682  57.38895  -3.67654  -0.00153   0.00000 100.75117  -9.16944  -0.00000  -0.02390  -0.00098  -0.00041 140.02619  -1.37272
  0.01600 139.98764   3.25357  -0.00328   0.00000  -0.10570  59.03837  -3.66507  -0.00156   0.00000 100.77915  -9.17057  -0.00000  -0.02357  -0.00064  -0.00075 140.02544  -1.33142
  0.01620 139.98927   3.15177  -0.00328   0.00000  -0.10421  60.69117  -3.65326  -0.00158   0.00000 100.80714  -9.17171  -0.00000  -0.02323  -0.00098  -0.00041 140.02474  -1.28976
  0.01640 139.99090   3.04912  -0.00327   0.00000  -0.10305  62.34738  -3.64112  -0.00160   0.00000 100.83512  -9.17287  -0.00000  -0.02290  -0.00064  -0.00075 140.02411  -1.24775
  0.01660 139.99254   2.94560  -0.00327   0.00000  -0.10151  64.00705  -3.62865  -0.00162   0.00000 100.86310  -9.17404  -0.00000  -0.02256  -0.00098  -0.00041 140.02353  -1.20539
  0.01680 139.99418   2.84122  -0.00326   0.00000  -0.10030  65.66921  -3.61585  -0.00164   0.00000 100.89108  -9.17522  -0.00000  -0.02223  -0.00064  -0.00075 140.02301  -1.16267
  0.01700 139.99547   2.75351  -0.00325   0.00000  -0.09871  67.36280  -3.60985  -0.00166   0.00000 100.91906  -9.17642  -0.00000  -0.02189  -0.00031  -0.00041 140.02254  -1.12678
  0.01720 139.99712   2.64758  -0.00323   0.00000  -0.09744  69.01233  -3.59638  -0.00168   0.00000 100.94703  -9.17763  -0.00000  -0.02156  -0.00064  -0.00075 140.02216  -1.08343
  0.01740 139.99879   2.54088  -0.00321   0.00000  -0.09580  70.65504  -3.58258  -0.00170   0.00000 100.97501  -9.17886  -0.00000  -0.02122  -0.00031  -0.00041 140.02185  -1.03977
  0.01760 140.00046   2.43343  -0.00319   0.00000  -0.09447  72.29088  -3.56844  -0.00172   0.00000 101.00299  -9.18010  -0.00000  -0.02089  -0.00064  -0.00075 140.02161  -0.99579
  0.01780 140.00213   2.32523  -0.00317   0.00000  -0.09276  73.91964  -3.55399  -0.00174   0.00000 101.03096  -9.18136  -0.00000  -0.02055  -0.00031  -0.00041 140.02144  -0.95151
  0.01800 140.00379   2.21628  -0.00314   0.00000  -0.09135  75.54095  -3.53920  -0.00175   0.00000 101.05894  -9.18263  -0.00000  -0.02022  -0.00064  -0.00075 140.02133  -0.90692
  0.01820 140.00511   2.12885  -0.00311   0.00000  -0.08957  77.20353  -3.53320  -0.00177   0.00000 101.08691  -9.18392  -0.00000  -0.01988  -0.00031  -0.00041 140.02129  -0.87114
  0.01840 140.00670   2.01838  -0.00307   0.00000  -0.08804  78.81108  -3.51776  -0.00179   0.00000 101.11489  -9.18522  -0.00000  -0.01955  -0.00064  -0.00075 140.02125  -0.82594
  0.01860 140.00827   1.90719  -0.00303   0.00000  -0.08599  80.41106  -3.50200  -0.00181   0.00000 101.14286  -9.18653  -0.00000  -0.01921  -0.00031  -0.00041 140.02126  -0.78043
  0.01880 140.00995   1.79613  -0.00298   0.00000  -0.08437  81.91429  -3.48592  -0.00183   0.00000 101.17083  -9.18786  -0.00000  -0.01888  -0.00064  -0.00075 140.02147  -0.73498
  0.01900 140.01179   1.68563  -0.00292   0.00000  -0.08231  83.28121  -3.46953  -0.00184   0.00000 101.19881  -9.18921  -0.00000  -0.01854  -0.00031  -0.00041 140.02194  -0.68976
  0.01920 140.01379   1.57576  -0.00287   0.00000  -0.08064  84.51255  -3.45288  -0.00186   0.00000 101.22678  -9.19056  -0.00000  -0.01821  -0.00064  -0.00075 140.02266  -0.64480
  0.01940 140.01562   1.49300  -0.00280   0.00000  -0.07849  85.69047  -3.44688  -0.00188   0.00000 101.25475  -9.19194  -0.00000  -0.01787  -0.00031  -0.00041 140.02358  -0.61093
  0.01960 140.01786   1.38416  -0.00273   0.00000  -0.07673  86.68992  -3.42974  -0.00189   0.00000 101.28272  -9.19332   0.00000  -0.01754  -0.00064  -0.00075 140.02470  -0.56639
  0.01980 140.02010   1.27502  -0.00265   0.00000  -0.07443  87.66766  -3.41240  -0.00191   0.00000 101.31069  -9.19472   0.00000  -0.01720  -0.00031  -0.00041 140.02590  -0.52172
  0.02000 140.02236   1.16559  -0.00256   0.00000  -0.07253  88.62362  -3.39487  -0.00192   0.00000 101.33866  -9.19613   0.00000  -0.01687  -0.00064  -0.00075 140.02721  -0.47694
  0.02020 140.02465   1.05588  -0.00247   0.00000  -0.07010  89.55776  -3.37714  -0.00194   0.00000 101.36663  -9.19756   0.00000  -0.01653  -0.00031  -0.00041 140.02863  -0.43204
  0.02040 140.02697   0.94591  -0.00237   0.00000  -0.06802  90.47002  -3.35923  -0.00195   0.00000 101.39460  -9.19900   0.00000  -0.01620  -0.00064  -0.00075 140.03017  -0.38704
  0.02060 140.02910   0.86518  -0.00225   0.00000  -0.06542  91.43130  -3.35323  -0.00196   0.00000 101.42256  -9.20045   0.00000  -0.01586  -0.00031  -0.00041 140.03177  -0.35400
  0.02080 140.03141   0.75450  -0.00213   0.00000  -0.06316  92.31696  -3.33495  -0.00198   0.00000 101.45053  -9.20191   0.00000  -0.01553  -0.00064  -0.00075 140.03345  -0.30871
  0.02100 140.03371   0.64349  -0.00198   0.00000  -0.06030  93.18952  -3.31648  -0.00199   0.00000 101.47850  -9.20339   0.00000  -0.01519  -0.00031  -0.00041 140.03519  -0.26329
  0.02120 140.03599   0.53216  -0.00183   0.00000  -0.05766  94.04896  -3.29784  -0.00200   0.00000 101.50647  -9.20489   0.00000  -0.01486  -0.00064  -0.00075 140.03700  -0.21773
  0.02140 140.03824   0.42052  -0.00165   0.00000  -0.05431  94.89523  -3.27903  -0.00201   0.00000 101.53443  -9.20639   0.00000  -0.01452  -0.00031  -0.00041 140.03887  -0.17205
  0.02160 140.04047   0.30855  -0.00144   0.00000  -0.05105  95.72932  -3.26006  -0.00202   0.00000 101.56240  -9.20791   0.00001  -0.01419  -0.00064  -0.00075 140.04081  -0.12624
  0.02180 140.04259   0.22840  -0.00117   0.00000  -0.04682  96.62238  -3.25406  -0.00203   0.00000 101.59037  -9.20944   0.00001  -0.01385  -0.00031  -0.00041 140.04277  -0.09345
  0.02200 140.04482   0.11575  -0.00088   0.00000  -0.04271  97.43527  -3.23473  -0.00204   0.00000 101.61833  -9.21098   0.00001  -0.01352  -0.00064  -0.00008 140.04487  -0.04736
  0.02220 140.04706   0.00280  -0.00043   0.00000  -0.03713  98.23594  -3.21524  -0.00205   0.00000 101.64630  -9.21254   0.00001  -0.01318  -0.00031  -0.00041 140.04706  -0.00115
  0.02240 140.04928  -0.10970   0.00925   0.00000   0.07615  99.01537  -3.19560  -0.00206   0.00000 101.67426  -9.21411   0.00001  -0.01285  -0.00064  -0.00008 140.04932   0.04488
  0.02260 140.05146  -0.22301   0.01461   0.00000   0.13818  99.78868  -3.17579  -0.00204   0.00000 101.70223  -9.21569   0.00001  -0.01251  -0.00031  -0.00041 140.05163   0.09123
  0.02280 140.05359  -0.33669   0.01882   0.00000   0.18674 100.55077  -3.15584  -0.00202   0.00000 101.73019  -9.21729   0.00002  -0.01218  -0.00064  -0.00008 140.05400   0.13774
  0.02300 140.05567  -0.41619   0.02245   0.00000   0.22814 101.37725  -3.14984  -0.00198   0.00000 101.75816  -9.21890   0.00002  -0.01184  -0.00031   0.00026 140.05629   0.17026
  0.02320 140.05773  -0.53053   0.02597   0.00000   0.26755 102.11857  -3.12956  -0.00193   0.00000 101.78612  -9.22052   0.00003  -0.01150   0.00003   0.00059 140.05874   0.21703
  0.02340 140.06101  -0.64002   0.02893   0.00000   0.30638 102.92023  -3.10914  -0.00188   0.00000 101.81409  -9.22216   0.00003  -0.01117   0.00036   0.00093 140.06247   0.26181
  0.02360 140.06423  -0.74980   0.03170   0.00000   0.34182 103.70910  -3.08855  -0.00182   0.00000 101.84205  -9.22380   0.00004  -0.01083   0.00070   0.00059 140.06624   0.30672
  0.02380 140.06740  -0.85988   0.03432   0.00000   0.37521 104.48509  -3.06781  -0.00175   0.00000 101.87002  -9.22546   0.00005  -0.01050   0.00036   0.00093 140.07005   0.35174
  0.02400 140.07052  -0.97024   0.03681   0.00000   0.40631 105.24815  -3.04691  -0.00167   0.00000 101.89798  -9.22713   0.00005  -0.01016   0.00070   0.00059 140.07389   0.39687
  0.02420 140.07383  -1.04409   0.03920   0.00000   0.43613 106.07948  -3.04091  -0.00159   0.00000 101.92594  -9.22882   0.00006  -0.00983   0.00103   0.00093 140.07773   0.42707
  0.02440 140.07683  -1.15499   0.04158   0.00000   0.46528 106.81196  -3.01970  -0.00151   0.00000 101.95391  -9.23051   0.00007  -0.00949   0.00137   0.00126 140.08160   0.47242
  0.02460 140.08131  -1.26100   0.04371   0.00000   0.50737 107.93017  -2.99834  -0.00141   0.00000 101.98187  -9.23222   0.00008  -0.00916   0.00170   0.00160 140.08700   0.51576
  0.02480 140.08571  -1.36738   0.04578   0.00000   0.54746 109.02733  -2.97675  -0.00131   0.00000 102.00984  -9.23394   0.00009  -0.00882   0.00137   0.00193 140.09239   0.55925
  0.02500 140.09002  -1.47412   0.04780   0.00000   0.58576 110.10334  -2.95494  -0.00120   0.00000 102.03780  -9.23566   0.00010  -0.00849   0.00170   0.00160 140.09779   0.60288
  0.02520 140.09420  -1.58074   0.04979   0.00000   0.62311 111.10965  -2.93292  -0.00108   0.00000 102.06577  -9.23740   0.00011  -0.00815   0.00137   0.00193 140.10312   0.64646
  0.02540 140.09866  -1.64726   0.05174   0.00000   0.65897 112.10595  -2.92692  -0.00096   0.00000 102.09373  -9.23915   0.00012  -0.00782   0.00170   0.00227 140.10835   0.67364
  0.02560 140.10250  -1.75284   0.05370   0.00000   0.69439 112.89956  -2.90450  -0.00083   0.00000 102.12170  -9.24091   0.00013  -0.00748   0.00204   0.00260 140.11347   0.71680
  0.02580 140.10698  -1.85659   0.05561   0.00000   0.75972 114.58461  -2.88192  -0.00069   0.00000 102.14967  -9.24268   0.00014  -0.00715   0.00237   0.00294 140.11929   0.75920
  0.02600 140.11125  -1.95995   0.05751   0.00000   0.82317 116.14232  -2.85901  -0.00054   0.00000 102.17763  -9.24446   0.00015  -0.00681   0.00271   0.00260 140.12497   0.80143
  0.02620 140.11538  -2.06338   0.05942   0.00000   0.88561 117.62633  -2.83578  -0.00037   0.00000 102.20560  -9.24625   0.00016  -0.00648   0.00304   0.00294 140.13059   0.84370
  0.02640 140.11945  -2.16750   0.06132   0.00000   0.94645 119.10329  -2.81225  -0.00019   0.00000 102.23357  -9.24805   0.00018  -0.00614   0.00271   0.00260 140.13623   0.88623
  0.02660 140.12414  -2.22870   0.06322   0.00000   1.00650 120.66788  -2.80625  -0.00000   0.00000 102.26154  -9.24986   0.00019  -0.00581   0.00304   0.00294 140.14188   0.91122
  0.02680 140.12811  -2.33424   0.06516   0.00000   1.06638 122.13308  -2.78212   0.00020   0.00000 102.28951  -9.25167   0.00020  -0.00547   0.00338   0.00327 140.14757   0.95434
  0.02700 140.13067  -2.44107   0.06712   0.00000   1.16407 124.99092  -2.75769   0.00041   0.00000 102.31748  -9.25350   0.00021  -0.00514   0.00371   0.00361 140.15195   0.99799
  0.02720 140.13315  -2.54924   0.06910   0.00000   1.25988 127.84176  -2.73269   0.00064   0.00000 102.34545  -9.25534   0.00023  -0.00480   0.00405   0.00394 140.15635   1.04219
  0.02740 140.13554  -2.65877   0.07110   0.00000   1.35392 130.68585  -2.70713   0.00090   0.00000 102.37342  -9.25718   0.00024  -0.00447   0.00438   0.00428 140.16078   1.08693
  0.02760 140.13785  -2.76965   0.07313   0.00000   1.44628 133.52311  -2.68099   0.00117   0.00000 102.40139  -9.25904   0.00025  -0.00413   0.00472   0.00461 140.16524   1.13223
  0.02780 140.14108  -2.83122   0.07518   0.00000   1.53704 136.46322  -2.67499   0.00146   0.00000 102.42936  -9.26090   0.00027  -0.00380   0.00505   0.00495 140.16970   1.15737
  0.02800 140.14324  -2.94486   0.07728   0.00000   1.62800 139.28921  -2.64770   0.00176   0.00000 102.45733  -9.26278   0.00028  -0.00346   0.00539   0.00528 140.17420   1.20379
  0.02820 140.14927  -3.04470   0.07900   0.00000   1.71383 141.98886  -2.61984   0.00209   0.00000 102.48530  -9.26466   0.00030  -0.00313   0.00572   0.00562 140.18237   1.24454
  0.02840 140.15523  -3.14593   0.08076   0.00000   1.79827 144.69220  -2.59144   0.00243   0.00000 102.51328  -9.26655   0.00031  -0.00279   0.00606   0.00595 140.19056   1.28585
  0.02860 140.16111  -3.24854   0.08255   0.00000   1.88139 147.39928  -2.56250   0.00279   0.00000 102.54125  -9.26844   0.00033  -0.00246   0.00639   0.00629 140.19877   1.32772
  0.02880 140.16690  -3.35253   0.08436   0.00000   1.96324 150.11017  -2.53302   0.00317   0.00000 102.56923  -9.27035   0.00034  -0.00212   0.00673   0.00662 140.20701   1.37015
  0.02900 140.17402  -3.39909   0.08620   0.00000   2.04387 152.94784  -2.52702   0.00356   0.00000 102.59720  -9.27226   0.00036  -0.00179   0.00706   0.00696 140.21525   1.38910
  0.02920 140.17968  -3.50594   0.08808   0.00000   2.12483 155.66897  -2.49643   0.00397   0.00000 102.62518  -9.27417   0.00037  -0.00145   0.00740   0.00729 140.22354   1.43269
  0.02940 140.19404  -3.57761   0.08907   0.00000   2.11925 155.04670  -2.46530   0.00440   0.00000 102.65316  -9.27609   0.00039  -0.00112   0.00773   0.00763 140.23971   1.46181
  0.02960 140.20840  -3.64914   0.09006   0.00000   2.11328 154.43876  -2.43429   0.00482   0.00000 102.68114  -9.27801   0.00040  -0.00078   0.00807   0.00796 140.25591   1.49087
  0.02980 140.22275  -3.72053   0.09105   0.00000   2.10691 153.84513  -2.40340   0.00524   0.00000 102.70913  -9.27993   0.00042  -0.00045   0.00840   0.00830 140.27213   1.51987
  0.03000 140.23710  -3.79181   0.09202   0.00000   2.10016 153.26577  -2.37263   0.00567   0.00000 102.73711  -9.28185   0.00044  -0.00011   0.00874   0.00863 140.28839   1.54882
  0.03020 140.25308  -3.80248   0.09299   0.00000   2.09300 152.81878  -2.36663   0.00609   0.00000 102.76511  -9.28377   0.00045   0.00022   0.00907   0.00897 140.30464   1.55300
  0.03040 140.26742  -3.87345   0.09395   0.00000   2.08553 152.25535  -2.33607   0.00651   0.00000 102.79310  -9.28569   0.00047  -0.00011   0.00941   0.00930 140.32092   1.58181
  0.03060 140.28321  -3.94312   0.09488   0.00000   2.07366 151.54703  -2.30562   0.00692   0.00000 102.82110  -9.28761   0.00048   0.00022   0.00974   0.00964 140.33864   1.61006
  0.03080 140.29899  -4.01253   0.09580   0.00000   2.06143 150.84634  -2.27531   0.00734   0.00000 102.84910  -9.28952   0.00050  -0.00011   0.01008   0.00997 140.35639   1.63820
  0.03100 140.31478  -4.08168   0.09671   0.00000   2.04884 150.15411  -2.24514   0.00775   0.00000 102.87711  -9.29144   0.00051   0.00022   0.01041   0.01031 140.37417   1.66623
  0.03120 140.33057  -4.15059   0.09761   0.00000   2.03589 149.46945  -2.21511   0.00816   0.00000 102.90512  -9.29336   0.00053  -0.00011   0.01075   0.01064 140.39198   1.69416
  0.03140 140.34810  -4.16063   0.09850   0.00000   2.02258 148.91212  -2.20911   0.00857   0.00000 102.93313  -9.29527   0.00055   0.00022   0.01041   0.01031 140.40979   1.69804
  0.03160 140.36390  -4.22902   0.09938   0.00000   2.00960 148.23637  -2.17933   0.00897   0.00000 102.96115  -9.29718   0.00056  -0.00011   0.01075   0.01064 140.42763   1.72574
  0.03180 140.37892  -4.29767   0.10027   0.00000   1.99805 147.64200  -2.14968   0.00938   0.00000 102.98917  -9.29910   0.00058   0.00022   0.01041   0.01031 140.44473   1.75355
  0.03200 140.39394  -4.36611   0.10116   0.00000   1.98683 147.05517  -2.12015   0.00978   0.00000 103.01719  -9.30101   0.00059  -0.00011   0.01075   0.01064 140.46185   1.78127
  0.03220 140.40896  -4.43429   0.10204   0.00000   1.97524 146.47129  -2.09074   0.01017   0.00000 103.04522  -9.30292   0.00061   0.00022   0.01041   0.01031 140.47900   1.80887
  0.03240 140.42393  -4.50183   0.10291   0.00000   1.96397 145.84863  -2.06144   0.01057   0.00000 103.07325  -9.30483   0.00062  -0.00011   0.01075   0.01064 140.49611   1.83621
  0.03260 140.44070  -4.51211   0.10378   0.00000   1.95234 145.33283  -2.05544   0.01096   0.00000 103.10128  -9.30674   0.00064   0.00022   0.01041   0.01031 140.51320   1.84018
  0.03280 140.45562  -4.57868   0.10464   0.00000   1.94106 144.66663  -2.02638   0.01135   0.00000 103.12932  -9.30865   0.00065  -0.00011   0.01008   0.00997 140.53026   1.86711
  0.03300 140.46670  -4.66223   0.10590   0.00000   1.97183 145.77356  -1.99744   0.01174   0.00000 103.15736  -9.31056   0.00067   0.00022   0.01041   0.01031 140.54409   1.90101
  0.03320 140.47769  -4.74588   0.10718   0.00000   2.00198 146.83296  -1.96829   0.01214   0.00000 103.18541  -9.31247   0.00068  -0.00011   0.01008   0.00997 140.55788   1.93494
  0.03340 140.48859  -4.82960   0.10846   0.00000   2.03224 147.84565  -1.93892   0.01254   0.00000 103.21345  -9.31438   0.00070   0.00022   0.01041   0.01031 140.57162   1.96889
  0.03360 140.49940  -4.91336   0.10976   0.00000   2.06190 148.81071  -1.90935   0.01294   0.00000 103.24150  -9.31630   0.00072  -0.00011   0.01008   0.00997 140.58532   2.00286
  0.03380 140.51219  -4.93918   0.11107   0.00000   2.09169 149.88725  -1.90335   0.01336   0.00000 103.26955  -9.31822   0.00073   0.00022   0.01041   0.01031 140.59901   2.01319
  0.03400 140.52289  -5.02384   0.11240   0.00000   2.12141 150.84013  -1.87338   0.01377   0.00000 103.29761  -9.32014   0.00075  -0.00011   0.01075   0.01064 140.61271   2.04751
  0.03420 140.52565  -5.04606   0.11234   0.00000   2.02188 146.01248  -1.84321   0.01420   0.00000 103.32566  -9.32206   0.00076   0.00022   0.01108   0.01098 140.61627   2.05652
  0.03440 140.52850  -5.06592   0.11223   0.00000   1.92241 141.18409  -1.81401   0.01460   0.00000 103.35372  -9.32397   0.00078  -0.00011   0.01075   0.01064 140.61982   2.06457
  0.03460 140.53142  -5.08341   0.11209   0.00000   1.82372 136.35585  -1.78577   0.01499   0.00000 103.38178  -9.32588   0.00079   0.00022   0.01108   0.01098 140.62337   2.07164
  0.03480 140.53442  -5.09852   0.11190   0.00000   1.72507 131.52687  -1.75850   0.01535   0.00000 103.40984  -9.32777   0.00081  -0.00011   0.01075   0.01064 140.62692   2.07775
  0.03500 140.53932  -5.06143   0.11166   0.00000   1.62717 126.80342  -1.75250   0.01570   0.00000 103.43790  -9.32965   0.00082   0.00022   0.01041   0.01031 140.63048   2.06258
  0.03520 140.54251  -5.07185   0.11138   0.00000   1.52917 121.97388  -1.72714   0.01602   0.00000 103.46597  -9.33152   0.00084  -0.00011   0.01008   0.00997 140.63404   2.06678
  0.03540 140.54430  -5.07100   0.11086   0.00000   1.43780 117.40647  -1.70274   0.01633   0.00000 103.49403  -9.33338   0.00085   0.00022   0.00974   0.00964 140.63580   2.06640
  0.03560 140.54618  -5.06790   0.11031   0.00000   1.34713 112.83845  -1.67926   0.01662   0.00000 103.52210  -9.33523   0.00087  -0.00011   0.00941   0.00930 140.63757   2.06511
  0.03580 140.54815  -5.06255   0.10972   0.00000   1.25716 108.27071  -1.65669   0.01689   0.00000 103.55017  -9.33707   0.00088   0.00022   0.00907   0.00897 140.63934   2.06291
  0.03600 140.55020  -5.05497   0.10910   0.00000   1.16788 103.70236  -1.63504   0.01714   0.00000 103.57824  -9.33889   0.00089  -0.00011   0.00874   0.00930 140.64111   2.05979
  0.03620 140.55364  -5.00895   0.10843   0.00000   1.07858  99.21075  -1.62904   0.01737   0.00000 103.60631  -9.34070   0.00091   0.00022   0.00840   0.00897 140.64291   2.04100
  0.03640 140.55589  -4.99692   0.10772   0.00000   0.98941  94.64210  -1.60920   0.01759   0.00000 103.63438  -9.34251   0.00092  -0.00011   0.00807   0.00863 140.64472   2.03607
  0.03660 140.55938  -4.98332   0.10699   0.00000   0.92704  91.29045  -1.59027   0.01779   0.00000 103.66245  -9.34429   0.00093   0.00022   0.00773   0.00830 140.64773   2.03048
  0.03680 140.56295  -4.96808   0.10623   0.00000   0.86523  87.93819  -1.57201   0.01797   0.00000 103.69052  -9.34607   0.00095  -0.00011   0.00740   0.00796 140.65076   2.02423
  0.03700 140.56658  -4.95118   0.10546   0.00000   0.80399  84.58618  -1.55442   0.01814   0.00000 103.71860  -9.34783   0.00096   0.00022   0.00706   0.00763 140.65379   2.01730
  0.03720 140.57028  -4.93264   0.10466   0.00000   0.74331  81.23355  -1.53751   0.01830   0.00000 103.74667  -9.34959   0.00097  -0.00011   0.00673   0.00729 140.65684   2.00970
  0.03740 140.57493  -4.88730   0.10383   0.00000   0.68317  77.93430  -1.53151   0.01845   0.00000 103.77475  -9.35133   0.00098   0.00022   0.00639   0.00696 140.65990   1.99117
  0.03760 140.57877  -4.86549   0.10299   0.00000   0.62332  74.58131  -1.51592   0.01859   0.00000 103.80283  -9.35306   0.00099  -0.00011   0.00606   0.00662 140.66298   1.98224
  0.03780 140.58223  -4.84226   0.10212   0.00000   0.58351  72.15679  -1.50100   0.01872   0.00000 103.83091  -9.35477   0.00101   0.00022   0.00572   0.00629 140.66563   1.97273
  0.03800 140.58574  -4.81797   0.10124   0.00000   0.54417  69.74544  -1.48657   0.01883   0.00000 103.85899  -9.35648   0.00102  -0.00011   0.00539   0.00595 140.66831   1.96280
  0.03820 140.58932  -4.79263   0.10034   0.00000   0.50530  67.34875  -1.47262   0.01894   0.00000 103.88707  -9.35817   0.00103   0.00022   0.00505   0.00562 140.67102   1.95243
  0.03840 140.59295  -4.76626   0.09944   0.00000   0.46690  64.96642  -1.45915   0.01904   0.00000 103.91516  -9.35985   0.00104  -0.00011   0.00472   0.00528 140.67375   1.94165
  0.03860 140.59724  -4.72177   0.09852   0.00000   0.42896  62.64342  -1.45315   0.01914   0.00000 103.94324  -9.36152   0.00105   0.00022   0.00438   0.00495 140.67654   1.92348
  0.03880 140.60100  -4.69349   0.09759   0.00000   0.39138  60.30214  -1.44062   0.01922   0.00000 103.97133  -9.36318   0.00106  -0.00011   0.00405   0.00461 140.67935   1.91191
  0.03900 140.60366  -4.66134   0.09659   0.00000   0.36563  58.52011  -1.42856   0.01930   0.00000 103.99942  -9.36482   0.00107   0.00022   0.00371   0.00428 140.68093   1.89880
  0.03920 140.60636  -4.62851   0.09558   0.00000   0.34032  56.75622  -1.41686   0.01937   0.00000 104.02751  -9.36646   0.00108  -0.00011   0.00338   0.00394 140.68255   1.88539
  0.03940 140.60912  -4.59498   0.09457   0.00000   0.31542  55.01173  -1.40551   0.01944   0.00000 104.05560  -9.36808   0.00109   0.00022   0.00304   0.00361 140.68421   1.87171
  0.03960 140.61193  -4.56080   0.09355   0.00000   0.29096  53.28615  -1.39451   0.01950   0.00000 104.08369  -9.36968   0.00110  -0.00011   0.00271   0.00327 140.68591   1.85776
  0.03980 140.61517  -4.51456   0.09253   0.00000   0.26691  51.60969  -1.38851   0.01956   0.00000 104.11178  -9.37128   0.00111   0.00022   0.00237   0.00294 140.68765   1.83889
  0.04000 140.61809  -4.47914   0.09150   0.00000   0.24323  49.93039  -1.37818   0.01962   0.00000 104.13987  -9.37287   0.00112  -0.00011   0.00204   0.00260 140.68944   1.82444
  0.04020 140.62033  -4.44050   0.09041   0.00000   0.22266  48.40019  -1.36820   0.01966   0.00000 104.16796  -9.37444   0.00113   0.00022   0.00170   0.00227 140.69045   1.80868
  0.04040 140.62261  -4.40133   0.08932   0.00000   0.20251  46.89176  -1.35852   0.01971   0.00000 104.19606  -9.37600   0.00113  -0.00011   0.00204   0.00193 140.69150   1.79271
  0.04060 140.62495  -4.36163   0.08822   0.00000   0.18276  45.40579  -1.34914   0.01975   0.00000 104.22416  -9.37754   0.00114   0.00022   0.00170   0.00160 140.69260   1.77652
  0.04080 140.62730  -4.32115   0.08713   0.00000   0.16343  43.91451  -1.34006   0.01979   0.00000 104.25225  -9.37908   0.00115  -0.00011   0.00204   0.00193 140.69370   1.76001
  0.04100 140.62987  -4.27304   0.08602   0.00000   0.14382  42.43248  -1.33406   0.01982   0.00000 104.28035  -9.38060   0.00116   0.00022   0.00170   0.00160 140.69480   1.74040
  0.04120 140.63225  -4.23099   0.08491   0.00000   0.12459  40.93034  -1.32557   0.01985   0.00000 104.30845  -9.38211   0.00117  -0.00011   0.00137   0.00126 140.69591   1.72325
  0.04140 140.63451  -4.18758   0.08379   0.00000   0.10594  39.43166  -1.31739   0.01987   0.00000 104.33655  -9.38361   0.00117   0.00022   0.00103   0.00093 140.69686   1.70556
  0.04160 140.63677  -4.14339   0.08267   0.00000   0.08771  37.92721  -1.30950   0.01989   0.00000 104.36465  -9.38509   0.00118  -0.00011   0.00137   0.00126 140.69782   1.68754
  0.04180 140.63905  -4.09839   0.08153   0.00000   0.06919  36.41779  -1.30191   0.01991   0.00000 104.39275  -9.38656   0.00119   0.00022   0.00103   0.00093 140.69878   1.66920
  0.04200 140.64134  -4.05261   0.08040   0.00000   0.05107  34.90243  -1.29463   0.01992   0.00000 104.42085  -9.38802   0.00119  -0.00011   0.00137   0.00126 140.69974   1.65053
  0.04220 140.64371  -4.00361   0.07925   0.00000   0.03266  33.38675  -1.28863   0.01993   0.00000 104.44895  -9.38946   0.00120   0.00022   0.00103   0.00093 140.70071   1.63056
  0.04240 140.64603  -3.95621   0.07810   0.00000   0.01464  31.85978  -1.28195   0.01994   0.00000 104.47706  -9.39090   0.00121  -0.00011   0.00070   0.00059 140.70168   1.61124
  0.04260 140.64778  -3.90573   0.07691   0.00000  -0.00227  30.36014  -1.27558   0.01994   0.00000 104.50516  -9.39232   0.00121   0.00022   0.00036   0.00093 140.70203   1.59067
  0.04280 140.64955  -3.85444   0.07570   0.00000  -0.01949  28.85270  -1.26951   0.01994   0.00000 104.53327  -9.39373   0.00122  -0.00011   0.00070   0.00059 140.70238   1.56977
  0.04300 140.65133  -3.80230   0.07450   0.00000  -0.03630  27.33409  -1.26374   0.01994   0.00000 104.56137  -9.39512   0.00122   0.00022   0.00036   0.00093 140.70274   1.54853
  0.04320 140.65312  -3.74929   0.07328   0.00000  -0.05342  25.80325  -1.25827   0.01993   0.00000 104.58948  -9.39650   0.00123  -0.00011   0.00070   0.00059 140.70310   1.52693
  0.04340 140.65492  -3.69541   0.07207   0.00000  -0.07014  24.26086  -1.25311   0.01992   0.00000 104.61759  -9.39787   0.00123   0.00022   0.00036   0.00026 140.70347   1.50498
  0.04360 140.65673  -3.64066   0.07085   0.00000  -0.08647  22.70586  -1.24826   0.01991   0.00000 104.64569  -9.39922   0.00124  -0.00011   0.00003  -0.00008 140.70386   1.48267
  0.04380 140.65779  -3.58197   0.06957   0.00000  -0.10148  21.18258  -1.24372   0.01989   0.00000 104.67380  -9.40056   0.00124   0.00022   0.00036   0.00026 140.70341   1.45877
  0.04400 140.65887  -3.52241   0.06828   0.00000  -0.11680  19.64563  -1.23948   0.01987   0.00000 104.70191  -9.40189   0.00125  -0.00011   0.00003  -0.00008 140.70298   1.43451
  0.04420 140.65994  -3.46195   0.06699   0.00000  -0.13174  18.09569  -1.23555   0.01985   0.00000 104.73002  -9.40320   0.00125   0.00022   0.00036   0.00026 140.70256   1.40989
  0.04440 140.66103  -3.40061   0.06569   0.00000  -0.14699  16.53169  -1.23193   0.01982   0.00000 104.75813  -9.40450   0.00125  -0.00011   0.00003  -0.00008 140.70214   1.38491
  0.04460 140.66213  -3.33841   0.06439   0.00000  -0.16185  14.95979  -1.22863   0.01979   0.00000 104.78624  -9.40579   0.00126   0.00022  -0.00031  -0.00041 140.70176   1.35958
  0.04480 140.66326  -3.27541   0.06309   0.00000  -0.17633  13.38453  -1.22563   0.01976   0.00000 104.81436  -9.40706   0.00126  -0.00011   0.00003  -0.00008 140.70140   1.33392
  0.04500 140.66442  -3.21161   0.06178   0.00000  -0.19113  11.80676  -1.22296   0.01972   0.00000 104.84247  -9.40831   0.00126   0.00022  -0.00031  -0.00041 140.70109   1.30793
  0.04520 140.66560  -3.14700   0.06047   0.00000  -0.20556  10.22557  -1.22060   0.01969   0.00000 104.87058  -9.40956   0.00126  -0.00011   0.00003  -0.00008 140.70081   1.28162
  0.04540 140.66682  -3.08159   0.05915   0.00000  -0.22031   8.64178  -1.21855   0.01964   0.00000 104.89869  -9.41078   0.00127   0.00022  -0.00031  -0.00041 140.70058   1.25498
  0.04560 140.66805  -3.01536   0.05782   0.00000  -0.23468   7.05450  -1.21682   0.01960   0.00000 104.92681  -9.41200   0.00127  -0.00011   0.00003  -0.00008 140.70038   1.22801
  0.04580 140.66932  -2.94833   0.05649   0.00000  -0.24938   5.46455  -1.21541   0.01955   0.00000 104.95492  -9.41320   0.00127   0.00022  -0.00031  -0.00041 140.70022   1.20070
  0.04600 140.67061  -2.88048   0.05515   0.00000  -0.26382   3.87102  -1.21432   0.01950   0.00000 104.98304  -9.41439   0.00127  -0.00011  -0.00064  -0.00075 140.70010   1.17307
  0.04620 140.67192  -2.81188   0.05381   0.00000  -0.27790   2.28112  -1.21354   0.01945   0.00000 105.01115  -9.41556   0.00127   0.00022  -0.00098  -0.00041 140.70003   1.14513
  0.04640 140.67327  -2.74253   0.05246   0.00000  -0.29231   0.69439  -1.21309   0.01939   0.00000 105.03927  -9.41672   0.00128  -0.00011  -0.00064  -0.00075 140.70001   1.11688
  0.04660 140.67465  -2.67243   0.05111   0.00000  -0.30636  -0.88827  -1.21295   0.01934   0.00000 105.06739  -9.41786   0.00128   0.00022  -0.00098  -0.00041 140.70004   1.08833
  0.04680 140.67606  -2.60160   0.04975   0.00000  -0.32074  -2.46769  -1.21313   0.01928   0.00000 105.09550  -9.41899   0.00128  -0.00011  -0.00064  -0.00075 140.70012   1.05948
  0.04700 140.67749  -2.53002   0.04838   0.00000  -0.33477  -4.04296  -1.21362   0.01921   0.00000 105.12362  -9.42011   0.00128   0.00022  -0.00098  -0.00108 140.70025   1.03033
  0.04720 140.67896  -2.45770   0.04701   0.00000  -0.34843  -5.61491  -1.21443   0.01914   0.00000 105.15174  -9.42121   0.00128  -0.00011  -0.00131  -0.00142 140.70043   1.00087
  0.04740 140.68044  -2.38465   0.04564   0.00000  -0.36173  -7.18264  -1.21555   0.01907   0.00000 105.17986  -9.42230   0.00128   0.00022  -0.00098  -0.00108 140.70066   0.97112
  0.04760 140.68196  -2.31086   0.04426   0.00000  -0.37539  -8.74663  -1.21699   0.01900   0.00000 105.20798  -9.42337   0.00128  -0.00011  -0.00131  -0.00142 140.70094   0.94106
  0.04780 140.68349  -2.23635   0.04287   0.00000  -0.38869 -10.30596  -1.21874   0.01893   0.00000 105.23610  -9.42443   0.00128   0.00022  -0.00098  -0.00108 140.70127   0.91071
  0.04800 140.68505  -2.16111   0.04147   0.00000  -0.40235 -11.86147  -1.22080   0.01885   0.00000 105.26422  -9.42547   0.00128  -0.00011  -0.00131  -0.00142 140.70165   0.88007
  0.04820 140.68663  -2.08514   0.04007   0.00000  -0.41567 -13.41224  -1.22317   0.01877   0.00000 105.29234  -9.42651   0.00128   0.00022  -0.00165  -0.00175 140.70208   0.84913
  0.04840 140.68823  -2.00846   0.03866   0.00000  -0.42864 -14.95911  -1.22585   0.01869   0.00000 105.32046  -9.42752   0.00127  -0.00011  -0.00131  -0.00142 140.70257   0.81790
  0.04860 140.68984  -1.93105   0.03724   0.00000  -0.44198 -16.50116  -1.22885   0.01860   0.00000 105.34859  -9.42853   0.00127   0.00022  -0.00165  -0.00175 140.70310   0.78637
  0.04880 140.69154  -1.85337   0.03581   0.00000  -0.45498 -17.99341  -1.23215   0.01851   0.00000 105.37671  -9.42952   0.00127  -0.00011  -0.00131  -0.00142 140.70375   0.75473
  0.04900 140.69336  -1.77589   0.03437   0.00000  -0.46837 -19.39009  -1.23575   0.01842   0.00000 105.40483  -9.43049   0.00127   0.00022  -0.00165  -0.00175 140.70457   0.72317
  0.04920 140.69530  -1.69864   0.03293   0.00000  -0.48144 -20.69236  -1.23962   0.01833   0.00000 105.43296  -9.43145   0.00127  -0.00011  -0.00131  -0.00142 140.70556   0.69171
  0.04940 140.69736  -1.62166   0.03147   0.00000  -0.49482 -21.89965  -1.24376   0.01823   0.00000 105.46108  -9.43240   0.00127   0.00022  -0.00165  -0.00175 140.70671   0.66036
  0.04960 140.69951  -1.54501   0.03001   0.00000  -0.50777 -23.01322  -1.24814   0.01813   0.00000 105.48921  -9.43334   0.00126  -0.00011  -0.00198  -0.00209 140.70800   0.62914
  0.04980 140.70206  -1.46992   0.02858   0.00000  -0.52059 -24.04983  -1.25274   0.01803   0.00000 105.51733  -9.43426   0.00126   0.00022  -0.00165  -0.00175 140.70974   0.59855
  0.05000 140.70469  -1.39509   0.02713   0.00000  -0.53375 -25.00780  -1.25755   0.01793   0.00000 105.54546  -9.43517   0.00126  -0.00011  -0.00198  -0.00209 140.71161   0.56807
  0.05020 140.70734  -1.31992   0.02567   0.00000  -0.54638 -25.95121  -1.26256   0.01782   0.00000 105.57359  -9.43606   0.00125   0.00022  -0.00165  -0.00175 140.71353   0.53746
  0.05040 140.71001  -1.24443   0.02421   0.00000  -0.55944 -26.88089  -1.26775   0.01771   0.00000 105.60172  -9.43695   0.00125  -0.00011  -0.00198  -0.00209 140.71551   0.50671
  0.05060 140.71272  -1.16861   0.02275   0.00000  -0.57208 -27.79589  -1.27312   0.01760   0.00000 105.62985  -9.43782   0.00125   0.00022  -0.00232  -0.00242 140.71757   0.47583
  0.05080 140.71546  -1.09248   0.02128   0.00000  -0.58430 -28.69703  -1.27868   0.01748   0.00000 105.65798  -9.43868   0.00124  -0.00011  -0.00198  -0.00209 140.71970   0.44482
  0.05100 140.71914  -1.01966   0.01987   0.00000  -0.59807 -29.63525  -1.28442   0.01737   0.00000 105.68611  -9.43953   0.00124   0.00022  -0.00232  -0.00242 140.72283   0.41516
  0.05120 140.72285  -0.94651   0.01846   0.00000  -0.61145 -30.56020  -1.29035   0.01725   0.00000 105.71424  -9.44036   0.00123  -0.00011  -0.00198  -0.00209 140.72603   0.38537
  0.05140 140.72657  -0.87300   0.01704   0.00000  -0.62526 -31.47474  -1.29646   0.01712   0.00000 105.74238  -9.44118   0.00123   0.00022  -0.00232  -0.00242 140.72928   0.35543
  0.05160 140.73030  -0.79911   0.01561   0.00000  -0.63860 -32.38186  -1.30275   0.01700   0.00000 105.77051  -9.44199   0.00122  -0.00011  -0.00198  -0.00209 140.73257   0.32534
  0.05180 140.73402  -0.72602   0.01417   0.00000  -0.65236 -33.28319  -1.30875   0.01687   0.00000 105.79864  -9.44279   0.00122   0.00022  -0.00232  -0.00242 140.73589   0.29558
  0.05200 140.73774  -0.65139   0.01273   0.00000  -0.66558 -34.17459  -1.31541   0.01674   0.00000 105.82678  -9.44358   0.00121  -0.00011  -0.00266  -0.00276 140.73925   0.26519
  0.05220 140.74236  -0.57979   0.01136   0.00000  -0.68037 -35.15956  -1.32225   0.01661   0.00000 105.85492  -9.44436   0.00121   0.00022  -0.00232  -0.00242 140.74356   0.23603
  0.05240 140.74698  -0.50778   0.00996   0.00000  -0.69561 -36.13734  -1.32928   0.01647   0.00000 105.88306  -9.44512   0.00120  -0.00011  -0.00266  -0.00276 140.74789   0.20671
  0.05260 140.75160  -0.43536   0.00857   0.00000  -0.71041 -37.10698  -1.33651   0.01633   0.00000 105.91120  -9.44588   0.00119   0.00022  -0.00232  -0.00242 140.75227   0.17722
  0.05280 140.75623  -0.36253   0.00716   0.00000  -0.72576 -38.07002  -1.34393   0.01619   0.00000 105.93934  -9.44662   0.00119  -0.00011  -0.00266  -0.00276 140.75670   0.14757
  0.05300 140.76084  -0.29325   0.00574   0.00000  -0.74068 -39.03418  -1.34993   0.01605   0.00000 105.96748  -9.44736   0.00118   0.00022  -0.00299  -0.00310 140.76115   0.11936
  0.05320 140.76549  -0.21959   0.00433   0.00000  -0.75512 -39.98346  -1.35773   0.01590   0.00000 105.99562  -9.44808   0.00117  -0.00011  -0.00333  -0.00276 140.76566   0.08938
  0.05340 140.77090  -0.14752   0.00294   0.00000  -0.77580 -41.22454  -1.36573   0.01575   0.00000 106.02377  -9.44879   0.00117   0.00022  -0.00299  -0.00310 140.77098   0.06004
  0.05360 140.77632  -0.07490   0.00153   0.00000  -0.79670 -42.45911  -1.37398   0.01559   0.00000 106.05191  -9.44949   0.00116  -0.00011  -0.00333  -0.00276 140.77634   0.03048
  0.05380 140.78173  -0.00174   0.00008   0.00000  -0.81826 -43.68621  -1.38247   0.01543   0.00000 106.08006  -9.45018   0.00115   0.00022  -0.00299  -0.00310 140.78173   0.00071
  0.05400 140.78713   0.07192  -0.00276   0.00000  -0.87076 -44.90528  -1.39120   0.01527   0.00000 106.10821  -9.45086   0.00115  -0.00011  -0.00333  -0.00276 140.78715  -0.02927
  0.05420 140.79253   0.13880  -0.00522   0.00000  -0.91422 -46.13310  -1.39720   0.01509   0.00000 106.13636  -9.45153   0.00114   0.00022  -0.00366  -0.00310 140.79260  -0.05648
  0.05440 140.79790   0.21355  -0.00765   0.00000  -0.95620 -47.33903  -1.40643   0.01491   0.00000 106.16451  -9.45219   0.00113  -0.00011  -0.00400  -0.00343 140.79806  -0.08690
  0.05460 140.80387   0.28769  -0.00997   0.00000  -1.01277 -49.01695  -1.41590   0.01472   0.00000 106.19266  -9.45284   0.00112   0.00022  -0.00366  -0.00377 140.80417  -0.11707
  0.05480 140.80984   0.36259  -0.01224   0.00000  -1.06718 -50.68826  -1.42570   0.01452   0.00000 106.22081  -9.45347   0.00111  -0.00011  -0.00400  -0.00343 140.81031  -0.14754
  0.05500 140.81582   0.43825  -0.01450   0.00000  -1.12060 -52.35199  -1.43584   0.01430   0.00000 106.24897  -9.45410   0.00110   0.00022  -0.00366  -0.00377 140.81651  -0.17832
  0.05520 140.82181   0.51466  -0.01676   0.00000  -1.17282 -54.00894  -1.44631   0.01408   0.00000 106.27712  -9.45472   0.00109  -0.00011  -0.00400  -0.00343 140.82275  -0.20940
  0.05540 140.82776   0.58002  -0.01900   0.00000  -1.22374 -55.68341  -1.45231   0.01384   0.00000 106.30528  -9.45533   0.00108   0.00022  -0.00433  -0.00377 140.82895  -0.23598
  0.05560 140.83374   0.65794  -0.02129   0.00000  -1.27580 -57.32570  -1.46345   0.01360   0.00000 106.33344  -9.45593   0.00107  -0.00011  -0.00467  -0.00410 140.83528  -0.26767
  0.05580 140.84001   0.73680  -0.02359   0.00000  -1.35251 -59.75020  -1.47491   0.01334   0.00000 106.36160  -9.45651   0.00106   0.00022  -0.00500  -0.00444 140.84194  -0.29974
  0.05600 140.84625   0.81678  -0.02591   0.00000  -1.42801 -62.16686  -1.48686   0.01307   0.00000 106.38976  -9.45709   0.00105  -0.00011  -0.00534  -0.00477 140.84862  -0.33226
  0.05620 140.85245   0.89788  -0.02824   0.00000  -1.50239 -64.57468  -1.49930   0.01279   0.00000 106.41793  -9.45766   0.00104   0.00022  -0.00500  -0.00511 140.85532  -0.36523
  0.05640 140.85862   0.98007  -0.03059   0.00000  -1.57575 -66.97441  -1.51221   0.01249   0.00000 106.44609  -9.45822   0.00103  -0.00011  -0.00534  -0.00544 140.86204  -0.39865
  0.05660 140.86488   1.04519  -0.03296   0.00000  -1.64806 -69.40402  -1.51821   0.01217   0.00000 106.47426  -9.45876   0.00101   0.00022  -0.00567  -0.00578 140.86876  -0.42512
  0.05680 140.87096   1.12956  -0.03539   0.00000  -1.72090 -71.78116  -1.53209   0.01184   0.00000 106.50243  -9.45930   0.00100  -0.00011  -0.00601  -0.00611 140.87550  -0.45941
  0.05700 140.87624   1.21606  -0.03786   0.00000  -1.82525 -75.17816  -1.54645   0.01150   0.00000 106.53060  -9.45983   0.00099   0.00022  -0.00634  -0.00645 140.88150  -0.49457
  0.05720 140.88146   1.30409  -0.04038   0.00000  -1.92857 -78.55939  -1.56148   0.01113   0.00000 106.55877  -9.46035   0.00097  -0.00011  -0.00668  -0.00678 140.88750  -0.53035
  0.05740 140.88660   1.39362  -0.04293   0.00000  -2.03091 -81.92368  -1.57720   0.01075   0.00000 106.58694  -9.46085   0.00096   0.00022  -0.00701  -0.00712 140.89349  -0.56674
  0.05760 140.89166   1.48465  -0.04553   0.00000  -2.13233 -85.27163  -1.59358   0.01034   0.00000 106.61512  -9.46135   0.00095  -0.00011  -0.00735  -0.00745 140.89949  -0.60373
  0.05780 140.89692   1.54980  -0.04816   0.00000  -2.23288 -88.64210  -1.59958   0.00991   0.00000 106.64329  -9.46184   0.00093   0.00022  -0.00768  -0.00779 140.90546  -0.63020
  0.05800 140.90172   1.64278  -0.05086   0.00000  -2.33450 -91.85074  -1.61731   0.00947   0.00000 106.67147  -9.46231   0.00092  -0.00011  -0.00802  -0.00812 140.91131  -0.66798
  0.05820 140.90500   1.73239  -0.05348   0.00000  -2.45214 -95.49069  -1.63568   0.00900   0.00000 106.69965  -9.46278   0.00090   0.00022  -0.00835  -0.00846 140.91566  -0.70440
  0.05840 140.90809   1.82271  -0.05616   0.00000  -2.56904 -99.02053  -1.65478   0.00851   0.00000 106.72783  -9.46324   0.00089  -0.00011  -0.00869  -0.00879 140.91989  -0.74111
  0.05860 140.91099   1.91369  -0.05888   0.00000  -2.68530 -102.43853  -1.67458   0.00800   0.00000 106.75601  -9.46369   0.00087   0.00022  -0.00902  -0.00913 140.92399  -0.77808
  0.05880 140.91369   2.00526  -0.06166   0.00000  -2.80102 -105.74481  -1.69507   0.00746   0.00000 106.78419  -9.46413   0.00086  -0.00011  -0.00936  -0.00946 140.92797  -0.81529
  0.05900 140.91684   2.06096  -0.06449   0.00000  -2.91629 -109.10620  -1.70107   0.00690   0.00000 106.81237  -9.46456   0.00084   0.00022  -0.00969  -0.00980 140.93193  -0.83791
  0.05920 140.91940   2.15555  -0.06740   0.00000  -3.03340 -112.38524  -1.72289   0.00631   0.00000 106.84056  -9.46499   0.00082  -0.00011  -0.01003  -0.01013 140.93591  -0.87635
  0.05940 140.92777   2.23601  -0.06988   0.00000  -3.12574 -114.86525  -1.74537   0.00571   0.00000 106.86874  -9.46540   0.00081   0.00022  -0.01036  -0.01047 140.94553  -0.90900
  0.05960 140.93608   2.31765  -0.07240   0.00000  -3.21766 -117.34141  -1.76834   0.00508   0.00000 106.89693  -9.46581   0.00079  -0.00011  -0.01070  -0.01080 140.95516  -0.94213
  0.05980 140.94434   2.40047  -0.07496   0.00000  -3.30918 -119.81277  -1.79181   0.00444   0.00000 106.92511  -9.46622   0.00077   0.00022  -0.01103  -0.01114 140.96480  -0.97573
  0.06000 140.95252   2.48447  -0.07756   0.00000  -3.40030 -122.28013  -1.81577   0.00378   0.00000 106.95330  -9.46662   0.00076  -0.00011  -0.01137  -0.01147 140.97444  -1.00981
  0.06020 140.96147   2.52423  -0.08020   0.00000  -3.49103 -124.83979  -1.82177   0.00310   0.00000 106.98150  -9.46702   0.00074   0.00022  -0.01170  -0.01181 140.98409  -1.02590
  0.06040 140.96955   2.61065  -0.08291   0.00000  -3.58322 -127.30116  -1.84674   0.00240   0.00000 107.00969  -9.46741   0.00072  -0.00011  -0.01204  -0.01214 140.99374  -1.06095
  0.06060 140.98362   2.67312  -0.08486   0.00000  -3.60420 -127.51240  -1.87220   0.00168   0.00000 107.03789  -9.46780   0.00070   0.00022  -0.01237  -0.01248 141.00899  -1.08623
  0.06080 140.99766   2.73566  -0.08682   0.00000  -3.62480 -127.72085  -1.89770   0.00096   0.00000 107.06609  -9.46818   0.00069  -0.00011  -0.01271  -0.01281 141.02423  -1.11152
  0.06100 141.01167   2.79829  -0.08878   0.00000  -3.64502 -127.92562  -1.92325   0.00023   0.00000 107.09429  -9.46857   0.00067   0.00022  -0.01304  -0.01315 141.03946  -1.13685
  0.06120 141.02563   2.86099  -0.09076   0.00000  -3.66488 -128.12760  -1.94883  -0.00050   0.00000 107.12249  -9.46896   0.00065  -0.00011  -0.01338  -0.01348 141.05468  -1.16220
  0.06140 141.04056   2.87544  -0.09274   0.00000  -3.68436 -128.42895  -1.95483  -0.00123   0.00000 107.15070  -9.46935   0.00063   0.00022  -0.01371  -0.01382 141.06990  -1.16795
  0.06160 141.05447   2.93836  -0.09473   0.00000  -3.70403 -128.62695  -1.98052  -0.00197   0.00000 107.17891  -9.46973   0.00062  -0.00011  -0.01405  -0.01415 141.08511  -1.19338
  0.06180 141.07068   2.99192  -0.09643   0.00000  -3.69196 -127.84545  -2.00624  -0.00271   0.00000 107.20713  -9.47012   0.00060   0.00022  -0.01438  -0.01449 141.10244  -1.21498
  0.06200 141.08688   3.04512  -0.09811   0.00000  -3.67951 -127.06662  -2.03181  -0.00345   0.00000 107.23535  -9.47051   0.00058  -0.00011  -0.01472  -0.01482 141.11977  -1.23644
  0.06220 141.10306   3.09796  -0.09979   0.00000  -3.66670 -126.28959  -2.05722  -0.00418   0.00000 107.26357  -9.47090   0.00056   0.00022  -0.01505  -0.01516 141.13710  -1.25775
  0.06240 141.11922   3.15045  -0.10145   0.00000  -3.65351 -125.51521  -2.08248  -0.00492   0.00000 107.29179  -9.47130   0.00054  -0.00011  -0.01539  -0.01549 141.15442  -1.27890
  0.06260 141.13643   3.15550  -0.10311   0.00000  -3.63995 -124.83945  -2.08848  -0.00565   0.00000 107.32002  -9.47169   0.00053   0.00022  -0.01572  -0.01583 141.17174  -1.28079
  0.06280 141.15323   3.20690  -0.10475   0.00000  -3.62413 -124.00668  -2.11345  -0.00638   0.00000 107.34825  -9.47209   0.00051  -0.00011  -0.01606  -0.01616 141.18969  -1.30149
  0.06300 141.17001   3.25792  -0.10637   0.00000  -3.60794 -123.17560  -2.13825  -0.00710   0.00000 107.37649  -9.47249   0.00049   0.00022  -0.01639  -0.01650 141.20764  -1.32204
  0.06320 141.18678   3.30856  -0.10798   0.00000  -3.59138 -122.34706  -2.16289  -0.00782   0.00000 107.40472  -9.47289   0.00047  -0.00011  -0.01673  -0.01683 141.22559  -1.34242
  0.06340 141.20354   3.35882  -0.10958   0.00000  -3.57444 -121.52017  -2.18736  -0.00854   0.00000 107.43297  -9.47330   0.00045   0.00022  -0.01706  -0.01717 141.24353  -1.36264
  0.06360 141.22138   3.36355  -0.11117   0.00000  -3.55713 -120.78862  -2.19336  -0.00926   0.00000 107.46121  -9.47370   0.00044   0.00022  -0.01740  -0.01750 141.26147  -1.36439
  0.06380 141.23793   3.41308  -0.11275   0.00000  -3.53968 -119.97132  -2.21751  -0.00997   0.00000 107.48946  -9.47411   0.00042  -0.00011  -0.01773  -0.01784 141.27921  -1.38431
  0.06400 141.25448   3.46225  -0.11432   0.00000  -3.52185 -119.15655  -2.24151  -0.01068   0.00000 107.51771  -9.47452   0.00040   0.00022  -0.01807  -0.01817 141.29695  -1.40408
  0.06420 141.27104   3.51113  -0.11587   0.00000  -3.50365 -118.35287  -2.26534  -0.01138   0.00000 107.54597  -9.47494   0.00038  -0.00011  -0.01841  -0.01851 141.31471  -1.42373
  0.06440 141.28760   3.55972  -0.11741   0.00000  -3.48508 -117.55934  -2.28901  -0.01208   0.00000 107.57423  -9.47535   0.00037   0.00022  -0.01874  -0.01885 141.33249  -1.44325
  0.06460 141.30527   3.56475  -0.11894   0.00000  -3.46614 -116.85989  -2.29501  -0.01278   0.00000 107.60249  -9.47577   0.00035   0.00022  -0.01841  -0.01851 141.35027  -1.44511
  0.06480 141.32063   3.61153  -0.12042   0.00000  -3.44166 -115.90494  -2.31838  -0.01348   0.00000 107.63076  -9.47619   0.00033  -0.00011  -0.01874  -0.01817 141.36682  -1.46391
  0.06500 141.33600   3.65795  -0.12190   0.00000  -3.41752 -114.95964  -2.34156  -0.01417   0.00000 107.65903  -9.47661   0.00031   0.00022  -0.01841  -0.01851 141.38338  -1.48255
  0.06520 141.35138   3.70400  -0.12336   0.00000  -3.39301 -114.02478  -2.36455  -0.01485   0.00000 107.68730  -9.47703   0.00030  -0.00011  -0.01874  -0.01817 141.39995  -1.50105
  0.06540 141.36677   3.74970  -0.12481   0.00000  -3.36884 -113.09942  -2.38736  -0.01553   0.00000 107.71558  -9.47746   0.00028   0.00022  -0.01841  -0.01851 141.41655  -1.51939
  0.06560 141.38327   3.75394  -0.12624   0.00000  -3.34431 -112.26323  -2.39336  -0.01620   0.00000 107.74386  -9.47789   0.00026   0.00022  -0.01807  -0.01817 141.43315  -1.52093
  0.06580 141.39407   3.77563  -0.12689   0.00000  -3.24280 -109.06331  -2.41581  -0.01687   0.00000 107.77215  -9.47832   0.00024  -0.00011  -0.01773  -0.01784 141.44453  -1.52960
  0.06600 141.40492   3.79580  -0.12750   0.00000  -3.14166 -105.86693  -2.43762  -0.01752   0.00000 107.80043  -9.47876   0.00023   0.00022  -0.01807  -0.01817 141.45591  -1.53765
  0.06620 141.41581   3.81442  -0.12805   0.00000  -3.04020 -102.67464  -2.45880  -0.01815   0.00000 107.82872  -9.47920   0.00021  -0.00011  -0.01773  -0.01784 141.46730  -1.54507
  0.06640 141.42675   3.83151  -0.12855   0.00000  -2.93913 -99.48522  -2.47933  -0.01876   0.00000 107.85701  -9.47965   0.00019   0.00022  -0.01807  -0.01817 141.47870  -1.55187
  0.06660 141.43866   3.81267  -0.12900   0.00000  -2.83772 -96.36514  -2.48533  -0.01935   0.00000 107.88530  -9.48011   0.00018   0.00022  -0.01773  -0.01784 141.49010  -1.54411
  0.06680 141.44181   3.80317  -0.12861   0.00000  -2.68204 -91.60115  -2.50461  -0.01992   0.00000 107.91359  -9.48057   0.00016  -0.00011  -0.01740  -0.01750 141.49299  -1.54023
  0.06700 141.44504   3.79129  -0.12815   0.00000  -2.52679 -86.83393  -2.52293  -0.02045   0.00000 107.94189  -9.48105   0.00015   0.00022  -0.01706  -0.01717 141.49590  -1.53539
  0.06720 141.44833   3.77702  -0.12761   0.00000  -2.37196 -82.06383  -2.54029  -0.02096   0.00000 107.97018  -9.48154   0.00013  -0.00011  -0.01673  -0.01683 141.49880  -1.52958
  0.06740 141.45169   3.76036  -0.12701   0.00000  -2.21753 -77.28943  -2.55671  -0.02143   0.00000 107.99848  -9.48204   0.00011   0.00022  -0.01639  -0.01650 141.50172  -1.52280
  0.06760 141.45573   3.71790  -0.12633   0.00000  -2.06350 -72.55593  -2.56271  -0.02188   0.00000 108.02678  -9.48255   0.00010   0.00022  -0.01606  -0.01616 141.50464  -1.50556
  0.06780 141.45942   3.68937  -0.12533   0.00000  -1.93095 -68.41256  -2.57722  -0.02229   0.00000 108.05507  -9.48307   0.00009  -0.00011  -0.01572  -0.01583 141.50758  -1.49398
  0.06800 141.46317   3.65874  -0.12426   0.00000  -1.79878 -64.26177  -2.59090  -0.02268   0.00000 108.08337  -9.48361   0.00007   0.00022  -0.01539  -0.01549 141.51053  -1.48154
  0.06820 141.46696   3.62598  -0.12314   0.00000  -1.66698 -60.10396  -2.60375  -0.02304   0.00000 108.11166  -9.48415   0.00006  -0.00011  -0.01505  -0.01516 141.51348  -1.46824
  0.06840 141.47081   3.59109  -0.12195   0.00000  -1.53555 -55.93777  -2.61577  -0.02337   0.00000 108.13996  -9.48471   0.00004   0.00022  -0.01472  -0.01482 141.51644  -1.45408
  0.06860 141.47504   3.54122  -0.12071   0.00000  -1.40448 -51.78820  -2.62177  -0.02368   0.00000 108.16826  -9.48529   0.00003   0.00022  -0.01438  -0.01449 141.51940  -1.43385
  0.06880 141.47946   3.50330  -0.11944   0.00000  -1.32022 -48.97646  -2.63213  -0.02396   0.00000 108.19656  -9.48588   0.00002  -0.00011  -0.01405  -0.01415 141.52288  -1.41846
  0.06900 141.48392   3.46390  -0.11813   0.00000  -1.23631 -46.15532  -2.64193  -0.02422   0.00000 108.22486  -9.48647   0.00001   0.00022  -0.01371  -0.01382 141.52637  -1.40247
  0.06920 141.48841   3.42301  -0.11678   0.00000  -1.15274 -43.32536  -2.65116  -0.02447   0.00000 108.25315  -9.48709  -0.00000  -0.00011  -0.01338  -0.01348 141.52985  -1.38588
  0.06940 141.49293   3.38066  -0.11539   0.00000  -1.06950 -40.48873  -2.65982  -0.02470   0.00000 108.28145  -9.48771  -0.00002   0.00022  -0.01304  -0.01315 141.53336  -1.36870
  0.06960 141.49762   3.33170  -0.11396   0.00000  -0.98659 -37.66097  -2.66582  -0.02492   0.00000 108.30975  -9.48835  -0.00003   0.00022  -0.01271  -0.01281 141.53688  -1.34884
  0.06980 141.50158   3.28564  -0.11246   0.00000  -0.92873 -35.54792  -2.67335  -0.02511   0.00000 108.33805  -9.48900  -0.00004  -0.00011  -0.01237  -0.01248 141.53976  -1.33016
  0.07000 141.50557   3.23851  -0.11094   0.00000  -0.87121 -33.43214  -2.68046  -0.02530   0.00000 108.36635  -9.48966  -0.00005   0.00022  -0.01204  -0.01214 141.54267  -1.31105
  0.07020 141.50960   3.19030  -0.10939   0.00000  -0.81402 -31.31445  -2.68715  -0.02547   0.00000 108.39465  -9.49034  -0.00006  -0.00011  -0.01170  -0.01181 141.54560  -1.29150
  0.07040 141.51367   3.14103  -0.10781   0.00000  -0.75714 -29.19394  -2.69341  -0.02564   0.00000 108.42295  -9.49103  -0.00007   0.00022  -0.01137  -0.01147 141.54856  -1.27152
  0.07060 141.51776   3.09068  -0.10621   0.00000  -0.70059 -27.07143  -2.69925  -0.02579   0.00000 108.45125  -9.49173  -0.00008   0.00022  -0.01103  -0.01114 141.55155  -1.25111
  0.07080 141.52147   3.03813  -0.10454   0.00000  -0.65008 -25.11420  -2.70467  -0.02593   0.00000 108.47956  -9.49245  -0.00008  -0.00011  -0.01070  -0.01080 141.55412  -1.22982
  0.07100 141.52522   2.98460  -0.10284   0.00000  -0.59989 -23.15396  -2.70969  -0.02606   0.00000 108.50786  -9.49318  -0.00009   0.00022  -0.01036  -0.01047 141.55672  -1.20812
  0.07120 141.52899   2.93007  -0.10113   0.00000  -0.55001 -21.19155  -2.71432  -0.02618   0.00000 108.53616  -9.49392  -0.00010  -0.00011  -0.01003  -0.01013 141.55935  -1.18602
  0.07140 141.53279   2.87456  -0.09938   0.00000  -0.50043 -19.22868  -2.71856  -0.02629   0.00000 108.56446  -9.49467  -0.00011   0.00022  -0.00969  -0.00980 141.56202  -1.16353
  0.07160 141.53663   2.81811  -0.09762   0.00000  -0.45116 -17.26914  -2.72240  -0.02639   0.00000 108.59276  -9.49544  -0.00011   0.00022  -0.00936  -0.00946 141.56472  -1.14066
  0.07180 141.54045   2.76055  -0.09582   0.00000  -0.40303 -15.33740  -2.72586  -0.02648   0.00000 108.62106  -9.49622  -0.00012  -0.00011  -0.00902  -0.00913 141.56740  -1.11733
  0.07200 141.54429   2.70206  -0.09400   0.00000  -0.35520 -13.40821  -2.72893  -0.02656   0.00000 108.64937  -9.49702  -0.00013   0.00022  -0.00869  -0.00879 141.57011  -1.09364
  0.07220 141.54817   2.64265  -0.09215   0.00000  -0.30765 -11.48249  -2.73161  -0.02663   0.00000 108.67767  -9.49783  -0.00013  -0.00011  -0.00835  -0.00846 141.57287  -1.06957
  0.07240 141.55209   2.58231  -0.09028   0.00000  -0.26037  -9.55940  -2.73390  -0.02669   0.00000 108.70597  -9.49865  -0.00014   0.00022  -0.00802  -0.00812 141.57567  -1.04512
  0.07260 141.55603   2.52105  -0.08838   0.00000  -0.21337  -7.63989  -2.73582  -0.02675   0.00000 108.73428  -9.49948  -0.00014   0.00022  -0.00768  -0.00779 141.57851  -1.02030
  0.07280 141.55994   2.45868  -0.08646   0.00000  -0.16759  -5.75107  -2.73734  -0.02679   0.00000 108.76258  -9.50033  -0.00015  -0.00011  -0.00735  -0.00745 141.58131  -0.99504
  0.07300 141.56387   2.39542  -0.08450   0.00000  -0.12206  -3.86508  -2.73849  -0.02682   0.00000 108.79088  -9.50119  -0.00015   0.00022  -0.00701  -0.00712 141.58416  -0.96941
  0.07320 141.56784   2.33124  -0.08253   0.00000  -0.07678  -1.98313  -2.73927  -0.02685   0.00000 108.81918  -9.50206  -0.00015  -0.00011  -0.00668  -0.00678 141.58705  -0.94342
  0.07340 141.57183   2.26618  -0.08052   0.00000  -0.03175  -0.10438  -2.73966  -0.02686   0.00000 108.84749  -9.50295  -0.00016   0.00022  -0.00634  -0.00645 141.58999  -0.91707
  0.07360 141.57584   2.20021  -0.07849   0.00000   0.01306   1.77023  -2.73968  -0.02687   0.00000 108.87579  -9.50385  -0.00016   0.00022  -0.00601  -0.00611 141.59296  -0.89036
  0.07380 141.57978   2.13308  -0.07642   0.00000   0.05616   3.59920  -2.73933  -0.02687   0.00000 108.90410  -9.50477  -0.00016  -0.00011  -0.00567  -0.00578 141.59587  -0.86317
  0.07400 141.58374   2.06507  -0.07433   0.00000   0.09905   5.42479  -2.73861  -0.02685   0.00000 108.93240  -9.50569  -0.00016   0.00022  -0.00534  -0.00544 141.59882  -0.83563
  0.07420 141.58772   1.99620  -0.07221   0.00000   0.14173   7.24607  -2.73752  -0.02683   0.00000 108.96070  -9.50663  -0.00017  -0.00011  -0.00500  -0.00511 141.60181  -0.80774
  0.07440 141.59173   1.92646  -0.07006   0.00000   0.18423   9.06389  -2.73608  -0.02681   0.00000 108.98901  -9.50759  -0.00017   0.00022  -0.00467  -0.00477 141.60485  -0.77950
  0.07460 141.59584   1.85647  -0.06788   0.00000   0.22655  10.81423  -2.73426  -0.02677   0.00000 109.01731  -9.50855  -0.00017   0.00022  -0.00433  -0.00444 141.60803  -0.75116
  0.07480 141.59996   1.78614  -0.06566   0.00000   0.26699  12.43146  -2.73210  -0.02672   0.00000 109.04562  -9.50953  -0.00017  -0.00011  -0.00400  -0.00410 141.61124  -0.72269
  0.07500 141.60420   1.71587  -0.06341   0.00000   0.30724  13.96222  -2.72961  -0.02667   0.00000 109.07392  -9.51053  -0.00017   0.00022  -0.00366  -0.00377 141.61461  -0.69424
  0.07520 141.60856   1.64567  -0.06114   0.00000   0.34731  15.40573  -2.72682  -0.02661   0.00000 109.10223  -9.51153  -0.00017  -0.00011  -0.00333  -0.00343 141.61814  -0.66582
  0.07540 141.61303   1.57561  -0.05884   0.00000   0.38733  16.76300  -2.72374  -0.02654   0.00000 109.13053  -9.51255  -0.00017   0.00022  -0.00299  -0.00310 141.62181  -0.63745
  0.07560 141.61760   1.50571  -0.05650   0.00000   0.42734  18.03335  -2.72039  -0.02646   0.00000 109.15884  -9.51358  -0.00017   0.00022  -0.00266  -0.00276 141.62561  -0.60916
  0.07580 141.62242   1.43644  -0.05416   0.00000   0.46965  19.28113  -2.71678  -0.02638   0.00000 109.18714  -9.51463  -0.00016  -0.00011  -0.00232  -0.00242 141.62972  -0.58112
  0.07600 141.62728   1.36684  -0.05178   0.00000   0.51187  20.49959  -2.71292  -0.02628   0.00000 109.21545  -9.51568  -0.00016   0.00022  -0.00198  -0.00209 141.63389  -0.55294
  0.07620 141.63215   1.29677  -0.04938   0.00000   0.55395  21.70438  -2.70882  -0.02618   0.00000 109.24376  -9.51675  -0.00016  -0.00011  -0.00165  -0.00175 141.63810  -0.52458
  0.07640 141.63704   1.22622  -0.04695   0.00000   0.59584  22.89631  -2.70448  -0.02607   0.00000 109.27206  -9.51783  -0.00016   0.00022  -0.00131  -0.00142 141.64236  -0.49603
  0.07660 141.64197   1.15521  -0.04449   0.00000   0.63743  24.07439  -2.69990  -0.02595   0.00000 109.30037  -9.51892  -0.00015   0.00022  -0.00098  -0.00108 141.64669  -0.46729
  0.07680 141.64742   1.08504  -0.04205   0.00000   0.68619  25.43317  -2.69509  -0.02582   0.00000 109.32868  -9.52003  -0.00015  -0.00011  -0.00064  -0.00075 141.65158  -0.43889
  0.07700 141.65291   1.01432  -0.03958   0.00000   0.73477  26.77907  -2.69000  -0.02568   0.00000 109.35699  -9.52114  -0.00014   0.00022  -0.00031  -0.00041 141.65654  -0.41027
  0.07720 141.65843   0.94306  -0.03708   0.00000   0.78319  28.11110  -2.68465  -0.02554   0.00000 109.38530  -9.52227  -0.00014  -0.00011   0.00003  -0.00008 141.66157  -0.38143
  0.07740 141.66397   0.87123  -0.03453   0.00000   0.83151  29.43464  -2.67903  -0.02538   0.00000 109.41361  -9.52341  -0.00013   0.00022   0.00036   0.00026 141.66665  -0.35236
  0.07760 141.66951   0.79881  -0.03195   0.00000   0.87991  30.75001  -2.67314  -0.02521   0.00000 109.44192  -9.52456  -0.00013   0.00022   0.00070   0.00059 141.67177  -0.32306
  0.07780 141.67560   0.72705  -0.02938   0.00000   0.94136  32.38541  -2.66699  -0.02504   0.00000 109.47023  -9.52572  -0.00012  -0.00011   0.00103   0.00093 141.67747  -0.29403
  0.07800 141.68169   0.65455  -0.02677   0.00000   1.00295  34.01356  -2.66051  -0.02485   0.00000 109.49854  -9.52689  -0.00012   0.00022   0.00137   0.00126 141.68321  -0.26470
  0.07820 141.68778   0.58132  -0.02410   0.00000   1.06478  35.63348  -2.65371  -0.02465   0.00000 109.52685  -9.52808  -0.00011  -0.00011   0.00170   0.00160 141.68897  -0.23507
  0.07840 141.69386   0.50737  -0.02137   0.00000   1.12695  37.24598  -2.64658  -0.02443   0.00000 109.55516  -9.52927  -0.00010   0.00022   0.00204   0.00193 141.69477  -0.20516
  0.07860 141.69993   0.43626  -0.01858   0.00000   1.18968  38.85778  -2.64058  -0.02421   0.00000 109.58348  -9.53048  -0.00009   0.00022   0.00237   0.00227 141.70061  -0.17640
  0.07880 141.70630   0.36081  -0.01574   0.00000   1.27441  40.96483  -2.63281  -0.02397   0.00000 109.61179  -9.53170  -0.00009  -0.00011   0.00271   0.00260 141.70676  -0.14588
  0.07900 141.71268   0.28437  -0.01280   0.00000   1.36085  43.06495  -2.62462  -0.02372   0.00000 109.64010  -9.53293  -0.00008   0.00022   0.00304   0.00294 141.71296  -0.11497
  0.07920 141.71906   0.20697  -0.00975   0.00000   1.44980  45.15712  -2.61600  -0.02344   0.00000 109.66842  -9.53417  -0.00007  -0.00011   0.00338   0.00327 141.71921  -0.08368
  0.07940 141.72544   0.12861  -0.00655   0.00000   1.54271  47.24206  -2.60697  -0.02315   0.00000 109.69674  -9.53542  -0.00006   0.00022   0.00371   0.00361 141.72550  -0.05199
  0.07960 141.73180   0.05782  -0.00310   0.00000   1.64284  49.33687  -2.60097  -0.02284   0.00000 109.72505  -9.53668  -0.00005   0.00022   0.00405   0.00394 141.73182  -0.02337
  0.07980 141.73815  -0.02285   0.00056   0.00000   1.78055  52.01112  -2.59111  -0.02252   0.00000 109.75337  -9.53796  -0.00004  -0.00011   0.00438   0.00428 141.73815   0.00923
  0.08000 141.74448  -0.10482   0.00270   0.00000   1.84004  54.68073  -2.58070  -0.02216   0.00000 109.78169  -9.53925  -0.00003   0.00022   0.00472   0.00461 141.74452   0.04237
  0.08020 141.75078  -0.18804   0.00494   0.00000   1.90245  57.34192  -2.56977  -0.02179   0.00000 109.81001  -9.54054  -0.00001  -0.00011   0.00505   0.00495 141.75091   0.07600
  0.08040 141.75708  -0.27250   0.00724   0.00000   1.96594  59.99552  -2.55830  -0.02141   0.00000 109.83833  -9.54185  -0.00000   0.00022   0.00539   0.00528 141.75734   0.11014
  0.08060 141.76338  -0.34336   0.00958   0.00000   2.02960  62.67228  -2.55230  -0.02102   0.00000 109.86665  -9.54317   0.00001   0.00022   0.00572   0.00562 141.76380   0.13878
  0.08080 141.76915  -0.43132   0.01205   0.00000   2.11921  66.09535  -2.53976  -0.02061   0.00000 109.89497  -9.54450   0.00002  -0.00011   0.00606   0.00595 141.76981   0.17432
  0.08100 141.77493  -0.52089   0.01457   0.00000   2.20910  69.51041  -2.52655  -0.02019   0.00000 109.92329  -9.54584   0.00003   0.00022   0.00639   0.00629 141.77588   0.21051
  0.08120 141.78067  -0.61208   0.01714   0.00000   2.29886  72.91592  -2.51264  -0.01974   0.00000 109.95161  -9.54720   0.00005  -0.00011   0.00673   0.00662 141.78200   0.24735
  0.08140 141.78638  -0.70485   0.01974   0.00000   2.38833  76.31221  -2.49806  -0.01928   0.00000 109.97994  -9.54856   0.00006   0.00022   0.00706   0.00696 141.78813   0.28483
  0.08160 141.79209  -0.77630   0.02238   0.00000   2.47612  79.74738  -2.49206  -0.01880   0.00000 110.00826  -9.54994   0.00007   0.00022   0.00740   0.00729 141.79422   0.31369
  0.08180 141.79617  -0.87053   0.02506   0.00000   2.58322  83.65801  -2.47611  -0.01831   0.00000 110.03659  -9.55133   0.00009  -0.00011   0.00773   0.00763 141.79884   0.35175
  0.08200 141.80020  -0.96659   0.02780   0.00000   2.68980  87.55904  -2.45938  -0.01779   0.00000 110.06491  -9.55273   0.00010   0.00022   0.00807   0.00796 141.80350   0.39055
  0.08220 141.80417  -1.06448   0.03058   0.00000   2.79587  91.44866  -2.44187  -0.01725   0.00000 110.09324  -9.55414   0.00012  -0.00011   0.00840   0.00830 141.80817   0.43009
  0.08240 141.80807  -1.16412   0.03340   0.00000   2.90145  95.32016  -2.42358  -0.01669   0.00000 110.12156  -9.55556   0.00013   0.00022   0.00874   0.00863 141.81285   0.47034
  0.08260 141.81215  -1.23318   0.03628   0.00000   3.00654  99.24356  -2.41758  -0.01611   0.00000 110.14989  -9.55699   0.00015   0.00022   0.00907   0.00897 141.81752   0.49823
  0.08280 141.81799  -1.32938   0.03903   0.00000   3.11396 103.08262  -2.39773  -0.01551   0.00000 110.17822  -9.55843   0.00016  -0.00011   0.00941   0.00930 141.82422   0.53706
  0.08300 141.82373  -1.42729   0.04184   0.00000   3.22081 106.90399  -2.37711  -0.01489   0.00000 110.20654  -9.55989   0.00018   0.00022   0.00974   0.00964 141.83092   0.57660
  0.08320 141.82939  -1.52693   0.04469   0.00000   3.32710 110.70646  -2.35573  -0.01424   0.00000 110.23487  -9.56135   0.00019  -0.00011   0.01008   0.00997 141.83761   0.61682
  0.08340 141.83485  -1.62744   0.04759   0.00000   3.43285 114.40528  -2.33359  -0.01358   0.00000 110.26320  -9.56282   0.00021   0.00022   0.01041   0.01031 141.84419   0.65739
  0.08360 141.84063  -1.68712   0.05054   0.00000   3.53815 118.10316  -2.32759  -0.01289   0.00000 110.29153  -9.56430   0.00022   0.00022   0.01075   0.01064 141.85068   0.68147
  0.08380 141.85109  -1.77356   0.05310   0.00000   3.61427 120.56097  -2.30397  -0.01218   0.00000 110.31986  -9.56579   0.00024  -0.00011   0.01108   0.01098 141.86218   0.71633
  0.08400 141.86135  -1.86017   0.05570   0.00000   3.68998 122.91259  -2.27986  -0.01146   0.00000 110.34820  -9.56728   0.00026   0.00022   0.01142   0.01131 141.87356   0.75125
  0.08420 141.87144  -1.94691   0.05833   0.00000   3.76535 125.15692  -2.25527  -0.01072   0.00000 110.37653  -9.56878   0.00027  -0.00011   0.01175   0.01165 141.88481   0.78623
  0.08440 141.88135  -2.03386   0.06099   0.00000   3.84042 127.30847  -2.23024  -0.00997   0.00000 110.40487  -9.57029   0.00029   0.00022   0.01209   0.01198 141.89594   0.82128
  0.08460 141.89190  -2.07364   0.06369   0.00000   3.91521 129.55615  -2.22424  -0.00920   0.00000 110.43321  -9.57180   0.00031   0.00022   0.01242   0.01232 141.90707   0.83727
  0.08480 141.90639  -2.14299   0.06584   0.00000   3.93631 129.90771  -2.19833  -0.00841   0.00000 110.46155  -9.57332   0.00033  -0.00011   0.01276   0.01265 141.92259   0.86518
  0.08500 141.92084  -2.21249   0.06800   0.00000   3.95705 130.25579  -2.17235  -0.00763   0.00000 110.48989  -9.57483   0.00034   0.00022   0.01309   0.01299 141.93810   0.89314
  0.08520 141.93524  -2.28213   0.07017   0.00000   3.97743 130.59950  -2.14630  -0.00683   0.00000 110.51824  -9.57635   0.00036  -0.00011   0.01343   0.01332 141.95360   0.92116
  0.08540 141.94960  -2.35190   0.07235   0.00000   3.99747 130.93971  -2.12018  -0.00604   0.00000 110.54659  -9.57787   0.00038   0.00022   0.01376   0.01366 141.96910   0.94922
  0.08560 141.96476  -2.37179   0.07453   0.00000   4.01715 131.38055  -2.11418  -0.00524   0.00000 110.57494  -9.57939   0.00039   0.00022   0.01410   0.01400 141.98459   0.95715
  0.08580 141.98135  -2.43154   0.07640   0.00000   4.00369 130.65416  -2.08790  -0.00443   0.00000 110.60330  -9.58091   0.00041  -0.00011   0.01444   0.01433 142.00219   0.98114
  0.08600 141.99791  -2.49090   0.07827   0.00000   3.98985 129.92460  -2.06177  -0.00363   0.00000 110.63166  -9.58243   0.00043   0.00022   0.01477   0.01467 142.01978   1.00497
  0.08620 142.01444  -2.54988   0.08012   0.00000   3.97564 129.19130  -2.03579  -0.00283   0.00000 110.66002  -9.58395   0.00045  -0.00011   0.01511   0.01500 142.03735   1.02864
  0.08640 142.03094  -2.60846   0.08196   0.00000   3.96106 128.45515  -2.00995  -0.00204   0.00000 110.68839  -9.58547   0.00046   0.00022   0.01544   0.01534 142.05492   1.05214
  0.08660 142.04833  -2.61784   0.08379   0.00000   3.94610 127.81755  -2.00395  -0.00125   0.00000 110.71676  -9.58699   0.00048   0.00022   0.01578   0.01567 142.07247   1.05580
  0.08680 142.06566  -2.67497   0.08559   0.00000   3.92756 126.97728  -1.97839  -0.00046   0.00000 110.74513  -9.58851   0.00050  -0.00011   0.01611   0.01601 142.09087   1.07870
  0.08700 142.08296  -2.73166   0.08738   0.00000   3.90865 126.13424  -1.95299   0.00033   0.00000 110.77351  -9.59002   0.00052   0.00022   0.01645   0.01634 142.10924   1.10142
  0.08720 142.10024  -2.78792   0.08915   0.00000   3.88936 125.28756  -1.92776   0.00111   0.00000 110.80189  -9.59154   0.00053  -0.00011   0.01678   0.01668 142.12761   1.12396
  0.08740 142.11749  -2.84372   0.09091   0.00000   3.86969 124.43814  -1.90271   0.00189   0.00000 110.83028  -9.59305   0.00055   0.00022   0.01712   0.01701 142.14597   1.14632
  0.08760 142.13567  -2.85223   0.09266   0.00000   3.84966 123.68319  -1.89671   0.00266   0.00000 110.85867  -9.59456   0.00057   0.00022   0.01745   0.01735 142.16431   1.14960
  0.08780 142.15300  -2.90722   0.09439   0.00000   3.82910 122.82549  -1.87197   0.00343   0.00000 110.88706  -9.59607   0.00059  -0.00011   0.01779   0.01768 142.18276   1.17161
  0.08800 142.17032  -2.96176   0.09611   0.00000   3.80817 121.96513  -1.84740   0.00420   0.00000 110.91546  -9.59758   0.00060   0.00022   0.01812   0.01802 142.20120   1.19344
  0.08820 142.18761  -3.01588   0.09782   0.00000   3.78687 121.10406  -1.82301   0.00496   0.00000 110.94386  -9.59909   0.00062  -0.00011   0.01846   0.01835 142.21963   1.21509
  0.08840 142.20489  -3.06960   0.09951   0.00000   3.76519 120.24569  -1.79879   0.00572   0.00000 110.97226  -9.60060   0.00064   0.00022   0.01879   0.01869 142.23805   1.23658
  0.08860 142.22313  -3.07809   0.10119   0.00000   3.74313 119.47952  -1.79279   0.00647   0.00000 111.00067  -9.60210   0.00065   0.00022   0.01913   0.01902 142.25647   1.23984
  0.08880 142.23962  -3.13161   0.10287   0.00000   3.72336 118.70220  -1.76889   0.00722   0.00000 111.02908  -9.60361   0.00067  -0.00011   0.01946   0.01936 142.27412   1.26124
  0.08900 142.25609  -3.18477   0.10454   0.00000   3.70322 117.92760  -1.74515   0.00797   0.00000 111.05749  -9.60511   0.00069   0.00022   0.01980   0.01969 142.29177   1.28250
  0.08920 142.27254  -3.23758   0.10620   0.00000   3.68270 117.15479  -1.72157   0.00871   0.00000 111.08591  -9.60662   0.00071  -0.00011   0.01946   0.01936 142.30942   1.30361
  0.08940 142.28899  -3.29003   0.10785   0.00000   3.66252 116.38466  -1.69814   0.00945   0.00000 111.11433  -9.60812   0.00072   0.00022   0.01980   0.01969 142.32706   1.32457
  0.08960 142.30641  -3.29918   0.10949   0.00000   3.64195 115.70282  -1.69214   0.01018   0.00000 111.14276  -9.60962   0.00074   0.00022   0.01946   0.01936 142.34469   1.32809
  0.08980 142.31980  -3.33562   0.11061   0.00000   3.56837 113.31810  -1.66900   0.01091   0.00000 111.17119  -9.61112   0.00076  -0.00011   0.01913   0.01902 142.35893   1.34262
  0.09000 142.33321  -3.37088   0.11170   0.00000   3.49517 110.93497  -1.64633   0.01162   0.00000 111.19962  -9.61262   0.00077   0.00022   0.01946   0.01936 142.37316   1.35668
  0.09020 142.34662  -3.40498   0.11276   0.00000   3.42161 108.55247  -1.62415   0.01232   0.00000 111.22806  -9.61411   0.00079  -0.00011   0.01913   0.01902 142.38738   1.37027
  0.09040 142.36005  -3.43790   0.11378   0.00000   3.34843 106.17146  -1.60244   0.01301   0.00000 111.25650  -9.61560   0.00081   0.00022   0.01946   0.01936 142.40160   1.38339
  0.09060 142.37442  -3.43178   0.11476   0.00000   3.27490 103.86725  -1.59644   0.01368   0.00000 111.28494  -9.61708   0.00082   0.00022   0.01913   0.01902 142.41582   1.38078
  0.09080 142.38013  -3.43374   0.11475   0.00000   3.12195  99.09728  -1.57566   0.01433   0.00000 111.31338  -9.61856   0.00084  -0.00011   0.01879   0.01869 142.42158   1.38152
  0.09100 142.38590  -3.43333   0.11466   0.00000   2.96943  94.32732  -1.55584   0.01496   0.00000 111.34183  -9.62003   0.00085   0.00022   0.01846   0.01835 142.42734   1.38130
  0.09120 142.39174  -3.43055   0.11451   0.00000   2.81733  89.55637  -1.53698   0.01555   0.00000 111.37028  -9.62149   0.00087  -0.00011   0.01812   0.01802 142.43310   1.38012
  0.09140 142.39763  -3.42539   0.11429   0.00000   2.66565  84.78521  -1.51907   0.01611   0.00000 111.39873  -9.62294   0.00088   0.00022   0.01779   0.01768 142.43887   1.37799
  0.09160 142.40425  -3.39060   0.11399   0.00000   2.51438  80.06766  -1.51307   0.01665   0.00000 111.42718  -9.62438   0.00090   0.00022   0.01745   0.01735 142.44465   1.36393
  0.09180 142.40726  -3.36918   0.11323   0.00000   2.36596  75.38970  -1.49705   0.01715   0.00000 111.45563  -9.62581   0.00091  -0.00011   0.01712   0.01701 142.44716   1.35529
  0.09200 142.41035  -3.34542   0.11239   0.00000   2.21794  70.71089  -1.48197   0.01762   0.00000 111.48409  -9.62722   0.00093   0.00022   0.01678   0.01668 142.44968   1.34571
  0.09220 142.41349  -3.31932   0.11149   0.00000   2.07032  66.03021  -1.46783   0.01807   0.00000 111.51254  -9.62863   0.00094  -0.00011   0.01645   0.01634 142.45222   1.33519
  0.09240 142.41671  -3.29088   0.11052   0.00000   1.92310  61.34846  -1.45463   0.01848   0.00000 111.54100  -9.63002   0.00096   0.00022   0.01611   0.01601 142.45477   1.32372
  0.09260 142.42035  -3.24450   0.10948   0.00000   1.77625  56.69599  -1.44863   0.01887   0.00000 111.56945  -9.63140   0.00097   0.00022   0.01578   0.01567 142.45734   1.30504
  0.09280 142.42521  -3.21170   0.10837   0.00000   1.67459  53.35978  -1.43729   0.01922   0.00000 111.59791  -9.63277   0.00098  -0.00011   0.01544   0.01534 142.46146   1.29181
  0.09300 142.43012  -3.17723   0.10721   0.00000   1.57329  50.02219  -1.42662   0.01956   0.00000 111.62637  -9.63413   0.00099   0.00022   0.01511   0.01500 142.46560   1.27790
  0.09320 142.43509  -3.14108   0.10601   0.00000   1.47234  46.68224  -1.41661   0.01987   0.00000 111.65483  -9.63547   0.00100  -0.00011   0.01477   0.01467 142.46976   1.26332
  0.09340 142.44009  -3.10324   0.10476   0.00000   1.37175  43.34076  -1.40727   0.02017   0.00000 111.68330  -9.63681   0.00102   0.00022   0.01444   0.01433 142.47393   1.24806
  0.09360 142.44529  -3.05708   0.10346   0.00000   1.27150  40.01011  -1.40127   0.02044   0.00000 111.71176  -9.63813   0.00103   0.00022   0.01410   0.01400 142.47813   1.22946
  0.09380 142.45001  -3.01601   0.10212   0.00000   1.19782  37.44323  -1.39327   0.02069   0.00000 111.74023  -9.63943   0.00104  -0.00011   0.01376   0.01366 142.48197   1.21291
  0.09400 142.45476  -2.97364   0.10074   0.00000   1.12448  34.87467  -1.38578   0.02093   0.00000 111.76869  -9.64073   0.00105   0.00022   0.01343   0.01332 142.48583   1.19583
  0.09420 142.45955  -2.92997   0.09932   0.00000   1.05147  32.30345  -1.37881   0.02116   0.00000 111.79716  -9.64201   0.00106  -0.00011   0.01309   0.01299 142.48971   1.17824
  0.09440 142.46438  -2.88503   0.09788   0.00000   0.97879  29.73465  -1.37235   0.02137   0.00000 111.82563  -9.64329   0.00107   0.00022   0.01276   0.01265 142.49362   1.16013
  0.09460 142.46925  -2.83884   0.09639   0.00000   0.90643  27.16767  -1.36640   0.02156   0.00000 111.85410  -9.64454   0.00108   0.00022   0.01242   0.01232 142.49757   1.14152
  0.09480 142.47388  -2.79109   0.09487   0.00000   0.84520  24.92073  -1.36097   0.02175   0.00000 111.88257  -9.64579   0.00108  -0.00011   0.01209   0.01198 142.50125   1.12229
  0.09500 142.47855  -2.74224   0.09331   0.00000   0.78429  22.67668  -1.35598   0.02192   0.00000 111.91105  -9.64703   0.00109   0.00022   0.01175   0.01165 142.50496   1.10262
  0.09520 142.48324  -2.69229   0.09173   0.00000   0.72370  20.43469  -1.35145   0.02207   0.00000 111.93952  -9.64825   0.00110  -0.00011   0.01142   0.01131 142.50871   1.08250
  0.09540 142.48798  -2.64125   0.09012   0.00000   0.66341  18.19570  -1.34736   0.02222   0.00000 111.96800  -9.64946   0.00111   0.00022   0.01108   0.01098 142.51249   1.06195
  0.09560 142.49275  -2.58912   0.08847   0.00000   0.60343  15.95887  -1.34372   0.02235   0.00000 111.99648  -9.65066   0.00111   0.00022   0.01075   0.01064 142.51630   1.04096
  0.09580 142.49735  -2.53538   0.08678   0.00000   0.54645  13.80351  -1.34053   0.02247   0.00000 112.02495  -9.65184   0.00112  -0.00011   0.01041   0.01031 142.51993   1.01933
  0.09600 142.50198  -2.48058   0.08507   0.00000   0.48976  11.65136  -1.33777   0.02258   0.00000 112.05343  -9.65302   0.00113   0.00022   0.01008   0.00997 142.52360   0.99727
  0.09620 142.50665  -2.42475   0.08332   0.00000   0.43337   9.50161  -1.33544   0.02268   0.00000 112.08192  -9.65418   0.00113  -0.00011   0.00974   0.00964 142.52730   0.97479
  0.09640 142.51134  -2.36786   0.08155   0.00000   0.37725   7.35545  -1.33354   0.02276   0.00000 112.11040  -9.65533   0.00114   0.00022   0.00941   0.00930 142.53104   0.95190
  0.09660 142.51607  -2.30994   0.07974   0.00000   0.32140   5.21206  -1.33207   0.02284   0.00000 112.13888  -9.65646   0.00114   0.00022   0.00907   0.00897 142.53481   0.92858
  0.09680 142.52066  -2.25056   0.07790   0.00000   0.26800   3.13485  -1.33103   0.02290   0.00000 112.16737  -9.65759   0.00115  -0.00011   0.00874   0.00863 142.53845   0.90469
  0.09700 142.52528  -2.19018   0.07602   0.00000   0.21487   1.06146  -1.33040   0.02296   0.00000 112.19585  -9.65870   0.00115   0.00022   0.00840   0.00830 142.54212   0.88039
  0.09720 142.52992  -2.12879   0.07412   0.00000   0.16198  -1.00896  -1.33019   0.02300   0.00000 112.22434  -9.65980   0.00116  -0.00011   0.00807   0.00796 142.54583   0.85569
  0.09740 142.53459  -2.06640   0.07218   0.00000   0.10932  -3.07546  -1.33039   0.02303   0.00000 112.25283  -9.66089   0.00116   0.00022   0.00773   0.00763 142.54958   0.83059
  0.09760 142.53928  -2.00302   0.07022   0.00000   0.05690  -5.13886  -1.33100   0.02306   0.00000 112.28132  -9.66196   0.00116   0.00022   0.00740   0.00729 142.55337   0.80509
  0.09780 142.54387  -1.93832   0.06822   0.00000   0.00643  -7.14942  -1.33203   0.02307   0.00000 112.30981  -9.66303   0.00116  -0.00011   0.00706   0.00696 142.55707   0.77906
  0.09800 142.54856  -1.87327   0.06618   0.00000  -0.04384  -9.09149  -1.33346   0.02307   0.00000 112.33830  -9.66408   0.00117   0.00022   0.00673   0.00662 142.56089   0.75290
  0.09820 142.55337  -1.80804   0.06412   0.00000  -0.09390 -10.95288  -1.33528   0.02306   0.00000 112.36679  -9.66511   0.00117  -0.00011   0.00639   0.00629 142.56485   0.72666
  0.09840 142.55829  -1.74268   0.06203   0.00000  -0.14376 -12.73252  -1.33747   0.02304   0.00000 112.39529  -9.66614   0.00117   0.00022   0.00606   0.00595 142.56896   0.70037
  0.09860 142.56333  -1.67723   0.05991   0.00000  -0.19342 -14.43116  -1.34002   0.02301   0.00000 112.42378  -9.66715   0.00117   0.00022   0.00572   0.00562 142.57321   0.67404
  0.09880 142.56836  -1.61145   0.05775   0.00000  -0.24150 -16.00767  -1.34290   0.02297   0.00000 112.45228  -9.66816   0.00117  -0.00011   0.00539   0.00528 142.57748   0.64759
  0.09900 142.57349  -1.54568   0.05556   0.00000  -0.28968 -17.50185  -1.34610   0.02292   0.00000 112.48078  -9.66915   0.00117   0.00022   0.00505   0.00495 142.58188   0.62114
  0.09920 142.57870  -1.47996   0.05334   0.00000  -0.33790 -18.91464  -1.34960   0.02287   0.00000 112.50928  -9.67013   0.00117  -0.00011   0.00472   0.00461 142.58640   0.59471
  0.09940 142.58398  -1.41413   0.05109   0.00000  -0.38610 -20.26622  -1.35339   0.02280   0.00000 112.53778  -9.67109   0.00117   0.00022   0.00438   0.00428 142.59100   0.56823
  0.09960 142.58927  -1.34775   0.04881   0.00000  -0.43420 -21.60566  -1.35744   0.02272   0.00000 112.56628  -9.67205   0.00117   0.00022   0.00405   0.00394 142.59565   0.54154
  0.09980 142.59470  -1.28113   0.04652   0.00000  -0.48392 -22.97986  -1.36176   0.02263   0.00000 112.59479  -9.67299   0.00117  -0.00011   0.00371   0.00361 142.60046   0.51476
  0.10000 142.60016  -1.21395   0.04420   0.00000  -0.53327 -24.34088  -1.36636   0.02254   0.00000 112.62329  -9.67393   0.00117   0.00022   0.00338   0.00327 142.60533   0.48774
  0.10020 142.60565  -1.14621   0.04186   0.00000  -0.58223 -25.68951  -1.37123   0.02243   0.00000 112.65180  -9.67485   0.00116  -0.00011   0.00304   0.00294 142.61026   0.46051
  0.10040 142.61117  -1.07792   0.03949   0.00000  -0.63080 -27.02475  -1.37636   0.02231   0.00000 112.68030  -9.67576   0.00116   0.00022   0.00271   0.00260 142.61525   0.43306
  0.10060 142.61672  -1.00908   0.03709   0.00000  -0.67901 -28.34738  -1.38177   0.02219   0.00000 112.70881  -9.67666   0.00116   0.00022   0.00237   0.00227 142.62029   0.40539
  0.10080 142.62285  -0.94115   0.03472   0.00000  -0.73485 -29.87258  -1.38744   0.02205   0.00000 112.73732  -9.67755   0.00115  -0.00011   0.00204   0.00193 142.62596   0.37808
  0.10100 142.62899  -0.87253   0.03232   0.00000  -0.79041 -31.38975  -1.39341   0.02191   0.00000 112.76583  -9.67843   0.00115   0.00022   0.00170   0.00160 142.63166   0.35050
  0.10120 142.63513  -0.80322   0.02989   0.00000  -0.84578 -32.89996  -1.39969   0.02175   0.00000 112.79435  -9.67930   0.00115  -0.00011   0.00137   0.00126 142.63739   0.32264
  0.10140 142.64125  -0.73322   0.02742   0.00000  -0.90095 -34.40224  -1.40627   0.02158   0.00000 112.82286  -9.68016   0.00114   0.00022   0.00103   0.00093 142.64314   0.29451
  0.10160 142.64737  -0.66473   0.02492   0.00000  -0.95592 -35.90206  -1.41227   0.02140   0.00000 112.85138  -9.68100   0.00114   0.00022   0.00070   0.00059 142.64892   0.26699
  0.10180 142.65383  -0.59345   0.02240   0.00000  -1.03058 -37.92248  -1.41945   0.02121   0.00000 112.87990  -9.68184   0.00113  -0.00011   0.00036   0.00026 142.65507   0.23835
  0.10200 142.66029  -0.52122   0.01982   0.00000  -1.10525 -39.93477  -1.42704   0.02100   0.00000 112.90841  -9.68267   0.00112   0.00022   0.00003  -0.00008 142.66124   0.20933
  0.10220 142.66675  -0.44807   0.01720   0.00000  -1.17998 -41.93975  -1.43502   0.02078   0.00000 112.93694  -9.68348   0.00112  -0.00011  -0.00031  -0.00041 142.66746   0.17995
  0.10240 142.67322  -0.37398   0.01453   0.00000  -1.25510 -43.93704  -1.44341   0.02054   0.00000 112.96546  -9.68428   0.00111   0.00022  -0.00064  -0.00075 142.67371   0.15019
  0.10260 142.67965  -0.30591   0.01180   0.00000  -1.33060 -45.94220  -1.44941   0.02029   0.00000 112.99398  -9.68508   0.00110   0.00022  -0.00098  -0.00108 142.67998   0.12284
  0.10280 142.68634  -0.22978   0.00904   0.00000  -1.42759 -48.50802  -1.45860   0.02003   0.00000 113.02251  -9.68586   0.00110  -0.00011  -0.00131  -0.00142 142.68652   0.09227
  0.10300 142.69302  -0.15243   0.00620   0.00000  -1.52611 -51.06596  -1.46830   0.01974   0.00000 113.05103  -9.68663   0.00109   0.00022  -0.00165  -0.00175 142.69310   0.06121
  0.10320 142.69968  -0.07389   0.00324   0.00000  -1.62745 -53.61672  -1.47851   0.01944   0.00000 113.07956  -9.68739   0.00108  -0.00011  -0.00198  -0.00209 142.69970   0.02967
  0.10340 142.70632   0.00585   0.00006   0.00000  -1.73628 -56.15909  -1.48924   0.01911   0.00000 113.10809  -9.68815   0.00107   0.00022  -0.00232  -0.00242 142.70632  -0.00235
  0.10360 142.71296   0.07380  -0.00131   0.00000  -1.75880 -58.72362  -1.49524   0.01876   0.00000 113.13662  -9.68889   0.00106   0.00022  -0.00266  -0.00276 142.71298  -0.02963
  0.10380 142.71909   0.15692  -0.00313   0.00000  -1.81338 -61.98024  -1.50698   0.01841   0.00000 113.16516  -9.68962   0.00105  -0.00011  -0.00299  -0.00310 142.71918  -0.06300
  0.10400 142.72522   0.24159  -0.00510   0.00000  -1.87486 -65.22825  -1.51938   0.01805   0.00000 113.19369  -9.69034   0.00104   0.00022  -0.00333  -0.00343 142.72543  -0.09699
  0.10420 142.73136   0.32780  -0.00716   0.00000  -1.93993 -68.46846  -1.53242   0.01767   0.00000 113.22223  -9.69104   0.00103  -0.00011  -0.00366  -0.00377 142.73173  -0.13159
  0.10440 142.73749   0.41555  -0.00929   0.00000  -2.00730 -71.69983  -1.54612   0.01728   0.00000 113.25077  -9.69174   0.00102   0.00022  -0.00400  -0.00410 142.73809  -0.16681
  0.10460 142.74357   0.48406  -0.01148   0.00000  -2.07508 -74.96696  -1.55212   0.01688   0.00000 113.27931  -9.69243   0.00101   0.00022  -0.00433  -0.00444 142.74439  -0.19430
  0.10480 142.74858   0.57420  -0.01376   0.00000  -2.16214 -78.78122  -1.56711   0.01647   0.00000 113.30785  -9.69311   0.00100  -0.00011  -0.00467  -0.00477 142.74973  -0.23047
  0.10500 142.75354   0.66615  -0.01610   0.00000  -2.24983 -82.58534  -1.58287   0.01604   0.00000 113.33639  -9.69377   0.00099   0.00022  -0.00500  -0.00511 142.75509  -0.26737
  0.10520 142.75845   0.75991  -0.01850   0.00000  -2.33793 -86.38005  -1.59938   0.01558   0.00000 113.36493  -9.69443   0.00098  -0.00011  -0.00534  -0.00544 142.76047  -0.30498
  0.10540 142.76330   0.85546  -0.02094   0.00000  -2.42629 -90.16423  -1.61666   0.01512   0.00000 113.39348  -9.69507   0.00097   0.00022  -0.00567  -0.00578 142.76587  -0.34332
  0.10560 142.76825   0.92283  -0.02342   0.00000  -2.51418 -94.00207  -1.62266   0.01463   0.00000 113.42202  -9.69571   0.00095   0.00022  -0.00601  -0.00611 142.77124  -0.37034
  0.10580 142.77281   1.01809  -0.02590   0.00000  -2.61344 -98.07039  -1.64146   0.01413   0.00000 113.45057  -9.69633   0.00094  -0.00011  -0.00634  -0.00645 142.77644  -0.40856
  0.10600 142.77729   1.11524  -0.02843   0.00000  -2.71258 -102.12331  -1.66107   0.01361   0.00000 113.47912  -9.69695   0.00093   0.00022  -0.00668  -0.00678 142.78165  -0.44753
  0.10620 142.78168   1.21424  -0.03101   0.00000  -2.81156 -106.15812  -1.68150   0.01306   0.00000 113.50767  -9.69755   0.00092  -0.00011  -0.00701  -0.00712 142.78685  -0.48724
  0.10640 142.78597   1.31506  -0.03364   0.00000  -2.91036 -110.17356  -1.70273   0.01250   0.00000 113.53622  -9.69815   0.00090   0.00022  -0.00735  -0.00745 142.79203  -0.52768
  0.10660 142.79055   1.37777  -0.03632   0.00000  -3.00895 -114.25719  -1.70873   0.01192   0.00000 113.56477  -9.69873   0.00089   0.00022  -0.00768  -0.00779 142.79721  -0.55282
  0.10680 142.79898   1.47157  -0.03880   0.00000  -3.09938 -117.80962  -1.73158   0.01132   0.00000 113.59333  -9.69931   0.00088  -0.00011  -0.00802  -0.00812 142.80657  -0.59042
  0.10700 142.80729   1.56678  -0.04132   0.00000  -3.18945 -121.32369  -1.75514   0.01070   0.00000 113.62188  -9.69988   0.00086   0.00022  -0.00835  -0.00846 142.81589  -0.62858
  0.10720 142.81538   1.66258  -0.04389   0.00000  -3.27917 -124.71940  -1.77941   0.01006   0.00000 113.65044  -9.70044   0.00085  -0.00011  -0.00869  -0.00879 142.82506  -0.66698
  0.10740 142.82325   1.75891  -0.04650   0.00000  -3.36858 -127.99512  -1.80435   0.00940   0.00000 113.67900  -9.70099   0.00084   0.00022  -0.00902  -0.00913 142.83408  -0.70558
  0.10760 142.83157   1.80726  -0.04915   0.00000  -3.45776 -131.29504  -1.81035   0.00873   0.00000 113.70756  -9.70154   0.00082   0.00022  -0.00936  -0.00946 142.84301  -0.72493
  0.10780 142.84486   1.88518  -0.05133   0.00000  -3.50611 -132.78111  -1.83661   0.00804   0.00000 113.73612  -9.70208   0.00081  -0.00011  -0.00969  -0.00980 142.85731  -0.75611
  0.10800 142.85798   1.96291  -0.05354   0.00000  -3.55417 -134.17011  -1.86317   0.00733   0.00000 113.76469  -9.70262   0.00080   0.00022  -0.01003  -0.01013 142.87148  -0.78721
  0.10820 142.87095   2.04059  -0.05577   0.00000  -3.60194 -135.48359  -1.89000   0.00662   0.00000 113.79326  -9.70316   0.00078  -0.00011  -0.01036  -0.01047 142.88554  -0.81829
  0.10840 142.88386   2.11890  -0.05802   0.00000  -3.64945 -136.79234  -1.91710   0.00590   0.00000 113.82183  -9.70369   0.00077   0.00022  -0.01070  -0.01080 142.89958  -0.84961
  0.10860 142.89752   2.14455  -0.06030   0.00000  -3.69670 -138.20789  -1.92310   0.00517   0.00000 113.85041  -9.70422   0.00075   0.00022  -0.01103  -0.01114 142.91363  -0.85981
  0.10880 142.91357   2.20552  -0.06208   0.00000  -3.69266 -137.63538  -1.95074   0.00443   0.00000 113.87898  -9.70475   0.00074  -0.00011  -0.01137  -0.01147 142.93060  -0.88415
  0.10900 142.92957   2.26618  -0.06387   0.00000  -3.68824 -137.05874  -1.97827   0.00369   0.00000 113.90757  -9.70529   0.00072   0.00022  -0.01170  -0.01181 142.94755  -0.90836
  0.10920 142.94554   2.32652  -0.06564   0.00000  -3.68346 -136.47889  -2.00568   0.00295   0.00000 113.93615  -9.70582   0.00071  -0.00011  -0.01204  -0.01214 142.96449  -0.93244
  0.10940 142.96148   2.38654  -0.06741   0.00000  -3.67831 -135.89495  -2.03297   0.00222   0.00000 113.96474  -9.70636   0.00069   0.00022  -0.01237  -0.01248 142.98141  -0.95638
  0.10960 142.97828   2.39339  -0.06918   0.00000  -3.67278 -135.41760  -2.03897   0.00148   0.00000 113.99333  -9.70689   0.00068   0.00022  -0.01271  -0.01281 142.99833  -0.95902
  0.10980 142.99539   2.45100  -0.07089   0.00000  -3.66089 -134.61343  -2.06606   0.00075   0.00000 114.02192  -9.70743   0.00066  -0.00011  -0.01304  -0.01315 143.01641  -0.98198
  0.11000 143.01247   2.50818  -0.07259   0.00000  -3.64861 -133.80528  -2.09298   0.00001   0.00000 114.05052  -9.70797   0.00065   0.00022  -0.01338  -0.01348 143.03448  -1.00476
  0.11020 143.02951   2.56494  -0.07428   0.00000  -3.63596 -132.99434  -2.11974  -0.00072   0.00000 114.07912  -9.70852   0.00063  -0.00011  -0.01371  -0.01382 143.05253  -1.02737
  0.11040 143.04652   2.62127  -0.07596   0.00000  -3.62292 -132.17973  -2.14634  -0.00144   0.00000 114.10773  -9.70906   0.00062   0.00022  -0.01405  -0.01415 143.07056  -1.04980
  0.11060 143.06446   2.62613  -0.07763   0.00000  -3.60950 -131.46811  -2.15234  -0.00217   0.00000 114.13634  -9.70961   0.00061   0.00022  -0.01438  -0.01449 143.08858  -1.05162
  0.11080 143.08190   2.68148  -0.07928   0.00000  -3.59476 -130.61626  -2.17863  -0.00289   0.00000 114.16495  -9.71016   0.00059  -0.00011  -0.01472  -0.01482 143.10704  -1.07365
  0.11100 143.09930   2.73638  -0.08092   0.00000  -3.57963 -129.76079  -2.20476  -0.00361   0.00000 114.19357  -9.71071   0.00058   0.00022  -0.01505  -0.01516 143.12549  -1.09549
  0.11120 143.11668   2.79083  -0.08256   0.00000  -3.56412 -128.90264  -2.23071  -0.00433   0.00000 114.22219  -9.71127   0.00056  -0.00011  -0.01539  -0.01549 143.14391  -1.11715
  0.11140 143.13403   2.84483  -0.08418   0.00000  -3.54823 -128.04091  -2.25649  -0.00504   0.00000 114.25081  -9.71182   0.00055   0.00022  -0.01572  -0.01583 143.16232  -1.13862
  0.11160 143.15234   2.84938  -0.08579   0.00000  -3.53196 -127.27803  -2.26249  -0.00575   0.00000 114.27944  -9.71238   0.00053   0.00022  -0.01606  -0.01616 143.18072  -1.14030
  0.11180 143.16945   2.90256  -0.08739   0.00000  -3.51552 -126.42094  -2.28795  -0.00646   0.00000 114.30807  -9.71294   0.00052  -0.00011  -0.01639  -0.01650 143.19890  -1.16143
  0.11200 143.18653   2.95529  -0.08897   0.00000  -3.49870 -125.56034  -2.31323  -0.00716   0.00000 114.33670  -9.71350   0.00051   0.00022  -0.01673  -0.01683 143.21706  -1.18239
  0.11220 143.20359   3.00757  -0.09055   0.00000  -3.48149 -124.69738  -2.33834  -0.00786   0.00000 114.36534  -9.71407   0.00049  -0.00011  -0.01706  -0.01717 143.23520  -1.20315
  0.11240 143.22062   3.05945  -0.09211   0.00000  -3.46390 -123.83616  -2.36328  -0.00856   0.00000 114.39398  -9.71464   0.00048   0.00022  -0.01740  -0.01750 143.25333  -1.22376
  0.11260 143.23865   3.06397  -0.09367   0.00000  -3.44593 -123.07125  -2.36928  -0.00925   0.00000 114.42263  -9.71521   0.00046   0.00022  -0.01773  -0.01784 143.27145  -1.22541
  0.11280 143.25435   3.11377  -0.09517   0.00000  -3.42178 -122.02639  -2.39390  -0.00994   0.00000 114.45127  -9.71578   0.00045  -0.00011  -0.01807  -0.01817 143.28821  -1.24518
  0.11300 143.27002   3.16307  -0.09665   0.00000  -3.39724 -120.98311  -2.41830  -0.01063   0.00000 114.47993  -9.71635   0.00043   0.00022  -0.01841  -0.01851 143.30497  -1.26475
  0.11320 143.28568   3.21188  -0.09812   0.00000  -3.37233 -119.94232  -2.44250  -0.01131   0.00000 114.50858  -9.71693   0.00042  -0.00011  -0.01807  -0.01817 143.32171  -1.28412
  0.11340 143.30132   3.26020  -0.09958   0.00000  -3.34776 -118.90307  -2.46649  -0.01198   0.00000 114.53724  -9.71751   0.00041   0.00022  -0.01841  -0.01851 143.33844  -1.30329
  0.11360 143.31798   3.26351  -0.10102   0.00000  -3.32281 -117.95502  -2.47249  -0.01265   0.00000 114.56590  -9.71809   0.00039   0.00022  -0.01807  -0.01817 143.35517  -1.30446
  0.11380 143.32790   3.28355  -0.10162   0.00000  -3.21679 -114.30666  -2.49608  -0.01332   0.00000 114.59457  -9.71868   0.00038  -0.00011  -0.01773  -0.01784 143.36554  -1.31238
  0.11400 143.33784   3.30177  -0.10216   0.00000  -3.11113 -110.65814  -2.51894  -0.01396   0.00000 114.62323  -9.71927   0.00037   0.00022  -0.01807  -0.01817 143.37590  -1.31957
  0.11420 143.34782   3.31816  -0.10265   0.00000  -3.00511 -107.01029  -2.54107  -0.01458   0.00000 114.65190  -9.71987   0.00035  -0.00011  -0.01773  -0.01784 143.38626  -1.32603
  0.11440 143.35783   3.33274  -0.10309   0.00000  -2.89945 -103.36211  -2.56247  -0.01519   0.00000 114.68057  -9.72048   0.00034   0.00022  -0.01807  -0.01817 143.39661  -1.33176
  0.11460 143.36874   3.30875  -0.10348   0.00000  -2.79341 -99.78767  -2.56847  -0.01577   0.00000 114.70925  -9.72109   0.00033   0.00022  -0.01773  -0.01784 143.40696  -1.32207
  0.11480 143.37072   3.29651  -0.10308   0.00000  -2.64170 -94.71972  -2.58843  -0.01633   0.00000 114.73792  -9.72172   0.00031  -0.00011  -0.01740  -0.01750 143.40865  -1.31716
  0.11500 143.37277   3.28172  -0.10261   0.00000  -2.49037 -89.65048  -2.60737  -0.01685   0.00000 114.76660  -9.72235   0.00030   0.00022  -0.01706  -0.01717 143.41036  -1.31124
  0.11520 143.37488   3.26439  -0.10207   0.00000  -2.33941 -84.58072  -2.62530  -0.01735   0.00000 114.79527  -9.72300   0.00029  -0.00011  -0.01673  -0.01683 143.41207  -1.30430
  0.11540 143.37705   3.24451  -0.10146   0.00000  -2.18882 -79.50943  -2.64222  -0.01782   0.00000 114.82394  -9.72366   0.00028   0.00022  -0.01639  -0.01650 143.41379  -1.29634
  0.11560 143.37986   3.19727  -0.10078   0.00000  -2.03858 -74.48679  -2.64822  -0.01826   0.00000 114.85262  -9.72434   0.00027   0.00022  -0.01606  -0.01616 143.41554  -1.27744
  0.11580 143.38354   3.16767  -0.09986   0.00000  -1.91773 -70.36256  -2.66312  -0.01867   0.00000 114.88129  -9.72502   0.00025  -0.00011  -0.01572  -0.01583 143.41856  -1.26559
  0.11600 143.38728   3.13599  -0.09889   0.00000  -1.79723 -66.23619  -2.67719  -0.01905   0.00000 114.90997  -9.72572   0.00024   0.00022  -0.01539  -0.01549 143.42160  -1.25290
  0.11620 143.39107   3.10222  -0.09786   0.00000  -1.67707 -62.10849  -2.69044  -0.01941   0.00000 114.93864  -9.72644   0.00023  -0.00011  -0.01505  -0.01516 143.42465  -1.23938
  0.11640 143.39491   3.06637  -0.09677   0.00000  -1.55723 -57.97844  -2.70286  -0.01975   0.00000 114.96732  -9.72716   0.00022   0.00022  -0.01472  -0.01482 143.42772  -1.22503
  0.11660 143.39911   3.01441  -0.09563   0.00000  -1.43772 -53.87477  -2.70886  -0.02006   0.00000 114.99600  -9.72790   0.00021   0.00022  -0.01438  -0.01449 143.43082  -1.20424
  0.11680 143.40337   2.97544  -0.09445   0.00000  -1.35739 -50.97974  -2.71963  -0.02035   0.00000 115.02467  -9.72865   0.00020  -0.00011  -0.01405  -0.01415 143.43427  -1.18864
  0.11700 143.40768   2.93501  -0.09324   0.00000  -1.27738 -48.08318  -2.72983  -0.02062   0.00000 115.05335  -9.72942   0.00020   0.00022  -0.01371  -0.01382 143.43774  -1.17246
  0.11720 143.41202   2.89314  -0.09199   0.00000  -1.19769 -45.18912  -2.73945  -0.02087   0.00000 115.08203  -9.73020   0.00019  -0.00011  -0.01338  -0.01348 143.44123  -1.15571
  0.11740 143.41641   2.84984  -0.09070   0.00000  -1.11833 -42.29675  -2.74848  -0.02111   0.00000 115.11070  -9.73099   0.00018   0.00022  -0.01304  -0.01315 143.44475  -1.13838
  0.11760 143.42096   2.79896  -0.08937   0.00000  -1.03927 -39.41974  -2.75448  -0.02134   0.00000 115.13938  -9.73180   0.00017   0.00022  -0.01271  -0.01281 143.44829  -1.11802
  0.11780 143.42513   2.75286  -0.08800   0.00000  -0.97809 -37.08812  -2.76237  -0.02155   0.00000 115.16806  -9.73262   0.00017  -0.00011  -0.01237  -0.01248 143.45157  -1.09958
  0.11800 143.42934   2.70562  -0.08660   0.00000  -0.91723 -34.75843  -2.76979  -0.02174   0.00000 115.19674  -9.73345   0.00016   0.00022  -0.01204  -0.01214 143.45488  -1.08069
  0.11820 143.43358   2.65723  -0.08517   0.00000  -0.85668 -32.43165  -2.77674  -0.02193   0.00000 115.22542  -9.73430   0.00015  -0.00011  -0.01170  -0.01181 143.45822  -1.06133
  0.11840 143.43786   2.60770  -0.08371   0.00000  -0.79643 -30.10692  -2.78322  -0.02210   0.00000 115.25409  -9.73516   0.00015   0.00022  -0.01137  -0.01147 143.46158  -1.04152
  0.11860 143.44216   2.55697  -0.08223   0.00000  -0.73649 -27.78532  -2.78922  -0.02226   0.00000 115.28277  -9.73603   0.00014   0.00022  -0.01103  -0.01114 143.46497  -1.02123
  0.11880 143.44626   2.50452  -0.08069   0.00000  -0.68006 -25.56697  -2.79478  -0.02240   0.00000 115.31145  -9.73691   0.00013  -0.00011  -0.01070  -0.01080 143.46814  -1.00026
  0.11900 143.45038   2.45099  -0.07913   0.00000  -0.62392 -23.35089  -2.79989  -0.02254   0.00000 115.34013  -9.73781   0.00013   0.00022  -0.01036  -0.01047 143.47134  -0.97886
  0.11920 143.45454   2.39637  -0.07753   0.00000  -0.56807 -21.13828  -2.80456  -0.02267   0.00000 115.36881  -9.73872   0.00013  -0.00011  -0.01003  -0.01013 143.47457  -0.95702
  0.11940 143.45872   2.34068  -0.07591   0.00000  -0.51250 -18.92834  -2.80879  -0.02278   0.00000 115.39749  -9.73965   0.00012   0.00022  -0.00969  -0.00980 143.47784  -0.93476
  0.11960 143.46293   2.28390  -0.07426   0.00000  -0.45719 -16.72203  -2.81258  -0.02288   0.00000 115.42617  -9.74059   0.00012   0.00022  -0.00936  -0.00946 143.48113  -0.91206
  0.11980 143.46700   2.22562  -0.07257   0.00000  -0.40423 -14.58318  -2.81592  -0.02297   0.00000 115.45485  -9.74154   0.00011  -0.00011  -0.00902  -0.00913 143.48428  -0.88876
  0.12000 143.47110   2.16630  -0.07085   0.00000  -0.35152 -12.44722  -2.81884  -0.02305   0.00000 115.48353  -9.74250   0.00011   0.00022  -0.00869  -0.00879 143.48747  -0.86505
  0.12020 143.47522   2.10593  -0.06910   0.00000  -0.29906 -10.31511  -2.82133  -0.02312   0.00000 115.51221  -9.74348   0.00011  -0.00011  -0.00835  -0.00846 143.49069  -0.84093
  0.12040 143.47936   2.04453  -0.06732   0.00000  -0.24684  -8.18600  -2.82339  -0.02318   0.00000 115.54090  -9.74447   0.00011   0.00022  -0.00802  -0.00812 143.49395  -0.81639
  0.12060 143.48353   1.98209  -0.06551   0.00000  -0.19485  -6.06088  -2.82503  -0.02323   0.00000 115.56958  -9.74548   0.00010   0.00022  -0.00768  -0.00779 143.49724  -0.79144
  0.12080 143.48761   1.91849  -0.06366   0.00000  -0.14485  -4.01592  -2.82624  -0.02327   0.00000 115.59826  -9.74650   0.00010  -0.00011  -0.00735  -0.00745 143.50045  -0.76602
  0.12100 143.49181   1.85464  -0.06178   0.00000  -0.09506  -2.05052  -2.82704  -0.02330   0.00000 115.62694  -9.74753   0.00010   0.00022  -0.00701  -0.00712 143.50381  -0.74051
  0.12120 143.49613   1.79058  -0.05987   0.00000  -0.04551  -0.16586  -2.82745  -0.02332   0.00000 115.65562  -9.74857   0.00010  -0.00011  -0.00668  -0.00678 143.50731  -0.71492
  0.12140 143.50056   1.72637  -0.05794   0.00000   0.00382   1.63875  -2.82749  -0.02333   0.00000 115.68430  -9.74963   0.00010   0.00022  -0.00634  -0.00645 143.51095  -0.68926
  0.12160 143.50510   1.66204  -0.05597   0.00000   0.05291   3.36224  -2.82716  -0.02333   0.00000 115.71299  -9.75070   0.00010   0.00022  -0.00601  -0.00611 143.51474  -0.66356
  0.12180 143.50965   1.59732  -0.05397   0.00000   0.10020   4.95849  -2.82649  -0.02332   0.00000 115.74167  -9.75179   0.00010  -0.00011  -0.00567  -0.00578 143.51854  -0.63770
  0.12200 143.51430   1.53259  -0.05194   0.00000   0.14723   6.47399  -2.82550  -0.02330   0.00000 115.77035  -9.75288   0.00010   0.00022  -0.00534  -0.00544 143.52249  -0.61184
  0.12220 143.51905   1.46790  -0.04988   0.00000   0.19424   7.90783  -2.82420  -0.02327   0.00000 115.79903  -9.75399   0.00010  -0.00011  -0.00500  -0.00511 143.52656  -0.58599
  0.12240 143.52384   1.40288  -0.04779   0.00000   0.24126   9.30096  -2.82262  -0.02323   0.00000 115.82772  -9.75511   0.00011   0.00022  -0.00467  -0.00477 143.53070  -0.56002
  0.12260 143.52864   1.33728  -0.04567   0.00000   0.28823  10.68111  -2.82076  -0.02318   0.00000 115.85640  -9.75625   0.00011   0.00022  -0.00433  -0.00444 143.53488  -0.53382
  0.12280 143.53341   1.27100  -0.04353   0.00000   0.33457  12.03243  -2.81862  -0.02312   0.00000 115.88509  -9.75739   0.00011  -0.00011  -0.00400  -0.00410 143.53905  -0.50735
  0.12300 143.53819   1.20417  -0.04135   0.00000   0.38081  13.37142  -2.81622  -0.02306   0.00000 115.91377  -9.75855   0.00011   0.00022  -0.00366  -0.00377 143.54325  -0.48065
  0.12320 143.54298   1.13678  -0.03916   0.00000   0.42688  14.69708  -2.81354  -0.02298   0.00000 115.94245  -9.75972   0.00012  -0.00011  -0.00333  -0.00343 143.54749  -0.45374
  0.12340 143.54780   1.06886  -0.03693   0.00000   0.47253  16.01020  -2.81060  -0.02290   0.00000 115.97114  -9.76090   0.00012   0.00022  -0.00299  -0.00310 143.55179  -0.42662
  0.12360 143.55266   1.00040  -0.03468   0.00000   0.51777  17.30976  -2.80740  -0.02280   0.00000 115.99983  -9.76210   0.00012   0.00022  -0.00266  -0.00276 143.55615  -0.39928
  0.12380 143.55791   0.93239  -0.03245   0.00000   0.56772  18.74484  -2.80394  -0.02270   0.00000 116.02851  -9.76330   0.00013  -0.00011  -0.00232  -0.00242 143.56094  -0.37212
  0.12400 143.56318   0.86373  -0.03018   0.00000   0.61734  20.17296  -2.80019  -0.02258   0.00000 116.05720  -9.76452   0.00013   0.00022  -0.00198  -0.00209 143.56578  -0.34471
  0.12420 143.56846   0.79442  -0.02789   0.00000   0.66663  21.59313  -2.79615  -0.02246   0.00000 116.08588  -9.76575   0.00014  -0.00011  -0.00165  -0.00175 143.57066  -0.31704
  0.12440 143.57375   0.72448  -0.02556   0.00000   0.71568  23.00621  -2.79184  -0.02233   0.00000 116.11457  -9.76699   0.00014   0.00022  -0.00131  -0.00142 143.57558  -0.28911
  0.12460 143.57903   0.65389  -0.02321   0.00000   0.76453  24.41119  -2.78723  -0.02218   0.00000 116.14326  -9.76825   0.00015   0.00022  -0.00098  -0.00108 143.58052  -0.26093
  0.12480 143.58479   0.58349  -0.02085   0.00000   0.82870  26.24600  -2.78235  -0.02203   0.00000 116.17195  -9.76951   0.00016  -0.00011  -0.00064  -0.00075 143.58598  -0.23283
  0.12500 143.59055   0.51224  -0.01845   0.00000   0.89282  28.07360  -2.77710  -0.02186   0.00000 116.20064  -9.77079   0.00016   0.00022  -0.00031  -0.00041 143.59147  -0.20439
  0.12520 143.59630   0.44014  -0.01601   0.00000   0.95697  29.89300  -2.77149  -0.02169   0.00000 116.22933  -9.77208   0.00017  -0.00011   0.00003  -0.00008 143.59698  -0.17562
  0.12540 143.60205   0.36720  -0.01352   0.00000   1.02124  31.70572  -2.76551  -0.02149   0.00000 116.25802  -9.77338   0.00018   0.00022   0.00036   0.00026 143.60252  -0.14651
  0.12560 143.60779   0.29427  -0.01098   0.00000   1.08595  33.51257  -2.75951  -0.02129   0.00000 116.28671  -9.77469   0.00019   0.00022   0.00070   0.00059 143.60809  -0.11740
  0.12580 143.61387   0.21959  -0.00838   0.00000   1.17403  35.92731  -2.75281  -0.02107   0.00000 116.31540  -9.77602   0.00019  -0.00011   0.00103   0.00093 143.61404  -0.08761
  0.12600 143.61995   0.14376  -0.00569   0.00000   1.26365  38.33512  -2.74562  -0.02084   0.00000 116.34409  -9.77735   0.00020   0.00022   0.00137   0.00126 143.62002  -0.05735
  0.12620 143.62603   0.06680  -0.00288   0.00000   1.35624  40.73492  -2.73796  -0.02058   0.00000 116.37278  -9.77870   0.00021  -0.00011   0.00170   0.00160 143.62605  -0.02665
  0.12640 143.63211  -0.01128   0.00017   0.00000   1.45686  43.12729  -2.72981  -0.02031   0.00000 116.40147  -9.78006   0.00022   0.00022   0.00204   0.00193 143.63211   0.00450
  0.12660 143.63817  -0.08396   0.00168   0.00000   1.48920  45.52684  -2.72381  -0.02002   0.00000 116.43017  -9.78143   0.00023   0.00022   0.00237   0.00227 143.63820   0.03349
  0.12680 143.64379  -0.16521   0.00351   0.00000   1.54839  48.64379  -2.71470  -0.01972   0.00000 116.45886  -9.78281   0.00024  -0.00011   0.00271   0.00260 143.64389   0.06590
  0.12700 143.64938  -0.24794   0.00544   0.00000   1.61103  51.75318  -2.70497  -0.01941   0.00000 116.48756  -9.78420   0.00025   0.00022   0.00304   0.00294 143.64959   0.09889
  0.12720 143.65495  -0.33215   0.00744   0.00000   1.67542  54.85399  -2.69462  -0.01909   0.00000 116.51625  -9.78561   0.00026  -0.00011   0.00338   0.00327 143.65533   0.13248
  0.12740 143.66052  -0.41785   0.00949   0.00000   1.74102  57.94699  -2.68365  -0.01875   0.00000 116.54495  -9.78703   0.00028   0.00022   0.00371   0.00361 143.66113   0.16665
  0.12760 143.66607  -0.49101   0.01159   0.00000   1.80681  61.06030  -2.67765  -0.01841   0.00000 116.57365  -9.78845   0.00029   0.00022   0.00405   0.00394 143.66691   0.19582
  0.12780 143.67077  -0.57969   0.01378   0.00000   1.89182  64.80755  -2.66544  -0.01804   0.00000 116.60234  -9.78990   0.00030  -0.00011   0.00438   0.00428 143.67194   0.23118
  0.12800 143.67545  -0.67017   0.01601   0.00000   1.97724  68.54566  -2.65248  -0.01767   0.00000 116.63104  -9.79135   0.00031   0.00022   0.00472   0.00461 143.67702   0.26725
  0.12820 143.68009  -0.76243   0.01830   0.00000   2.06277  72.27352  -2.63877  -0.01727   0.00000 116.65974  -9.79281   0.00032  -0.00011   0.00505   0.00495 143.68211   0.30403
  0.12840 143.68467  -0.85647   0.02062   0.00000   2.14831  75.99185  -2.62432  -0.01686   0.00000 116.68844  -9.79429   0.00033   0.00022   0.00539   0.00528 143.68723   0.34152
  0.12860 143.68931  -0.92921   0.02299   0.00000   2.23318  79.74768  -2.61832  -0.01643   0.00000 116.71714  -9.79577   0.00035   0.00022   0.00572   0.00562 143.69231   0.37052
  0.12880 143.69218  -1.02466   0.02539   0.00000   2.33310  83.93883  -2.60237  -0.01598   0.00000 116.74584  -9.79727   0.00036  -0.00011   0.00606   0.00595 143.69584   0.40857
  0.12900 143.69498  -1.12207   0.02783   0.00000   2.43278  88.11570  -2.58558  -0.01551   0.00000 116.77453  -9.79878   0.00037   0.00022   0.00639   0.00629 143.69937   0.44740
  0.12920 143.69770  -1.22139   0.03032   0.00000   2.53221  92.27327  -2.56795  -0.01502   0.00000 116.80323  -9.80030   0.00039  -0.00011   0.00673   0.00662 143.70289   0.48699
  0.12940 143.70032  -1.32262   0.03286   0.00000   2.63137  96.41211  -2.54950  -0.01452   0.00000 116.83193  -9.80183   0.00040   0.00022   0.00706   0.00696 143.70641   0.52734
  0.12960 143.70317  -1.39244   0.03545   0.00000   2.73024 100.60239  -2.54350  -0.01399   0.00000 116.86063  -9.80338   0.00041   0.00022   0.00740   0.00729 143.70992   0.55516
  0.12980 143.70968  -1.48814   0.03788   0.00000   2.82408 104.43621  -2.52338  -0.01344   0.00000 116.88933  -9.80493   0.00043  -0.00011   0.00773   0.00763 143.71739   0.59329
  0.13000 143.71606  -1.58535   0.04036   0.00000   2.91755 108.22965  -2.50249  -0.01288   0.00000 116.91804  -9.80649   0.00044   0.00022   0.00807   0.00796 143.72481   0.63201
  0.13020 143.72224  -1.68328   0.04287   0.00000   3.01065 111.90031  -2.48085  -0.01230   0.00000 116.94674  -9.80806   0.00046  -0.00011   0.00840   0.00830 143.73210   0.67102
  0.13040 143.72819  -1.78185   0.04544   0.00000   3.10345 115.44824  -2.45847  -0.01169   0.00000 116.97544  -9.80965   0.00047   0.00022   0.00874   0.00863 143.73924   0.71028
  0.13060 143.73451  -1.83847   0.04804   0.00000   3.19600 118.99664  -2.45247  -0.01107   0.00000 117.00414  -9.81123   0.00049   0.00022   0.00907   0.00897 143.74628   0.73282
  0.13080 143.74577  -1.92055   0.05025   0.00000   3.25441 120.97817  -2.42867  -0.01043   0.00000 117.03285  -9.81283   0.00050  -0.00011   0.00941   0.00930 143.75861   0.76547
  0.13100 143.75685  -2.00262   0.05249   0.00000   3.31256 122.85753  -2.40447  -0.00978   0.00000 117.06156  -9.81443   0.00052   0.00022   0.00974   0.00964 143.77081   0.79811
  0.13120 143.76781  -2.08511   0.05475   0.00000   3.37045 124.68167  -2.37990  -0.00912   0.00000 117.09026  -9.81604   0.00053  -0.00011   0.01008   0.00997 143.78294   0.83092
  0.13140 143.77870  -2.16847   0.05704   0.00000   3.42810 126.50172  -2.35496  -0.00844   0.00000 117.11898  -9.81765   0.00055   0.00022   0.01041   0.01031 143.79506   0.86407
  0.13160 143.79027  -2.20427   0.05936   0.00000   3.48551 128.41570  -2.34896  -0.00776   0.00000 117.14769  -9.81927   0.00056   0.00022   0.01075   0.01064 143.80717   0.87826
  0.13180 143.80495  -2.27093   0.06122   0.00000   3.49639 128.46652  -2.32328  -0.00706   0.00000 117.17641  -9.82088   0.00058  -0.00011   0.01108   0.01098 143.82289   0.90472
  0.13200 143.81958  -2.33758   0.06309   0.00000   3.50692 128.51390  -2.29759  -0.00636   0.00000 117.20512  -9.82250   0.00060   0.00022   0.01142   0.01131 143.83859   0.93118
  0.13220 143.83418  -2.40422   0.06496   0.00000   3.51709 128.55694  -2.27188  -0.00566   0.00000 117.23385  -9.82412   0.00061  -0.00011   0.01175   0.01165 143.85428   0.95762
  0.13240 143.84872  -2.47086   0.06683   0.00000   3.52692 128.59655  -2.24617  -0.00495   0.00000 117.26257  -9.82575   0.00063   0.00022   0.01209   0.01198 143.86996   0.98406
  0.13260 143.86409  -2.48797   0.06870   0.00000   3.53639 128.73291  -2.24017  -0.00425   0.00000 117.29130  -9.82737   0.00064   0.00022   0.01242   0.01232 143.88562   0.99077
  0.13280 143.88055  -2.54682   0.07037   0.00000   3.52355 127.96092  -2.21443  -0.00354   0.00000 117.32003  -9.82899   0.00066  -0.00011   0.01276   0.01265 143.90311   1.01408
  0.13300 143.89698  -2.60526   0.07202   0.00000   3.51033 127.18605  -2.18883  -0.00283   0.00000 117.34877  -9.83061   0.00067   0.00022   0.01309   0.01299 143.92058   1.03723
  0.13320 143.91337  -2.66328   0.07367   0.00000   3.49673 126.40742  -2.16340  -0.00213   0.00000 117.37751  -9.83223   0.00069  -0.00011   0.01343   0.01332 143.93803   1.06020
  0.13340 143.92973  -2.72089   0.07530   0.00000   3.48274 125.62596  -2.13812  -0.00143   0.00000 117.40625  -9.83385   0.00071   0.00022   0.01376   0.01366 143.95547   1.08301
  0.13360 143.94698  -2.73003   0.07693   0.00000   3.46838 124.93863  -2.13212  -0.00073   0.00000 117.43499  -9.83547   0.00072   0.00022   0.01410   0.01400 143.97289   1.08652
  0.13380 143.96406  -2.78627   0.07852   0.00000   3.45125 124.06923  -2.10713  -0.00004   0.00000 117.46374  -9.83708   0.00074  -0.00011   0.01444   0.01433 143.99104   1.10876
  0.13400 143.98111  -2.84204   0.08011   0.00000   3.43375 123.19706  -2.08231   0.00065   0.00000 117.49249  -9.83870   0.00075   0.00022   0.01477   0.01467 144.00918   1.13081
  0.13420 143.99814  -2.89735   0.08168   0.00000   3.41585 122.32124  -2.05767   0.00134   0.00000 117.52125  -9.84031   0.00077  -0.00011   0.01511   0.01500 144.02731   1.15268
  0.13440 144.01513  -2.95219   0.08324   0.00000   3.39758 121.44271  -2.03321   0.00202   0.00000 117.55001  -9.84193   0.00078   0.00022   0.01544   0.01534 144.04541   1.17435
  0.13460 144.03305  -2.96060   0.08479   0.00000   3.37892 120.65413  -2.02721   0.00270   0.00000 117.57878  -9.84354   0.00080   0.00022   0.01578   0.01567 144.06350   1.17755
  0.13480 144.05005  -3.01458   0.08632   0.00000   3.35983 119.77003  -2.00308   0.00338   0.00000 117.60754  -9.84515   0.00082  -0.00011   0.01611   0.01601 144.08161   1.19887
  0.13500 144.06702  -3.06814   0.08785   0.00000   3.34037 118.88744  -1.97913   0.00405   0.00000 117.63631  -9.84676   0.00083   0.00022   0.01645   0.01634 144.09972   1.22002
  0.13520 144.08398  -3.12129   0.08936   0.00000   3.32051 118.00666  -1.95535   0.00472   0.00000 117.66509  -9.84837   0.00085  -0.00011   0.01678   0.01668 144.11781   1.24100
  0.13540 144.10091  -3.17402   0.09085   0.00000   3.30028 117.12858  -1.93175   0.00538   0.00000 117.69387  -9.84997   0.00086   0.00022   0.01712   0.01701 144.13589   1.26181
  0.13560 144.11879  -3.18247   0.09233   0.00000   3.27965 116.33819  -1.92575   0.00604   0.00000 117.72265  -9.85158   0.00088   0.00022   0.01745   0.01735 144.15396   1.26502
  0.13580 144.13476  -3.23362   0.09378   0.00000   3.25537 115.34610  -1.90248   0.00670   0.00000 117.75144  -9.85318   0.00089  -0.00011   0.01712   0.01701 144.17106   1.28520
  0.13600 144.15071  -3.28430   0.09522   0.00000   3.23143 114.35661  -1.87941   0.00735   0.00000 117.78023  -9.85479   0.00091   0.00022   0.01745   0.01735 144.18815   1.30519
  0.13620 144.16664  -3.33450   0.09664   0.00000   3.20711 113.36878  -1.85654   0.00800   0.00000 117.80902  -9.85639   0.00092  -0.00011   0.01712   0.01701 144.20523   1.32499
  0.13640 144.18256  -3.38424   0.09805   0.00000   3.18315 112.38351  -1.83386   0.00864   0.00000 117.83782  -9.85799   0.00094   0.00022   0.01745   0.01735 144.22231   1.34459
  0.13660 144.19944  -3.39200   0.09945   0.00000   3.15880 111.48106  -1.82786   0.00928   0.00000 117.86662  -9.85959   0.00095   0.00022   0.01712   0.01701 144.23937   1.34752
  0.13680 144.21163  -3.42194   0.10029   0.00000   3.07911 108.58856  -1.80557   0.00991   0.00000 117.89542  -9.86119   0.00097  -0.00011   0.01678   0.01668 144.25226   1.35930
  0.13700 144.22384  -3.45044   0.10109   0.00000   2.99979 105.69733  -1.78385   0.01052   0.00000 117.92423  -9.86278   0.00098   0.00022   0.01645   0.01701 144.26514   1.37049
  0.13720 144.23606  -3.47749   0.10185   0.00000   2.92010 102.80638  -1.76271   0.01113   0.00000 117.95304  -9.86437   0.00100  -0.00011   0.01678   0.01668 144.27801   1.38112
  0.13740 144.24830  -3.50310   0.10257   0.00000   2.84078  99.91655  -1.74215   0.01171   0.00000 117.98185  -9.86595   0.00101   0.00022   0.01645   0.01701 144.29087   1.39117
  0.13760 144.26143  -3.49203   0.10325   0.00000   2.76108  97.09577  -1.73615   0.01228   0.00000 118.01066  -9.86753   0.00103   0.00022   0.01611   0.01668 144.30372   1.38665
  0.13780 144.26530  -3.48686   0.10307   0.00000   2.61998  92.11239  -1.71673   0.01283   0.00000 118.03948  -9.86910   0.00104  -0.00011   0.01578   0.01634 144.30747   1.38456
  0.13800 144.26923  -3.47917   0.10282   0.00000   2.47928  87.12848  -1.69831   0.01335   0.00000 118.06830  -9.87066   0.00106   0.00022   0.01544   0.01601 144.31121   1.38147
  0.13820 144.27322  -3.46897   0.10250   0.00000   2.33896  82.14333  -1.68088   0.01385   0.00000 118.09712  -9.87221   0.00107  -0.00011   0.01511   0.01567 144.31495   1.37738
  0.13840 144.27727  -3.45624   0.10212   0.00000   2.19903  77.15775  -1.66445   0.01432   0.00000 118.12594  -9.87375   0.00109   0.00022   0.01477   0.01534 144.31870   1.37229
  0.13860 144.28196  -3.41722   0.10167   0.00000   2.05946  72.21716  -1.65845   0.01476   0.00000 118.15477  -9.87528   0.00110   0.00022   0.01444   0.01500 144.32246   1.35676
  0.13880 144.28483  -3.38956   0.10085   0.00000   1.93033  67.59101  -1.64401   0.01517   0.00000 118.18359  -9.87680   0.00111  -0.00011   0.01410   0.01467 144.32468   1.34575
  0.13900 144.28777  -3.35954   0.09997   0.00000   1.80157  62.96374  -1.63049   0.01556   0.00000 118.21242  -9.87831   0.00112   0.00022   0.01376   0.01433 144.32691   1.33381
  0.13920 144.29076  -3.32718   0.09903   0.00000   1.67317  58.33430  -1.61790   0.01592   0.00000 118.24124  -9.87980   0.00114  -0.00011   0.01343   0.01400 144.32915   1.32094
  0.13940 144.29382  -3.29247   0.09803   0.00000   1.54511  53.70351  -1.60623   0.01625   0.00000 118.27007  -9.88128   0.00115   0.00022   0.01309   0.01366 144.33141   1.30714
  0.13960 144.29721  -3.24345   0.09696   0.00000   1.41739  49.09368  -1.60023   0.01656   0.00000 118.29890  -9.88274   0.00116   0.00022   0.01276   0.01332 144.33369   1.28765
  0.13980 144.30133  -3.20526   0.09586   0.00000   1.32985  45.80712  -1.59041   0.01684   0.00000 118.32773  -9.88420   0.00117  -0.00011   0.01242   0.01299 144.33696   1.27246
  0.14000 144.30549  -3.16539   0.09472   0.00000   1.24265  42.51896  -1.58125   0.01711   0.00000 118.35656  -9.88564   0.00118   0.00022   0.01209   0.01265 144.34024   1.25660
  0.14020 144.30970  -3.12384   0.09354   0.00000   1.15578  39.22820  -1.57275   0.01736   0.00000 118.38539  -9.88707   0.00119  -0.00011   0.01175   0.01232 144.34353   1.24008
  0.14040 144.31394  -3.08061   0.09232   0.00000   1.06924  35.93569  -1.56490   0.01759   0.00000 118.41423  -9.88849   0.00120   0.00022   0.01142   0.01198 144.34685   1.22288
  0.14060 144.31829  -3.03270   0.09106   0.00000   0.98301  32.64625  -1.55890   0.01780   0.00000 118.44306  -9.88989   0.00121   0.00022   0.01108   0.01165 144.35018   1.20383
  0.14080 144.32221  -2.98616   0.08976   0.00000   0.91767  30.03504  -1.55237   0.01800   0.00000 118.47190  -9.89128   0.00122  -0.00011   0.01075   0.01131 144.35313   1.18533
  0.14100 144.32617  -2.93830   0.08842   0.00000   0.85266  27.42453  -1.54637   0.01819   0.00000 118.50074  -9.89266   0.00123   0.00022   0.01041   0.01098 144.35611   1.16631
  0.14120 144.33017  -2.88915   0.08705   0.00000   0.78797  24.81606  -1.54088   0.01836   0.00000 118.52958  -9.89403   0.00124  -0.00011   0.01008   0.01064 144.35911   1.14677
  0.14140 144.33420  -2.83870   0.08566   0.00000   0.72358  22.21061  -1.53592   0.01851   0.00000 118.55842  -9.89538   0.00125   0.00022   0.00974   0.01031 144.36213   1.12672
  0.14160 144.33826  -2.78697   0.08423   0.00000   0.65950  19.60734  -1.53148   0.01866   0.00000 118.58726  -9.89672   0.00125   0.00022   0.00941   0.00997 144.36519   1.10616
  0.14180 144.34212  -2.73371   0.08276   0.00000   0.60428  17.28947  -1.52756   0.01879   0.00000 118.61610  -9.89805   0.00126  -0.00011   0.00907   0.00964 144.36802   1.08500
  0.14200 144.34600  -2.67931   0.08126   0.00000   0.54936  14.97487  -1.52410   0.01891   0.00000 118.64494  -9.89937   0.00127   0.00022   0.00874   0.00930 144.37089   1.06339
  0.14220 144.34992  -2.62377   0.07974   0.00000   0.49475  12.66267  -1.52110   0.01902   0.00000 118.67379  -9.90067   0.00127  -0.00011   0.00840   0.00897 144.37378   1.04132
  0.14240 144.35387  -2.56708   0.07819   0.00000   0.44042  10.35386  -1.51857   0.01912   0.00000 118.70263  -9.90196   0.00128   0.00022   0.00807   0.00863 144.37671   1.01880
  0.14260 144.35784  -2.50926   0.07661   0.00000   0.38637   8.04757  -1.51650   0.01921   0.00000 118.73148  -9.90324   0.00129   0.00022   0.00773   0.00830 144.37967   0.99583
  0.14280 144.36166  -2.44982   0.07499   0.00000   0.33482   5.81634  -1.51489   0.01929   0.00000 118.76033  -9.90451   0.00129  -0.00011   0.00740   0.00796 144.38246   0.97222
  0.14300 144.36550  -2.38929   0.07334   0.00000   0.28353   3.58901  -1.51373   0.01935   0.00000 118.78918  -9.90576   0.00130   0.00022   0.00706   0.00763 144.38529   0.94817
  0.14320 144.36937  -2.32766   0.07167   0.00000   0.23251   1.36472  -1.51301   0.01941   0.00000 118.81803  -9.90700   0.00130  -0.00011   0.00673   0.00729 144.38815   0.92370
  0.14340 144.37326  -2.26495   0.06997   0.00000   0.18174  -0.85555  -1.51274   0.01946   0.00000 118.84688  -9.90823   0.00131   0.00022   0.00639   0.00696 144.39104   0.89879
  0.14360 144.37718  -2.20115   0.06824   0.00000   0.13122  -3.07264  -1.51291   0.01949   0.00000 118.87573  -9.90944   0.00131   0.00022   0.00606   0.00662 144.39397   0.87345
  0.14380 144.38094  -2.13582   0.06646   0.00000   0.08301  -5.21921  -1.51352   0.01952   0.00000 118.90459  -9.91065   0.00132  -0.00011   0.00572   0.00629 144.39675   0.84751
  0.14400 144.38472  -2.06944   0.06466   0.00000   0.03503  -7.36152  -1.51456   0.01953   0.00000 118.93344  -9.91184   0.00132   0.00022   0.00539   0.00595 144.39957   0.82115
  0.14420 144.38853  -2.00201   0.06284   0.00000  -0.01273  -9.50044  -1.51604   0.01954   0.00000 118.96230  -9.91301   0.00132  -0.00011   0.00505   0.00562 144.40242   0.79438
  0.14440 144.39237  -1.93375   0.06098   0.00000  -0.06030 -11.61393  -1.51794   0.01954   0.00000 118.99115  -9.91418   0.00132   0.00022   0.00472   0.00528 144.40533   0.76728
  0.14460 144.39634  -1.86527   0.05909   0.00000  -0.10768 -13.64147  -1.52026   0.01953   0.00000 119.02001  -9.91533   0.00133   0.00022   0.00438   0.00495 144.40840   0.74009
  0.14480 144.40031  -1.79632   0.05717   0.00000  -0.15352 -15.53974  -1.52299   0.01951   0.00000 119.04887  -9.91647   0.00133  -0.00011   0.00405   0.00461 144.41150   0.71272
  0.14500 144.40440  -1.72727   0.05522   0.00000  -0.19917 -17.35037  -1.52610   0.01947   0.00000 119.07773  -9.91759   0.00133   0.00022   0.00371   0.00428 144.41474   0.68530
  0.14520 144.40859  -1.65816   0.05324   0.00000  -0.24472 -19.07420  -1.52957   0.01943   0.00000 119.10659  -9.91871   0.00133  -0.00011   0.00338   0.00394 144.41812   0.65787
  0.14540 144.41288  -1.58903   0.05123   0.00000  -0.29029 -20.71025  -1.53338   0.01939   0.00000 119.13546  -9.91981   0.00133   0.00022   0.00304   0.00361 144.42163   0.63042
  0.14560 144.41725  -1.51993   0.04919   0.00000  -0.33582 -22.25947  -1.53752   0.01933   0.00000 119.16432  -9.92090   0.00133   0.00022   0.00271   0.00327 144.42526   0.60299
  0.14580 144.42162  -1.45066   0.04711   0.00000  -0.38011 -23.68678  -1.54198   0.01926   0.00000 119.19318  -9.92198   0.00133  -0.00011   0.00237   0.00294 144.42891   0.57550
  0.14600 144.42599  -1.38080   0.04501   0.00000  -0.42424 -25.10017  -1.54671   0.01918   0.00000 119.22205  -9.92305   0.00133   0.00022   0.00204   0.00260 144.43260   0.54776
  0.14620 144.43038  -1.31035   0.04288   0.00000  -0.46813 -26.50045  -1.55173   0.01910   0.00000 119.25092  -9.92410   0.00133  -0.00011   0.00170   0.00227 144.43633   0.51980
  0.14640 144.43480  -1.23932   0.04073   0.00000  -0.51163 -27.88658  -1.55703   0.01901   0.00000 119.27979  -9.92515   0.00133   0.00022   0.00137   0.00193 144.44012   0.49161
  0.14660 144.43925  -1.16773   0.03855   0.00000  -0.55476 -29.25939  -1.56261   0.01890   0.00000 119.30866  -9.92618   0.00133   0.00022   0.00103   0.00160 144.44397   0.46320
  0.14680 144.44393  -1.09608   0.03636   0.00000  -0.60007 -30.69407  -1.56846   0.01879   0.00000 119.33753  -9.92720   0.00133  -0.00011   0.00070   0.00126 144.44809   0.43477
  0.14700 144.44864  -1.02384   0.03415   0.00000  -0.64507 -32.11437  -1.57460   0.01867   0.00000 119.36640  -9.92821   0.00133   0.00022   0.00036   0.00093 144.45227   0.40610
  0.14720 144.45337  -0.95101   0.03191   0.00000  -0.68980 -33.52112  -1.58102   0.01854   0.00000 119.39527  -9.92921   0.00132  -0.00011   0.00003   0.00059 144.45651   0.37720
  0.14740 144.45811  -0.87755   0.02963   0.00000  -0.73430 -34.91909  -1.58773   0.01841   0.00000 119.42415  -9.93020   0.00132   0.00022  -0.00031   0.00026 144.46078   0.34806
  0.14760 144.46284  -0.80595   0.02733   0.00000  -0.77867 -36.31455  -1.59373   0.01826   0.00000 119.45302  -9.93117   0.00132   0.00022  -0.00064  -0.00008 144.46509   0.31965
  0.14780 144.46810  -0.73242   0.02504   0.00000  -0.83311 -38.00234  -1.60099   0.01810   0.00000 119.48190  -9.93214   0.00131  -0.00011  -0.00098  -0.00041 144.46996   0.29047
  0.14800 144.47336  -0.65811   0.02272   0.00000  -0.88756 -39.68160  -1.60859   0.01794   0.00000 119.51078  -9.93309   0.00131   0.00022  -0.00131  -0.00075 144.47486   0.26099
  0.14820 144.47860  -0.58303   0.02035   0.00000  -0.94199 -41.35315  -1.61653   0.01776   0.00000 119.53966  -9.93403   0.00130  -0.00011  -0.00165  -0.00108 144.47978   0.23121
  0.14840 144.48385  -0.50718   0.01793   0.00000  -0.99653 -43.01598  -1.62480   0.01757   0.00000 119.56854  -9.93497   0.00130   0.00022  -0.00198  -0.00142 144.48474   0.20113
  0.14860 144.48907  -0.43714   0.01547   0.00000  -1.05128 -44.68456  -1.63080   0.01737   0.00000 119.59742  -9.93589   0.00129   0.00022  -0.00232  -0.00175 144.48974   0.17334
  0.14880 144.49469  -0.35970   0.01298   0.00000  -1.12734 -46.94229  -1.63974   0.01716   0.00000 119.62630  -9.93680   0.00129  -0.00011  -0.00266  -0.00209 144.49514   0.14263
  0.14900 144.50031  -0.28118   0.01042   0.00000  -1.20453 -49.19185  -1.64912   0.01693   0.00000 119.65519  -9.93769   0.00128   0.00022  -0.00299  -0.00242 144.50058   0.11149
  0.14920 144.50593  -0.20161   0.00777   0.00000  -1.28348 -51.43402  -1.65896   0.01669   0.00000 119.68407  -9.93858   0.00128  -0.00011  -0.00333  -0.00276 144.50607   0.07994
  0.14940 144.51153  -0.12098   0.00499   0.00000  -1.36519 -53.66772  -1.66925   0.01644   0.00000 119.71296  -9.93946   0.00127   0.00022  -0.00366  -0.00310 144.51158   0.04797
  0.14960 144.51710  -0.05124   0.00203   0.00000  -1.45239 -55.91819  -1.67525   0.01616   0.00000 119.74185  -9.94033   0.00126   0.00022  -0.00400  -0.00343 144.51711   0.02031
  0.14980 144.52258   0.03207  -0.00090   0.00000  -1.56306 -58.83067  -1.68643   0.01587   0.00000 119.77074  -9.94118   0.00125  -0.00011  -0.00433  -0.00377 144.52258  -0.01271
  0.15000 144.52803   0.11679  -0.00323   0.00000  -1.63966 -61.73521  -1.69820   0.01556   0.00000 119.79963  -9.94203   0.00125   0.00022  -0.00467  -0.00410 144.52808  -0.04630
  0.15020 144.53346   0.20290  -0.00556   0.00000  -1.71456 -64.63188  -1.71055   0.01523   0.00000 119.82853  -9.94286   0.00124  -0.00011  -0.00500  -0.00444 144.53360  -0.08043
  0.15040 144.53889   0.29039  -0.00792   0.00000  -1.78875 -67.51961  -1.72347   0.01489   0.00000 119.85742  -9.94368   0.00123   0.00022  -0.00534  -0.00477 144.53919  -0.11511
  0.15060 144.54431   0.36034  -0.01030   0.00000  -1.86158 -70.43805  -1.72947   0.01453   0.00000 119.88632  -9.94449   0.00122   0.00022  -0.00567  -0.00511 144.54476  -0.14283
  0.15080 144.54915   0.45150  -0.01283   0.00000  -1.96235 -74.12255  -1.74356   0.01416   0.00000 119.91522  -9.94529   0.00121  -0.00011  -0.00601  -0.00544 144.54986  -0.17896
  0.15100 144.55398   0.54445  -0.01540   0.00000  -2.06231 -77.79761  -1.75838   0.01377   0.00000 119.94412  -9.94608   0.00120   0.00022  -0.00634  -0.00578 144.55500  -0.21580
  0.15120 144.55875   0.63916  -0.01801   0.00000  -2.16138 -81.46329  -1.77394   0.01335   0.00000 119.97302  -9.94686   0.00119  -0.00011  -0.00668  -0.00611 144.56017  -0.25333
  0.15140 144.56348   0.73562  -0.02065   0.00000  -2.25964 -85.11819  -1.79024   0.01292   0.00000 120.00192  -9.94763   0.00118   0.00022  -0.00701  -0.00645 144.56535  -0.29155
  0.15160 144.56823   0.80602  -0.02333   0.00000  -2.35574 -88.82034  -1.79624   0.01247   0.00000 120.03082  -9.94838   0.00117   0.00022  -0.00735  -0.00678 144.57048  -0.31944
  0.15180 144.57118   0.90387  -0.02605   0.00000  -2.47073 -92.96822  -1.81400   0.01200   0.00000 120.05973  -9.94913   0.00116  -0.00011  -0.00768  -0.00712 144.57401  -0.35821
  0.15200 144.57406   1.00371  -0.02881   0.00000  -2.58480 -97.10490  -1.83259   0.01150   0.00000 120.08863  -9.94986   0.00115   0.00022  -0.00802  -0.00745 144.57755  -0.39777
  0.15220 144.57688   1.10550  -0.03163   0.00000  -2.69802 -101.22858  -1.85201   0.01099   0.00000 120.11754  -9.95059   0.00114  -0.00011  -0.00835  -0.00779 144.58111  -0.43810
  0.15240 144.57960   1.20919  -0.03449   0.00000  -2.81045 -105.33198  -1.87226   0.01045   0.00000 120.14645  -9.95130   0.00112   0.00022  -0.00869  -0.00812 144.58466  -0.47918
  0.15260 144.58255   1.27677  -0.03741   0.00000  -2.92212 -109.49630  -1.87826   0.00988   0.00000 120.17535  -9.95200   0.00111   0.00022  -0.00902  -0.00846 144.58820  -0.50595
  0.15280 144.58810   1.37598  -0.04018   0.00000  -3.03367 -113.45579  -1.90016   0.00930   0.00000 120.20426  -9.95270   0.00110  -0.00011  -0.00936  -0.00879 144.59465  -0.54524
  0.15300 144.59354   1.47701  -0.04299   0.00000  -3.14442 -117.39567  -1.92285   0.00869   0.00000 120.23317  -9.95338   0.00109   0.00022  -0.00969  -0.00913 144.60109  -0.58525
  0.15320 144.59886   1.57977  -0.04585   0.00000  -3.25440 -121.31035  -1.94633   0.00806   0.00000 120.26209  -9.95406   0.00107  -0.00011  -0.01003  -0.00946 144.60750  -0.62594
  0.15340 144.60395   1.68325  -0.04876   0.00000  -3.36365 -125.09427  -1.97059   0.00741   0.00000 120.29100  -9.95472   0.00106   0.00022  -0.01036  -0.00980 144.61376  -0.66692
  0.15360 144.60943   1.73974  -0.05173   0.00000  -3.47228 -128.88624  -1.97659   0.00674   0.00000 120.31992  -9.95538   0.00105   0.00022  -0.01070  -0.01013 144.61990  -0.68927
  0.15380 144.61995   1.82693  -0.05424   0.00000  -3.54627 -131.19360  -2.00237   0.00604   0.00000 120.34883  -9.95603   0.00103  -0.00011  -0.01103  -0.01047 144.63150  -0.72376
  0.15400 144.63026   1.91421  -0.05679   0.00000  -3.61974 -133.39057  -2.02861   0.00533   0.00000 120.37775  -9.95668   0.00102   0.00022  -0.01137  -0.01080 144.64294  -0.75827
  0.15420 144.64038   2.00152  -0.05937   0.00000  -3.69276 -135.47797  -2.05529   0.00461   0.00000 120.40667  -9.95732   0.00101  -0.00011  -0.01170  -0.01114 144.65424  -0.79280
  0.15440 144.65033   2.08918  -0.06198   0.00000  -3.76537 -137.49251  -2.08238   0.00387   0.00000 120.43560  -9.95795   0.00099   0.00022  -0.01204  -0.01147 144.66543  -0.82746
  0.15460 144.66102   2.12353  -0.06463   0.00000  -3.83761 -139.61235  -2.08838   0.00312   0.00000 120.46452  -9.95859   0.00098   0.00022  -0.01237  -0.01181 144.67662  -0.84101
  0.15480 144.67535   2.19221  -0.06670   0.00000  -3.85234 -139.65923  -2.11630   0.00235   0.00000 120.49345  -9.95922   0.00096  -0.00011  -0.01271  -0.01214 144.69197  -0.86812
  0.15500 144.68963   2.26089  -0.06877   0.00000  -3.86667 -139.70161  -2.14424   0.00158   0.00000 120.52238  -9.95985   0.00095   0.00022  -0.01304  -0.01248 144.70731  -0.89522
  0.15520 144.70387   2.32955  -0.07085   0.00000  -3.88060 -139.74041  -2.17218   0.00080   0.00000 120.55132  -9.96048   0.00093  -0.00011  -0.01338  -0.01281 144.72263  -0.92231
  0.15540 144.71805   2.39820  -0.07293   0.00000  -3.89415 -139.77470  -2.20012   0.00003   0.00000 120.58026  -9.96111   0.00092   0.00022  -0.01371  -0.01315 144.73794  -0.94939
  0.15560 144.73314   2.41138  -0.07501   0.00000  -3.90730 -139.91747  -2.20612  -0.00075   0.00000 120.60920  -9.96174   0.00090   0.00022  -0.01405  -0.01348 144.75324  -0.95451
  0.15580 144.74925   2.47221  -0.07686   0.00000  -3.89570 -139.13878  -2.23411  -0.00153   0.00000 120.63814  -9.96237   0.00089  -0.00011  -0.01438  -0.01382 144.77038  -0.97848
  0.15600 144.76533   2.53263  -0.07870   0.00000  -3.88370 -138.35587  -2.26194  -0.00231   0.00000 120.66709  -9.96301   0.00088   0.00022  -0.01472  -0.01415 144.78750  -1.00227
  0.15620 144.78137   2.59263  -0.08053   0.00000  -3.87131 -137.56995  -2.28961  -0.00309   0.00000 120.69604  -9.96365   0.00086  -0.00011  -0.01505  -0.01449 144.80461  -1.02590
  0.15640 144.79738   2.65221  -0.08235   0.00000  -3.85853 -136.78015  -2.31712  -0.00387   0.00000 120.72499  -9.96428   0.00085   0.00022  -0.01539  -0.01482 144.82169  -1.04935
  0.15660 144.81437   2.65738  -0.08417   0.00000  -3.84536 -136.09624  -2.32312  -0.00464   0.00000 120.75395  -9.96493   0.00083   0.00022  -0.01572  -0.01516 144.83877  -1.05127
  0.15680 144.83107   2.71562  -0.08595   0.00000  -3.82945 -135.22540  -2.35034  -0.00541   0.00000 120.78291  -9.96557   0.00082  -0.00011  -0.01606  -0.01549 144.85656  -1.07418
  0.15700 144.84775   2.77339  -0.08772   0.00000  -3.81314 -134.35074  -2.37739  -0.00617   0.00000 120.81187  -9.96621   0.00080   0.00022  -0.01639  -0.01583 144.87432  -1.09691
  0.15720 144.86439   2.83070  -0.08948   0.00000  -3.79644 -133.47321  -2.40426  -0.00694   0.00000 120.84084  -9.96686   0.00079  -0.00011  -0.01673  -0.01616 144.89207  -1.11944
  0.15740 144.88099   2.88755  -0.09123   0.00000  -3.77935 -132.59192  -2.43095  -0.00770   0.00000 120.86981  -9.96751   0.00077   0.00022  -0.01706  -0.01650 144.90980  -1.14178
  0.15760 144.89863   2.89203  -0.09297   0.00000  -3.76187 -131.81238  -2.43695  -0.00845   0.00000 120.89879  -9.96816   0.00076   0.00022  -0.01740  -0.01683 144.92752  -1.14341
  0.15780 144.91520   2.94801  -0.09469   0.00000  -3.74401 -130.92817  -2.46331  -0.00921   0.00000 120.92776  -9.96882   0.00074  -0.00011  -0.01773  -0.01717 144.94521  -1.16541
  0.15800 144.93174   3.00353  -0.09640   0.00000  -3.72575 -130.04027  -2.48950  -0.00996   0.00000 120.95675  -9.96947   0.00073   0.00022  -0.01807  -0.01750 144.96289  -1.18721
  0.15820 144.94825   3.05858  -0.09810   0.00000  -3.70710 -129.15118  -2.51551  -0.01070   0.00000 120.98573  -9.97013   0.00072  -0.00011  -0.01841  -0.01784 144.98055  -1.20883
  0.15840 144.96474   3.11322  -0.09979   0.00000  -3.68806 -128.26398  -2.54134  -0.01145   0.00000 121.01472  -9.97079   0.00070   0.00022  -0.01874  -0.01817 144.99820  -1.23028
  0.15860 144.98229   3.11767  -0.10147   0.00000  -3.66862 -127.47608  -2.54734  -0.01218   0.00000 121.04371  -9.97146   0.00069   0.00022  -0.01908  -0.01851 145.01585  -1.23189
  0.15880 144.99777   3.17234  -0.10315   0.00000  -3.65235 -126.70339  -2.57283  -0.01292   0.00000 121.07271  -9.97212   0.00067  -0.00011  -0.01941  -0.01885 145.03251  -1.25335
  0.15900 145.01323   3.22666  -0.10483   0.00000  -3.63568 -125.93263  -2.59817  -0.01365   0.00000 121.10171  -9.97279   0.00066   0.00022  -0.01975  -0.01918 145.04916  -1.27467
  0.15920 145.02866   3.28061  -0.10649   0.00000  -3.61861 -125.16469  -2.62336  -0.01438   0.00000 121.13071  -9.97346   0.00065  -0.00011  -0.01941  -0.01952 145.06580  -1.29583
  0.15940 145.04407   3.33421  -0.10814   0.00000  -3.60115 -124.39864  -2.64839  -0.01510   0.00000 121.15971  -9.97413   0.00063   0.00022  -0.01975  -0.01985 145.08243  -1.31686
  0.15960 145.06058   3.33961  -0.10978   0.00000  -3.58330 -123.72810  -2.65439  -0.01582   0.00000 121.18872  -9.97481   0.00062   0.00022  -0.01941  -0.01952 145.09906  -1.31884
  0.15980 145.07209   3.37146  -0.11073   0.00000  -3.49351 -120.77451  -2.67914  -0.01654   0.00000 121.21773  -9.97548   0.00060  -0.00011  -0.01975  -0.01918 145.11131  -1.33131
  0.16000 145.08362   3.40183  -0.11163   0.00000  -3.40413 -117.82137  -2.70329  -0.01724   0.00000 121.24675  -9.97617   0.00059   0.00022  -0.01941  -0.01952 145.12354  -1.34319
  0.16020 145.09517   3.43072  -0.11249   0.00000  -3.31441 -114.86954  -2.72686  -0.01792   0.00000 121.27577  -9.97686   0.00058  -0.00011  -0.01975  -0.01918 145.13576  -1.35448
  0.16040 145.10673   3.45813  -0.11330   0.00000  -3.22509 -111.91803  -2.74983  -0.01858   0.00000 121.30478  -9.97755   0.00056   0.00022  -0.01941  -0.01952 145.14798  -1.36519
  0.16060 145.11932   3.44252  -0.11407   0.00000  -3.13543 -109.04814  -2.75583  -0.01923   0.00000 121.33381  -9.97825   0.00055   0.00022  -0.01908  -0.01918 145.16019  -1.35892
  0.16080 145.12227   3.43883  -0.11387   0.00000  -2.97502 -103.99647  -2.77764  -0.01986   0.00000 121.36283  -9.97896   0.00054  -0.00011  -0.01874  -0.01885 145.16305  -1.35743
  0.16100 145.12529   3.43258  -0.11358   0.00000  -2.81507 -98.94381  -2.79844  -0.02045   0.00000 121.39185  -9.97968   0.00052   0.00022  -0.01841  -0.01851 145.16592  -1.35494
  0.16120 145.12836   3.42375  -0.11322   0.00000  -2.65560 -93.89098  -2.81823  -0.02102   0.00000 121.42088  -9.98041   0.00051  -0.00011  -0.01807  -0.01817 145.16879  -1.35143
  0.16140 145.13150   3.41237  -0.11278   0.00000  -2.49657 -88.83692  -2.83701  -0.02155   0.00000 121.44990  -9.98115   0.00050   0.00022  -0.01773  -0.01784 145.17166  -1.34690
  0.16160 145.13542   3.36857  -0.11227   0.00000  -2.33800 -83.84018  -2.84301  -0.02205   0.00000 121.47893  -9.98191   0.00049   0.00022  -0.01740  -0.01750 145.17455  -1.32959
  0.16180 145.13745   3.34209  -0.11133   0.00000  -2.19104 -79.15852  -2.85977  -0.02252   0.00000 121.50795  -9.98268   0.00048  -0.00011  -0.01706  -0.01717 145.17597  -1.31912
  0.16200 145.13954   3.31321  -0.11033   0.00000  -2.04451 -74.47491  -2.87561  -0.02296   0.00000 121.53697  -9.98346   0.00047   0.00022  -0.01673  -0.01683 145.17740  -1.30771
  0.16220 145.14170   3.28195  -0.10925   0.00000  -1.89841 -69.79016  -2.89050  -0.02337   0.00000 121.56600  -9.98425   0.00046  -0.00011  -0.01639  -0.01650 145.17885  -1.29535
  0.16240 145.14392   3.24829  -0.10811   0.00000  -1.75273 -65.10323  -2.90446  -0.02375   0.00000 121.59502  -9.98506   0.00045   0.00022  -0.01606  -0.01616 145.18031  -1.28205
  0.16260 145.14661   3.19444  -0.10689   0.00000  -1.60746 -60.44937  -2.91046  -0.02410   0.00000 121.62405  -9.98588   0.00044   0.00022  -0.01572  -0.01583 145.18180  -1.26078
  0.16280 145.14990   3.15728  -0.10564   0.00000  -1.51215 -57.25801  -2.92255  -0.02442   0.00000 121.65307  -9.98672   0.00043  -0.00011  -0.01539  -0.01549 145.18428  -1.24610
  0.16300 145.15324   3.11849  -0.10434   0.00000  -1.41722 -54.06421  -2.93400  -0.02472   0.00000 121.68210  -9.98757   0.00042   0.00022  -0.01505  -0.01516 145.18677  -1.23076
  0.16320 145.15662   3.07806  -0.10300   0.00000  -1.32268 -50.86882  -2.94481  -0.02501   0.00000 121.71112  -9.98843   0.00041  -0.00011  -0.01472  -0.01482 145.18928  -1.21478
  0.16340 145.16004   3.03598  -0.10162   0.00000  -1.22850 -47.67083  -2.95499  -0.02527   0.00000 121.74015  -9.98931   0.00040   0.00022  -0.01438  -0.01449 145.19182  -1.19815
  0.16360 145.16369   2.98330  -0.10019   0.00000  -1.13470 -44.48842  -2.96099  -0.02552   0.00000 121.76917  -9.99020   0.00039   0.00022  -0.01405  -0.01415 145.19438  -1.17733
  0.16380 145.16681   2.93804  -0.09871   0.00000  -1.06581 -42.02937  -2.96989  -0.02574   0.00000 121.79820  -9.99110   0.00039  -0.00011  -0.01371  -0.01382 145.19657  -1.15946
  0.16400 145.16996   2.89157  -0.09719   0.00000  -0.99729 -39.57227  -2.97829  -0.02596   0.00000 121.82722  -9.99202   0.00038   0.00022  -0.01338  -0.01348 145.19879  -1.14109
  0.16420 145.17316   2.84386  -0.09565   0.00000  -0.92912 -37.11811  -2.98621  -0.02616   0.00000 121.85625  -9.99295   0.00037  -0.00011  -0.01304  -0.01315 145.20104  -1.12225
  0.16440 145.17639   2.79494  -0.09408   0.00000  -0.86131 -34.66602  -2.99363  -0.02634   0.00000 121.88527  -9.99389   0.00037   0.00022  -0.01271  -0.01281 145.20332  -1.10292
  0.16460 145.17970   2.74243  -0.09247   0.00000  -0.79384 -32.22176  -2.99963  -0.02652   0.00000 121.91429  -9.99485   0.00036   0.00022  -0.01237  -0.01248 145.20563  -1.08218
  0.16480 145.18264   2.69021  -0.09080   0.00000  -0.73314 -29.96866  -3.00607  -0.02667   0.00000 121.94332  -9.99582   0.00036  -0.00011  -0.01204  -0.01214 145.20759  -1.06156
  0.16500 145.18561   2.63687  -0.08910   0.00000  -0.67279 -27.71789  -3.01207  -0.02682   0.00000 121.97234  -9.99681   0.00035   0.00022  -0.01170  -0.01181 145.20958  -1.04049
  0.16520 145.18862   2.58241  -0.08737   0.00000  -0.61277 -25.47045  -3.01761  -0.02696   0.00000 122.00137  -9.99781   0.00035  -0.00011  -0.01137  -0.01147 145.21161  -1.01899
  0.16540 145.19165   2.52685  -0.08561   0.00000  -0.55309 -23.22547  -3.02270  -0.02708   0.00000 122.03039  -9.99882   0.00034   0.00022  -0.01103  -0.01114 145.21367  -0.99705
  0.16560 145.19472   2.47016  -0.08382   0.00000  -0.49372 -20.98393  -3.02735  -0.02719   0.00000 122.05942  -9.99985   0.00034   0.00022  -0.01070  -0.01080 145.21576  -0.97467
  0.16580 145.19764   2.41190  -0.08199   0.00000  -0.43707 -18.81686  -3.03155  -0.02729   0.00000 122.08844 -10.00089   0.00034  -0.00011  -0.01036  -0.01047 145.21769  -0.95166
  0.16600 145.20059   2.35257  -0.08012   0.00000  -0.38073 -16.65275  -3.03531  -0.02738   0.00000 122.11747 -10.00194   0.00034   0.00022  -0.01003  -0.01013 145.21967  -0.92824
  0.16620 145.20356   2.29218  -0.07823   0.00000  -0.32469 -14.49258  -3.03864  -0.02745   0.00000 122.14649 -10.00301   0.00033  -0.00011  -0.00969  -0.00980 145.22167  -0.90439
  0.16640 145.20656   2.23072  -0.07631   0.00000  -0.26894 -12.33550  -3.04154  -0.02752   0.00000 122.17552 -10.00409   0.00033   0.00022  -0.00936  -0.00946 145.22371  -0.88013
  0.16660 145.20959   2.16820  -0.07436   0.00000  -0.21349 -10.18250  -3.04401  -0.02757   0.00000 122.20454 -10.00519   0.00033   0.00022  -0.00902  -0.00913 145.22579  -0.85545
  0.16680 145.21250   2.10424  -0.07237   0.00000  -0.16020  -8.08871  -3.04604  -0.02761   0.00000 122.23356 -10.00630   0.00033  -0.00011  -0.00869  -0.00879 145.22776  -0.83020
  0.16700 145.21543   2.03927  -0.07035   0.00000  -0.10718  -5.99822  -3.04766  -0.02765   0.00000 122.26259 -10.00742   0.00033   0.00022  -0.00835  -0.00846 145.22976  -0.80456
  0.16720 145.21838   1.97326  -0.06830   0.00000  -0.05443  -3.91202  -3.04886  -0.02767   0.00000 122.29161 -10.00856   0.00033  -0.00011  -0.00802  -0.00812 145.23181  -0.77850
  0.16740 145.22144   1.90687  -0.06622   0.00000  -0.00193  -1.89299  -3.04964  -0.02768   0.00000 122.32064 -10.00971   0.00033   0.00022  -0.00768  -0.00779 145.23398  -0.75229
  0.16760 145.22463   1.84027  -0.06411   0.00000   0.05032   0.04095  -3.05002  -0.02768   0.00000 122.34966 -10.01087   0.00033   0.00022  -0.00735  -0.00745 145.23630  -0.72601
  0.16780 145.22782   1.77323  -0.06195   0.00000   0.10075   1.84543  -3.05001  -0.02767   0.00000 122.37868 -10.01205   0.00033  -0.00011  -0.00701  -0.00712 145.23866  -0.69954
  0.16800 145.23113   1.70610  -0.05978   0.00000   0.15090   3.56504  -3.04964  -0.02765   0.00000 122.40771 -10.01324   0.00033   0.00022  -0.00668  -0.00678 145.24117  -0.67305
  0.16820 145.23457   1.63894  -0.05757   0.00000   0.20078   5.19877  -3.04893  -0.02762   0.00000 122.43673 -10.01444   0.00034  -0.00011  -0.00634  -0.00645 145.24383  -0.64654
  0.16840 145.23812   1.57179  -0.05533   0.00000   0.25035   6.74755  -3.04789  -0.02758   0.00000 122.46575 -10.01566   0.00034   0.00022  -0.00601  -0.00611 145.24664  -0.62004
  0.16860 145.24178   1.50469  -0.05307   0.00000   0.29983   8.21049  -3.04654  -0.02753   0.00000 122.49477 -10.01689   0.00034   0.00022  -0.00567  -0.00578 145.24958  -0.59356
  0.16880 145.24542   1.43725  -0.05077   0.00000   0.34816   9.57539  -3.04490  -0.02747   0.00000 122.52380 -10.01814   0.00034  -0.00011  -0.00534  -0.00544 145.25254  -0.56694
  0.16900 145.24908   1.36925  -0.04844   0.00000   0.39643  10.92756  -3.04298  -0.02740   0.00000 122.55282 -10.01939   0.00035   0.00022  -0.00500  -0.00511 145.25554  -0.54011
  0.16920 145.25275   1.30069  -0.04609   0.00000   0.44463  12.26595  -3.04080  -0.02732   0.00000 122.58184 -10.02066   0.00035  -0.00011  -0.00467  -0.00477 145.25858  -0.51305
  0.16940 145.25642   1.23158  -0.04371   0.00000   0.49270  13.59139  -3.03835  -0.02723   0.00000 122.61087 -10.02194   0.00036   0.00022  -0.00433  -0.00444 145.26165  -0.48578
  0.16960 145.26011   1.16192  -0.04130   0.00000   0.54062  14.90283  -3.03563  -0.02713   0.00000 122.63989 -10.02324   0.00036   0.00022  -0.00400  -0.00410 145.26476  -0.45829
  0.16980 145.26406   1.09234  -0.03890   0.00000   0.59128  16.29201  -3.03265  -0.02702   0.00000 122.66892 -10.02454   0.00037  -0.00011  -0.00366  -0.00377 145.26817  -0.43084
  0.17000 145.26804   1.02219  -0.03647   0.00000   0.64146  17.66804  -3.02939  -0.02690   0.00000 122.69794 -10.02586   0.00037   0.00022  -0.00333  -0.00343 145.27164  -0.40316
  0.17020 145.27206   0.95146  -0.03401   0.00000   0.69117  19.02987  -3.02585  -0.02678   0.00000 122.72696 -10.02719   0.00038  -0.00011  -0.00299  -0.00310 145.27518  -0.37525
  0.17040 145.27609   0.88012  -0.03153   0.00000   0.74043  20.38420  -3.02205  -0.02664   0.00000 122.75599 -10.02854   0.00039   0.00022  -0.00266  -0.00276 145.27876  -0.34711
  0.17060 145.28014   0.80817  -0.02903   0.00000   0.78925  21.73014  -3.01797  -0.02649   0.00000 122.78501 -10.02989   0.00039   0.00022  -0.00232  -0.00242 145.28239  -0.31872
  0.17080 145.28482   0.73723  -0.02655   0.00000   0.84736  23.33845  -3.01363  -0.02633   0.00000 122.81404 -10.03126   0.00040  -0.00011  -0.00198  -0.00209 145.28669  -0.29074
  0.17100 145.28950   0.66556  -0.02405   0.00000   0.90520  24.93937  -3.00896  -0.02616   0.00000 122.84306 -10.03264   0.00041   0.00022  -0.00165  -0.00175 145.29103  -0.26246
  0.17120 145.29417   0.59314  -0.02151   0.00000   0.96277  26.53189  -3.00397  -0.02598   0.00000 122.87208 -10.03403   0.00042  -0.00011  -0.00131  -0.00142 145.29539  -0.23390
  0.17140 145.29884   0.51999  -0.01895   0.00000   1.02008  28.11686  -2.99866  -0.02579   0.00000 122.90111 -10.03544   0.00043   0.00022  -0.00098  -0.00108 145.29978  -0.20505
  0.17160 145.30351   0.44611  -0.01634   0.00000   1.07716  29.69327  -2.99304  -0.02558   0.00000 122.93014 -10.03685   0.00044   0.00022  -0.00064  -0.00075 145.30420  -0.17591
  0.17180 145.30849   0.37144  -0.01370   0.00000   1.15649  31.87602  -2.98710  -0.02537   0.00000 122.95916 -10.03828   0.00045  -0.00011  -0.00031  -0.00041 145.30897  -0.14646
  0.17200 145.31348   0.29573  -0.01101   0.00000   1.23584  34.05175  -2.98073  -0.02514   0.00000 122.98819 -10.03972   0.00046   0.00022   0.00003  -0.00008 145.31378  -0.11660
  0.17220 145.31847   0.21899  -0.00827   0.00000   1.31542  36.21942  -2.97392  -0.02489   0.00000 123.01721 -10.04117   0.00047  -0.00011   0.00036   0.00026 145.31864  -0.08634
  0.17240 145.32347   0.14122  -0.00546   0.00000   1.39577  38.37985  -2.96667  -0.02462   0.00000 123.04624 -10.04264   0.00048   0.00022   0.00070   0.00059 145.32354  -0.05568
  0.17260 145.32845   0.06667  -0.00256   0.00000   1.47750  40.54058  -2.96067  -0.02434   0.00000 123.07527 -10.04411   0.00049   0.00022   0.00103   0.00093 145.32847  -0.02629
  0.17280 145.33347  -0.01353   0.00038   0.00000   1.58346  43.34479  -2.95256  -0.02405   0.00000 123.10429 -10.04560   0.00050  -0.00011   0.00137   0.00126 145.33347   0.00534
  0.17300 145.33846  -0.09510   0.00276   0.00000   1.65968  46.14205  -2.94390  -0.02373   0.00000 123.13332 -10.04710   0.00051   0.00022   0.00170   0.00160 145.33849   0.03749
  0.17320 145.34343  -0.17802   0.00524   0.00000   1.73850  48.93062  -2.93467  -0.02340   0.00000 123.16235 -10.04861   0.00052  -0.00011   0.00204   0.00193 145.34354   0.07018
  0.17340 145.34836  -0.26227   0.00778   0.00000   1.81798  51.71137  -2.92488  -0.02305   0.00000 123.19138 -10.05014   0.00054   0.00022   0.00237   0.00227 145.34860   0.10339
  0.17360 145.35331  -0.33685   0.01036   0.00000   1.89765  54.50556  -2.91888  -0.02269   0.00000 123.22041 -10.05167   0.00055   0.00022   0.00271   0.00260 145.35370   0.13278
  0.17380 145.35768  -0.42480   0.01308   0.00000   2.00449  58.05960  -2.90798  -0.02231   0.00000 123.24944 -10.05322   0.00056  -0.00011   0.00304   0.00294 145.35830   0.16744
  0.17400 145.36206  -0.51447   0.01586   0.00000   2.11127  61.60534  -2.89637  -0.02191   0.00000 123.27847 -10.05478   0.00058   0.00022   0.00338   0.00327 145.36297   0.20278
  0.17420 145.36643  -0.60586   0.01869   0.00000   2.21803  65.14136  -2.88405  -0.02148   0.00000 123.30750 -10.05635   0.00059  -0.00011   0.00371   0.00361 145.36770   0.23880
  0.17440 145.37078  -0.69895   0.02158   0.00000   2.32459  68.66780  -2.87102  -0.02104   0.00000 123.33653 -10.05794   0.00061   0.00022   0.00405   0.00394 145.37246   0.27548
  0.17460 145.37509  -0.77412   0.02450   0.00000   2.42990  72.22343  -2.86502  -0.02057   0.00000 123.36556 -10.05953   0.00062   0.00022   0.00438   0.00428 145.37715   0.30510
  0.17480 145.37788  -0.86910   0.02749   0.00000   2.55626  76.28620  -2.85057  -0.02009   0.00000 123.39459 -10.06114   0.00064  -0.00011   0.00472   0.00461 145.38048   0.34252
  0.17500 145.38061  -0.96604   0.03053   0.00000   2.68211  80.33894  -2.83532  -0.01957   0.00000 123.42362 -10.06276   0.00065   0.00022   0.00505   0.00495 145.38383   0.38072
  0.17520 145.38329  -1.06494   0.03363   0.00000   2.80748  84.38048  -2.81925  -0.01904   0.00000 123.45265 -10.06439   0.00067  -0.00011   0.00539   0.00528 145.38720   0.41969
  0.17540 145.38589  -1.16572   0.03679   0.00000   2.93236  88.40475  -2.80237  -0.01848   0.00000 123.48168 -10.06603   0.00069   0.00022   0.00572   0.00562 145.39057   0.45940
  0.17560 145.38865  -1.23874   0.04001   0.00000   3.05678  92.47079  -2.79637  -0.01789   0.00000 123.51071 -10.06769   0.00070   0.00022   0.00606   0.00595 145.39393   0.48816
  0.17580 145.39241  -1.33717   0.04314   0.00000   3.18726  96.56933  -2.77788  -0.01728   0.00000 123.53975 -10.06936   0.00072  -0.00011   0.00639   0.00629 145.39856   0.52693
  0.17600 145.39607  -1.43749   0.04632   0.00000   3.31718 100.64912  -2.75856  -0.01664   0.00000 123.56878 -10.07103   0.00074   0.00022   0.00673   0.00662 145.40318   0.56645
  0.17620 145.39963  -1.53970   0.04957   0.00000   3.44656 104.70886  -2.73843  -0.01597   0.00000 123.59781 -10.07272   0.00075  -0.00011   0.00706   0.00696 145.40780   0.60671
  0.17640 145.40303  -1.64320   0.05287   0.00000   3.57543 108.69001  -2.71749  -0.01528   0.00000 123.62684 -10.07442   0.00077   0.00022   0.00740   0.00729 145.41232   0.64747
  0.17660 145.40670  -1.70781   0.05624   0.00000   3.70385 112.65279  -2.71149  -0.01457   0.00000 123.65587 -10.07612   0.00079   0.00022   0.00773   0.00763 145.41674   0.67291
  0.17680 145.41482  -1.79896   0.05924   0.00000   3.80763 115.59746  -2.68896  -0.01383   0.00000 123.68491 -10.07784   0.00081  -0.00011   0.00807   0.00796 145.42596   0.70878
  0.17700 145.42273  -1.89046   0.06229   0.00000   3.91104 118.42672  -2.66584  -0.01306   0.00000 123.71394 -10.07956   0.00083   0.00022   0.00840   0.00830 145.43503   0.74479
  0.17720 145.43044  -1.98226   0.06540   0.00000   4.01414 121.13920  -2.64216  -0.01228   0.00000 123.74297 -10.08129   0.00085  -0.00011   0.00874   0.00863 145.44396   0.78091
  0.17740 145.43794  -2.07429   0.06855   0.00000   4.11700 123.73548  -2.61793  -0.01148   0.00000 123.77201 -10.08303   0.00087   0.00022   0.00907   0.00897 145.45275   0.81712
  0.17760 145.44605  -2.11996   0.07175   0.00000   4.21967 126.41591  -2.61193  -0.01065   0.00000 123.80105 -10.08477   0.00089   0.00022   0.00941   0.00930 145.46152   0.83506
  0.17780 145.45871  -2.19456   0.07436   0.00000   4.26639 127.29009  -2.58665  -0.00981   0.00000 123.83009 -10.08652   0.00091  -0.00011   0.00974   0.00964 145.47529   0.86437
  0.17800 145.47133  -2.26958   0.07699   0.00000   4.31279 128.16047  -2.56119  -0.00895   0.00000 123.85913 -10.08827   0.00093   0.00022   0.01008   0.00997 145.48905   0.89383
  0.17820 145.48388  -2.34500   0.07964   0.00000   4.35887 129.02608  -2.53556  -0.00809   0.00000 123.88818 -10.09003   0.00095  -0.00011   0.01041   0.01031 145.50280   0.92345
  0.17840 145.49638  -2.42082   0.08231   0.00000   4.40463 129.88785  -2.50975  -0.00722   0.00000 123.91722 -10.09178   0.00097   0.00022   0.01075   0.01064 145.51654   0.95322
  0.17860 145.50968  -2.44631   0.08500   0.00000   4.45008 130.84567  -2.50375  -0.00634   0.00000 123.94627 -10.09354   0.00099   0.00022   0.01108   0.01098 145.53027   0.96317
  0.17880 145.52508  -2.50730   0.08718   0.00000   4.44135 130.12359  -2.47758  -0.00545   0.00000 123.97533 -10.09530   0.00101  -0.00011   0.01142   0.01131 145.54671   0.98707
  0.17900 145.54045  -2.56789   0.08935   0.00000   4.43223 129.39829  -2.45156  -0.00456   0.00000 124.00438 -10.09706   0.00103   0.00022   0.01175   0.01165 145.56313   1.01081
  0.17920 145.55578  -2.62810   0.09152   0.00000   4.42272 128.66907  -2.42568  -0.00367   0.00000 124.03344 -10.09882   0.00105  -0.00011   0.01209   0.01198 145.57953   1.03440
  0.17940 145.57108  -2.68790   0.09368   0.00000   4.41281 127.93691  -2.39994  -0.00278   0.00000 124.06251 -10.10058   0.00107   0.00022   0.01242   0.01232 145.59592   1.05782
  0.17960 145.58727  -2.69753   0.09582   0.00000   4.40252 127.29956  -2.39394  -0.00190   0.00000 124.09157 -10.10233   0.00109   0.00022   0.01276   0.01265 145.61229   1.06149
  0.17980 145.60367  -2.75548   0.09792   0.00000   4.38669 126.41780  -2.36848  -0.00102   0.00000 124.12064 -10.10409   0.00111  -0.00011   0.01309   0.01299 145.62977   1.08416
  0.18000 145.62004  -2.81294   0.10001   0.00000   4.37046 125.53316  -2.34320  -0.00014   0.00000 124.14971 -10.10584   0.00113   0.00022   0.01343   0.01332 145.64724   1.10665
  0.18020 145.63637  -2.86994   0.10209   0.00000   4.35384 124.64473  -2.31809   0.00073   0.00000 124.17879 -10.10759   0.00115  -0.00011   0.01376   0.01366 145.66468   1.12894
  0.18040 145.65268  -2.92646   0.10416   0.00000   4.33681 123.75347  -2.29316   0.00161   0.00000 124.20787 -10.10935   0.00117   0.00022   0.01410   0.01400 145.68211   1.15103
  0.18060 145.66993  -2.93482   0.10621   0.00000   4.31940 122.95295  -2.28716   0.00247   0.00000 124.23696 -10.11110   0.00119   0.00022   0.01444   0.01433 145.69953   1.15419
  0.18080 145.68653  -2.99045   0.10825   0.00000   4.30112 122.04517  -2.26257   0.00334   0.00000 124.26604 -10.11285   0.00121  -0.00011   0.01477   0.01467 145.71726   1.17592
  0.18100 145.70310  -3.04558   0.11028   0.00000   4.28245 121.13464  -2.23817   0.00420   0.00000 124.29513 -10.11459   0.00123   0.00022   0.01511   0.01500 145.73497   1.19746
  0.18120 145.71965  -3.10027   0.11230   0.00000   4.26338 120.22432  -2.21394   0.00506   0.00000 124.32423 -10.11634   0.00125  -0.00011   0.01544   0.01534 145.75267   1.21882
  0.18140 145.73618  -3.15453   0.11430   0.00000   4.24391 119.31682  -2.18989   0.00591   0.00000 124.35333 -10.11809   0.00127   0.00022   0.01578   0.01567 145.77036   1.24000
  0.18160 145.75368  -3.16288   0.11628   0.00000   4.22405 118.49783  -2.18389   0.00676   0.00000 124.38243 -10.11983   0.00129   0.00022   0.01611   0.01601 145.78804   1.24313
  0.18180 145.76968  -3.21646   0.11826   0.00000   4.20500 117.62424  -2.16019   0.00760   0.00000 124.41153 -10.12157   0.00131  -0.00011   0.01645   0.01634 145.80521   1.26405
  0.18200 145.78566  -3.26963   0.12023   0.00000   4.18555 116.75345  -2.13667   0.00845   0.00000 124.44064 -10.12331   0.00133   0.00022   0.01678   0.01668 145.82237   1.28479
  0.18220 145.80163  -3.32238   0.12219   0.00000   4.16571 115.88449  -2.11332   0.00928   0.00000 124.46976 -10.12505   0.00135  -0.00011   0.01712   0.01701 145.83953   1.30537
  0.18240 145.81757  -3.37472   0.12413   0.00000   4.14547 115.01828  -2.09014   0.01012   0.00000 124.49887 -10.12679   0.00137   0.00022   0.01745   0.01735 145.85667   1.32579
  0.18260 145.83450  -3.38334   0.12605   0.00000   4.12483 114.23630  -2.08414   0.01095   0.00000 124.52799 -10.12853   0.00139   0.00022   0.01779   0.01768 145.87380   1.32902
  0.18280 145.84800  -3.42615   0.12764   0.00000   4.06914 112.43612  -2.06129   0.01177   0.00000 124.55711 -10.13027   0.00141  -0.00011   0.01812   0.01802 145.88829   1.34570
  0.18300 145.86149  -3.46807   0.12920   0.00000   4.01305 110.63805  -2.03881   0.01259   0.00000 124.58624 -10.13200   0.00142   0.00022   0.01846   0.01835 145.90277   1.36203
  0.18320 145.87498  -3.50909   0.13073   0.00000   3.95655 108.84108  -2.01668   0.01339   0.00000 124.61537 -10.13373   0.00144  -0.00011   0.01879   0.01869 145.91724   1.37801
  0.18340 145.88847  -3.54921   0.13222   0.00000   3.89966 107.04614  -1.99491   0.01418   0.00000 124.64450 -10.13546   0.00146   0.00022   0.01913   0.01902 145.93170   1.39363
  0.18360 145.90292  -3.54918   0.13368   0.00000   3.84236 105.32693  -1.98891   0.01496   0.00000 124.67364 -10.13719   0.00148   0.00022   0.01946   0.01936 145.94614   1.39348
  0.18380 145.90907  -3.55673   0.13395   0.00000   3.68170 100.79711  -1.96785   0.01573   0.00000 124.70277 -10.13891   0.00150  -0.00011   0.01980   0.01969 145.95247   1.39639
  0.18400 145.91527  -3.56198   0.13414   0.00000   3.52066  96.26866  -1.94769   0.01647   0.00000 124.73191 -10.14062   0.00152   0.00022   0.02013   0.02003 145.95880   1.39839
  0.18420 145.92152  -3.56494   0.13424   0.00000   3.35924  91.74010  -1.92843   0.01717   0.00000 124.76106 -10.14233   0.00154  -0.00011   0.02047   0.02036 145.96512   1.39949
  0.18440 145.92782  -3.56559   0.13425   0.00000   3.19743  87.21184  -1.91008   0.01784   0.00000 124.79020 -10.14402   0.00156   0.00022   0.02080   0.02070 145.97144   1.39968
  0.18460 145.93488  -3.53471   0.13417   0.00000   3.03524  82.73399  -1.90408   0.01848   0.00000 124.81935 -10.14571   0.00158   0.00022   0.02047   0.02036 145.97775   1.38750
  0.18480 145.93527  -3.51275   0.13333   0.00000   2.84966  77.58743  -1.88754   0.01909   0.00000 124.84849 -10.14738   0.00159  -0.00011   0.02013   0.02003 145.97760   1.37888
  0.18500 145.93573  -3.48816   0.13240   0.00000   2.66447  72.44015  -1.87202   0.01966   0.00000 124.87764 -10.14905   0.00161   0.00022   0.01980   0.01969 145.97747   1.36922
  0.18520 145.93626  -3.46092   0.13138   0.00000   2.47966  67.29109  -1.85753   0.02020   0.00000 124.90679 -10.15070   0.00163  -0.00011   0.01946   0.01936 145.97735   1.35853
  0.18540 145.93686  -3.43105   0.13027   0.00000   2.29523  62.14106  -1.84407   0.02069   0.00000 124.93594 -10.15234   0.00164   0.00022   0.01913   0.01902 145.97724   1.34681
  0.18560 145.93792  -3.38215   0.12906   0.00000   2.11116  57.02014  -1.83807   0.02115   0.00000 124.96509 -10.15396   0.00166   0.00022   0.01879   0.01869 145.97716   1.32761
  0.18580 145.94079  -3.34601   0.12772   0.00000   1.97646  53.17544  -1.82667   0.02157   0.00000 124.99424 -10.15557   0.00167  -0.00011   0.01846   0.01835 145.97920   1.31340
  0.18600 145.94371  -3.30789   0.12631   0.00000   1.84211  49.32926  -1.81604   0.02197   0.00000 125.02339 -10.15717   0.00169   0.00022   0.01812   0.01802 145.98125   1.29842
  0.18620 145.94669  -3.26779   0.12484   0.00000   1.70811  45.48056  -1.80617   0.02234   0.00000 125.05255 -10.15876   0.00170  -0.00011   0.01779   0.01768 145.98332   1.28265
  0.18640 145.94972  -3.22570   0.12330   0.00000   1.57444  41.63019  -1.79707   0.02268   0.00000 125.08170 -10.16033   0.00171   0.00022   0.01745   0.01735 145.98541   1.26611
  0.18660 145.95293  -3.17570   0.12169   0.00000   1.44110  37.78838  -1.79107   0.02299   0.00000 125.11086 -10.16189   0.00173   0.00022   0.01712   0.01701 145.98752   1.24647
  0.18680 145.95596  -3.13020   0.12004   0.00000   1.34501  34.90184  -1.78352   0.02328   0.00000 125.14001 -10.16344   0.00174  -0.00011   0.01678   0.01668 145.98957   1.22859
  0.18700 145.95904  -3.08321   0.11834   0.00000   1.24925  32.01343  -1.77654   0.02355   0.00000 125.16917 -10.16497   0.00175   0.00022   0.01645   0.01634 145.99165   1.21013
  0.18720 145.96215  -3.03473   0.11659   0.00000   1.15381  29.12212  -1.77013   0.02380   0.00000 125.19833 -10.16649   0.00176  -0.00011   0.01611   0.01601 145.99374   1.19108
  0.18740 145.96530  -2.98475   0.11479   0.00000   1.05870  26.23004  -1.76431   0.02403   0.00000 125.22749 -10.16800   0.00178   0.00022   0.01578   0.01567 145.99586   1.17144
  0.18760 145.96849  -2.93332   0.11295   0.00000   0.96388  23.34016  -1.75906   0.02424   0.00000 125.25665 -10.16950   0.00179   0.00022   0.01544   0.01534 145.99800   1.15124
  0.18780 145.97143  -2.88045   0.11106   0.00000   0.88760  20.92583  -1.75439   0.02444   0.00000 125.28581 -10.17098   0.00180  -0.00011   0.01511   0.01500 145.99989   1.13047
  0.18800 145.97440  -2.82637   0.10913   0.00000   0.81163  18.51484  -1.75021   0.02461   0.00000 125.31497 -10.17245   0.00181   0.00022   0.01477   0.01467 146.00180   1.10923
  0.18820 145.97740  -2.77109   0.10716   0.00000   0.73598  16.10628  -1.74651   0.02478   0.00000 125.34414 -10.17391   0.00182  -0.00011   0.01444   0.01433 146.00374   1.08751
  0.18840 145.98044  -2.71460   0.10516   0.00000   0.66062  13.70119  -1.74328   0.02492   0.00000 125.37330 -10.17535   0.00182   0.00022   0.01410   0.01400 146.00572   1.06533
  0.18860 145.98351  -2.65692   0.10312   0.00000   0.58555  11.29867  -1.74054   0.02506   0.00000 125.40247 -10.17678   0.00183   0.00022   0.01376   0.01366 146.00773   1.04268
  0.18880 145.98639  -2.59746   0.10101   0.00000   0.51415   8.98597  -1.73828   0.02517   0.00000 125.43164 -10.17820   0.00184  -0.00011   0.01343   0.01332 146.00953   1.01933
  0.18900 145.98930  -2.53685   0.09887   0.00000   0.44304   6.67697  -1.73649   0.02528   0.00000 125.46080 -10.17960   0.00185   0.00022   0.01309   0.01299 146.01137   0.99553
  0.18920 145.99224  -2.47510   0.09669   0.00000   0.37220   4.37082  -1.73515   0.02537   0.00000 125.48997 -10.18100   0.00185  -0.00011   0.01276   0.01265 146.01325   0.97128
  0.18940 145.99520  -2.41220   0.09447   0.00000   0.30162   2.06879  -1.73428   0.02544   0.00000 125.51914 -10.18238   0.00186   0.00022   0.01242   0.01232 146.01516   0.94658
  0.18960 145.99819  -2.34816   0.09221   0.00000   0.23129  -0.22998  -1.73386   0.02550   0.00000 125.54831 -10.18374   0.00187   0.00022   0.01209   0.01198 146.01710   0.92144
  0.18980 146.00103  -2.28253   0.08990   0.00000   0.16390  -2.45688  -1.73391   0.02555   0.00000 125.57749 -10.18509   0.00187  -0.00011   0.01175   0.01165 146.01889   0.89567
  0.19000 146.00389  -2.21580   0.08755   0.00000   0.09674  -4.67942  -1.73440   0.02558   0.00000 125.60666 -10.18643   0.00188   0.00022   0.01142   0.01131 146.02073   0.86947
  0.19020 146.00677  -2.14797   0.08516   0.00000   0.02981  -6.89848  -1.73534   0.02560   0.00000 125.63583 -10.18776   0.00188  -0.00011   0.01108   0.01098 146.02260   0.84284
  0.19040 146.00968  -2.07905   0.08274   0.00000  -0.03690  -9.11304  -1.73672   0.02560   0.00000 125.66501 -10.18907   0.00189   0.00022   0.01075   0.01064 146.02450   0.81578
  0.19060 146.01260  -2.00903   0.08027   0.00000  -0.10343 -11.32399  -1.73854   0.02560   0.00000 125.69418 -10.19037   0.00189   0.00022   0.01041   0.01031 146.02645   0.78830
  0.19080 146.01546  -1.93799   0.07775   0.00000  -0.16768 -13.43771  -1.74080   0.02558   0.00000 125.72336 -10.19166   0.00189  -0.00011   0.01008   0.00997 146.02835   0.76041
  0.19100 146.01845  -1.86675   0.07519   0.00000  -0.23176 -15.45992  -1.74349   0.02554   0.00000 125.75254 -10.19294   0.00190   0.00022   0.00974   0.00964 146.03040   0.73245
  0.19120 146.02156  -1.79539   0.07260   0.00000  -0.29566 -17.39137  -1.74658   0.02550   0.00000 125.78172 -10.19420   0.00190  -0.00011   0.00941   0.00930 146.03261   0.70444
  0.19140 146.02479  -1.72393   0.06996   0.00000  -0.35938 -19.23098  -1.75006   0.02544   0.00000 125.81090 -10.19545   0.00190   0.00022   0.00907   0.00897 146.03498   0.67639
  0.19160 146.02812  -1.65244   0.06728   0.00000  -0.42344 -20.97963  -1.75391   0.02537   0.00000 125.84008 -10.19668   0.00190   0.00022   0.00874   0.00863 146.03748   0.64832
  0.19180 146.03143  -1.58066   0.06455   0.00000  -0.48611 -22.59418  -1.75810   0.02528   0.00000 125.86926 -10.19791   0.00190  -0.00011   0.00840   0.00830 146.04000   0.62015
  0.19200 146.03483  -1.50897   0.06177   0.00000  -0.54907 -24.11651  -1.76262   0.02518   0.00000 125.89844 -10.19912   0.00190   0.00022   0.00807   0.00796 146.04264   0.59201
  0.19220 146.03829  -1.43708   0.05896   0.00000  -0.61223 -25.57900  -1.76745   0.02507   0.00000 125.92763 -10.20032   0.00190  -0.00011   0.00773   0.00763 146.04538   0.56380
  0.19240 146.04176  -1.36459   0.05611   0.00000  -0.67550 -27.02686  -1.77256   0.02495   0.00000 125.95681 -10.20151   0.00190   0.00022   0.00740   0.00729 146.04815   0.53535
  0.19260 146.04526  -1.29149   0.05322   0.00000  -0.73840 -28.46091  -1.77797   0.02482   0.00000 125.98600 -10.20268   0.00190   0.00022   0.00706   0.00696 146.05098   0.50666
  0.19280 146.04881  -1.21785   0.05031   0.00000  -0.80104 -29.88631  -1.78366   0.02467   0.00000 126.01519 -10.20385   0.00190  -0.00011   0.00673   0.00662 146.05390   0.47776
  0.19300 146.05239  -1.14360   0.04736   0.00000  -0.86320 -31.29674  -1.78964   0.02451   0.00000 126.04437 -10.20500   0.00189   0.00022   0.00639   0.00629 146.05687   0.44862
  0.19320 146.05600  -1.06879   0.04438   0.00000  -0.92491 -32.69303  -1.79590   0.02434   0.00000 126.07356 -10.20614   0.00189  -0.00011   0.00606   0.00595 146.05992   0.41926
  0.19340 146.05965  -0.99340   0.04136   0.00000  -0.98617 -34.07412  -1.80244   0.02415   0.00000 126.10275 -10.20727   0.00189   0.00022   0.00572   0.00562 146.06303   0.38968
  0.19360 146.06329  -0.91949   0.03832   0.00000  -1.04706 -35.44830  -1.80844   0.02395   0.00000 126.13194 -10.20839   0.00188   0.00022   0.00539   0.00528 146.06619   0.36068
  0.19380 146.06744  -0.84416   0.03529   0.00000  -1.11566 -37.00018  -1.81552   0.02374   0.00000 126.16114 -10.20950   0.00188  -0.00011   0.00505   0.00495 146.06988   0.33112
  0.19400 146.07158  -0.76810   0.03223   0.00000  -1.18410 -38.54317  -1.82292   0.02352   0.00000 126.19033 -10.21059   0.00187   0.00022   0.00472   0.00461 146.07360   0.30128
  0.19420 146.07572  -0.69135   0.02912   0.00000  -1.25238 -40.07815  -1.83063   0.02328   0.00000 126.21952 -10.21167   0.00187  -0.00011   0.00438   0.00428 146.07735   0.27117
  0.19440 146.07984  -0.61389   0.02597   0.00000  -1.32050 -41.60409  -1.83865   0.02303   0.00000 126.24872 -10.21274   0.00186   0.00022   0.00405   0.00394 146.08113   0.24078
  0.19460 146.08395  -0.54164   0.02279   0.00000  -1.38829 -43.13376  -1.84465   0.02277   0.00000 126.27792 -10.21380   0.00185   0.00022   0.00371   0.00361 146.08496   0.21244
  0.19480 146.08852  -0.46314   0.01960   0.00000  -1.47796 -45.18308  -1.85328   0.02249   0.00000 126.30711 -10.21485   0.00185  -0.00011   0.00338   0.00327 146.08926   0.18164
  0.19500 146.09310  -0.38366   0.01636   0.00000  -1.56750 -47.22384  -1.86231   0.02219   0.00000 126.33631 -10.21589   0.00184   0.00022   0.00304   0.00294 146.09361   0.15047
  0.19520 146.09769  -0.30322   0.01306   0.00000  -1.65708 -49.25703  -1.87176   0.02188   0.00000 126.36552 -10.21692   0.00183  -0.00011   0.00271   0.00260 146.09800   0.11891
  0.19540 146.10227  -0.22181   0.00970   0.00000  -1.74692 -51.28160  -1.88161   0.02155   0.00000 126.39472 -10.21793   0.00182   0.00022   0.00237   0.00227 146.10244   0.08699
  0.19560 146.10681  -0.15030   0.00625   0.00000  -1.83769 -53.32012  -1.88761   0.02120   0.00000 126.42392 -10.21894   0.00181   0.00022   0.00204   0.00193 146.10689   0.05894
  0.19580 146.11164  -0.06678   0.00288   0.00000  -1.95122 -55.99321  -1.89827   0.02083   0.00000 126.45312 -10.21993   0.00180  -0.00011   0.00170   0.00160 146.11165   0.02619
  0.19600 146.11645   0.01803  -0.00063   0.00000  -2.06844 -58.65727  -1.90947   0.02044   0.00000 126.48233 -10.22091   0.00179   0.00022   0.00137   0.00126 146.11645  -0.00707
  0.19620 146.12123   0.10413  -0.00373   0.00000  -2.16363 -61.31371  -1.92120   0.02003   0.00000 126.51154 -10.22188   0.00178  -0.00011   0.00103   0.00093 146.12127  -0.04083
  0.19640 146.12599   0.19151  -0.00692   0.00000  -2.26034 -63.96095  -1.93347   0.01959   0.00000 126.54075 -10.22284   0.00177   0.00022   0.00070   0.00059 146.12612  -0.07509
  0.19660 146.13076   0.26284  -0.01016   0.00000  -2.35733 -66.63454  -1.93947   0.01914   0.00000 126.56996 -10.22379   0.00176   0.00022   0.00036   0.00026 146.13100  -0.10305
  0.19680 146.13500   0.35385  -0.01365   0.00000  -2.49270 -70.09762  -1.95279   0.01867   0.00000 126.59917 -10.22472   0.00175  -0.00011   0.00003  -0.00008 146.13543  -0.13874
  0.19700 146.13924   0.44655  -0.01719   0.00000  -2.62741 -73.55110  -1.96681   0.01817   0.00000 126.62838 -10.22565   0.00174   0.00022  -0.00031  -0.00041 146.13992  -0.17508
  0.19720 146.14346   0.54093  -0.02079   0.00000  -2.76147 -76.99575  -1.98152   0.01765   0.00000 126.65759 -10.22656   0.00173  -0.00011  -0.00064  -0.00075 146.14446  -0.21207
  0.19740 146.14764   0.63697  -0.02446   0.00000  -2.89494 -80.42985  -1.99692   0.01709   0.00000 126.68681 -10.22746   0.00171   0.00022  -0.00098  -0.00108 146.14903  -0.24971
  0.19760 146.15179   0.70893  -0.02819   0.00000  -3.02756 -83.90546  -2.00292   0.01651   0.00000 126.71602 -10.22836   0.00170   0.00022  -0.00131  -0.00142 146.15351  -0.27792
  0.19780 146.15453   0.80721  -0.03201   0.00000  -3.19014 -87.96083  -2.01970   0.01591   0.00000 126.74524 -10.22924   0.00168  -0.00011  -0.00165  -0.00175 146.15676  -0.31644
  0.19800 146.15722   0.90745  -0.03592   0.00000  -3.35190 -92.00480  -2.03729   0.01527   0.00000 126.77446 -10.23010   0.00167   0.00022  -0.00198  -0.00209 146.16004  -0.35573
  0.19820 146.15984   1.00965  -0.03989   0.00000  -3.51293 -96.03807  -2.05570   0.01460   0.00000 126.80368 -10.23096   0.00166  -0.00011  -0.00232  -0.00242 146.16333  -0.39578
  0.19840 146.16239   1.11377  -0.04394   0.00000  -3.67328 -100.05742  -2.07490   0.01390   0.00000 126.83290 -10.23181   0.00164   0.00022  -0.00266  -0.00276 146.16664  -0.43659
  0.19860 146.16514   1.18404  -0.04807   0.00000  -3.83297 -104.13068  -2.08090   0.01316   0.00000 126.86212 -10.23264   0.00162   0.00022  -0.00299  -0.00310 146.16995  -0.46413
  0.19880 146.16840   1.28615  -0.05211   0.00000  -4.00472 -108.30457  -2.10173   0.01239   0.00000 126.89134 -10.23347   0.00161  -0.00011  -0.00333  -0.00343 146.17407  -0.50414
  0.19900 146.17156   1.39019  -0.05622   0.00000  -4.17569 -112.45789  -2.12339   0.01159   0.00000 126.92057 -10.23428   0.00159   0.00022  -0.00366  -0.00377 146.17818  -0.54491
  0.19920 146.17461   1.49616  -0.06042   0.00000  -4.34594 -116.59120  -2.14588   0.01076   0.00000 126.94979 -10.23509   0.00157  -0.00011  -0.00400  -0.00410 146.18228  -0.58642
  0.19940 146.17753   1.60395  -0.06469   0.00000  -4.51553 -120.69449  -2.16920   0.00989   0.00000 126.97902 -10.23589   0.00156   0.00022  -0.00433  -0.00444 146.18635  -0.62866
  0.19960 146.18079   1.66658  -0.06905   0.00000  -4.68448 -124.79118  -2.17520   0.00898   0.00000 127.00824 -10.23667   0.00154   0.00022  -0.00467  -0.00477 146.19030  -0.65319
  0.19980 146.18869   1.76137  -0.07293   0.00000  -4.82340 -127.83508  -2.20016   0.00805   0.00000 127.03747 -10.23745   0.00152  -0.00011  -0.00500  -0.00511 146.19931  -0.69030
  0.20000 146.19636   1.85652  -0.07687   0.00000  -4.96182 -130.75720  -2.22573   0.00708   0.00000 127.06670 -10.23822   0.00150   0.00022  -0.00534  -0.00544 146.20817  -0.72755
  0.20020 146.20381   1.95197  -0.08088   0.00000  -5.09983 -133.55805  -2.25188   0.00609   0.00000 127.09593 -10.23898   0.00148  -0.00011  -0.00567  -0.00578 146.21686  -0.76491
  0.20040 146.21103   2.04766  -0.08496   0.00000  -5.23753 -136.23632  -2.27859   0.00507   0.00000 127.12517 -10.23974   0.00146   0.00022  -0.00601  -0.00611 146.22539  -0.80236
  0.20060 146.21889   2.08994  -0.08912   0.00000  -5.37502 -138.96729  -2.28459   0.00402   0.00000 127.15440 -10.24049   0.00144   0.00022  -0.00634  -0.00645 146.23385  -0.81889
  0.20080 146.23156   2.16541  -0.09242   0.00000  -5.43381 -139.64839  -2.31238   0.00294   0.00000 127.18364 -10.24124   0.00142  -0.00011  -0.00668  -0.00678 146.24762  -0.84838
  0.20100 146.24418   2.24119  -0.09576   0.00000  -5.49227 -140.32462  -2.34031   0.00185   0.00000 127.21288 -10.24199   0.00140   0.00022  -0.00701  -0.00712 146.26138  -0.87799
  0.20120 146.25674   2.31727  -0.09912   0.00000  -5.55040 -140.99693  -2.36838   0.00075   0.00000 127.24212 -10.24274   0.00138  -0.00011  -0.00735  -0.00745 146.27513  -0.90771
  0.20140 146.26925   2.39367  -0.10251   0.00000  -5.60821 -141.66433  -2.39658  -0.00036   0.00000 127.27137 -10.24348   0.00136   0.00022  -0.00768  -0.00779 146.28887  -0.93755
  0.20160 146.28266   2.41334  -0.10593   0.00000  -5.66569 -142.44005  -2.40258  -0.00148   0.00000 127.30062 -10.24423   0.00134   0.00022  -0.00802  -0.00812 146.30260  -0.94517
  0.20180 146.29788   2.47637  -0.10877   0.00000  -5.66259 -141.68851  -2.43106  -0.00261   0.00000 127.32987 -10.24497   0.00132  -0.00011  -0.00835  -0.00846 146.31888  -0.96975
  0.20200 146.31306   2.53900  -0.11161   0.00000  -5.65908 -140.93257  -2.45940  -0.00375   0.00000 127.35912 -10.24572   0.00130   0.00022  -0.00869  -0.00879 146.33513  -0.99416
  0.20220 146.32820   2.60120  -0.11444   0.00000  -5.65518 -140.17341  -2.48759  -0.00488   0.00000 127.38838 -10.24647   0.00128  -0.00011  -0.00902  -0.00913 146.35137  -1.01841
  0.20240 146.34331   2.66299  -0.11727   0.00000  -5.65087 -139.41020  -2.51562  -0.00601   0.00000 127.41764 -10.24722   0.00126   0.00022  -0.00936  -0.00946 146.36759  -1.04249
  0.20260 146.35942   2.66847  -0.12010   0.00000  -5.64616 -138.75377  -2.52162  -0.00714   0.00000 127.44690 -10.24797   0.00124   0.00022  -0.00969  -0.00980 146.38380  -1.04452
  0.20280 146.37549   2.72858  -0.12287   0.00000  -5.63585 -137.86718  -2.54937  -0.00827   0.00000 127.47617 -10.24872   0.00122  -0.00011  -0.01003  -0.01013 146.40097  -1.06792
  0.20300 146.39153   2.78822  -0.12564   0.00000  -5.62514 -136.97662  -2.57695  -0.00940   0.00000 127.50544 -10.24948   0.00120   0.00022  -0.01036  -0.01047 146.41813  -1.09114
  0.20320 146.40753   2.84737  -0.12840   0.00000  -5.61402 -136.08308  -2.60434  -0.01053   0.00000 127.53471 -10.25024   0.00118  -0.00011  -0.01070  -0.01080 146.43527  -1.11416
  0.20340 146.42350   2.90605  -0.13115   0.00000  -5.60250 -135.18564  -2.63156  -0.01165   0.00000 127.56399 -10.25100   0.00116   0.00022  -0.01103  -0.01114 146.45239  -1.13699
  0.20360 146.44053   2.91046  -0.13389   0.00000  -5.59056 -134.39087  -2.63756  -0.01277   0.00000 127.59327 -10.25177   0.00114   0.00022  -0.01137  -0.01147 146.46951  -1.13859
  0.20380 146.45664   2.96824  -0.13662   0.00000  -5.57795 -133.48364  -2.66444  -0.01389   0.00000 127.62256 -10.25253   0.00112  -0.00011  -0.01170  -0.01181 146.48678  -1.16106
  0.20400 146.47272   3.02554  -0.13934   0.00000  -5.56493 -132.57257  -2.69113  -0.01501   0.00000 127.65184 -10.25330   0.00110   0.00022  -0.01204  -0.01214 146.50403  -1.18333
  0.20420 146.48877   3.08234  -0.14205   0.00000  -5.55149 -131.65926  -2.71765  -0.01612   0.00000 127.68113 -10.25407   0.00108  -0.00011  -0.01237  -0.01248 146.52127  -1.20541
  0.20440 146.50480   3.13872  -0.14475   0.00000  -5.53765 -130.74794  -2.74398  -0.01723   0.00000 127.71043 -10.25485   0.00106   0.00022  -0.01271  -0.01281 146.53849  -1.22732
  0.20460 146.52193   3.14309  -0.14744   0.00000  -5.52341 -129.93693  -2.74998  -0.01834   0.00000 127.73973 -10.25562   0.00104   0.00022  -0.01304  -0.01315 146.55571  -1.22888
  0.20480 146.53722   3.19909  -0.15014   0.00000  -5.51184 -129.09561  -2.77597  -0.01945   0.00000 127.76903 -10.25640   0.00102  -0.00011  -0.01338  -0.01348 146.57221  -1.25064
  0.20500 146.55248   3.25469  -0.15283   0.00000  -5.49988 -128.25629  -2.80179  -0.02055   0.00000 127.79833 -10.25718   0.00100   0.00022  -0.01371  -0.01382 146.58870  -1.27224
  0.20520 146.56773   3.30989  -0.15551   0.00000  -5.48750 -127.41989  -2.82744  -0.02165   0.00000 127.82764 -10.25796   0.00098  -0.00011  -0.01405  -0.01415 146.60518  -1.29367
  0.20540 146.58295   3.36470  -0.15818   0.00000  -5.47472 -126.58545  -2.85292  -0.02275   0.00000 127.85695 -10.25875   0.00096   0.00022  -0.01438  -0.01449 146.62165  -1.31495
  0.20560 146.59930   3.36965  -0.16085   0.00000  -5.46153 -125.84724  -2.85892  -0.02385   0.00000 127.88626 -10.25953   0.00094   0.00022  -0.01472  -0.01482 146.63811  -1.31674
  0.20580 146.61145   3.40989  -0.16284   0.00000  -5.37858 -123.56710  -2.88409  -0.02494   0.00000 127.91558 -10.26032   0.00092  -0.00011  -0.01505  -0.01516 146.65119  -1.33235
  0.20600 146.62361   3.44900  -0.16479   0.00000  -5.29519 -121.28794  -2.90880  -0.02602   0.00000 127.94490 -10.26112   0.00090   0.00022  -0.01539  -0.01549 146.66426  -1.34751
  0.20620 146.63577   3.48695  -0.16669   0.00000  -5.21135 -119.01066  -2.93306  -0.02708   0.00000 127.97422 -10.26192   0.00088  -0.00011  -0.01572  -0.01583 146.67732  -1.36222
  0.20640 146.64793   3.52376  -0.16855   0.00000  -5.12706 -116.73426  -2.95686  -0.02812   0.00000 128.00354 -10.26272   0.00086   0.00022  -0.01606  -0.01616 146.69036  -1.37648
  0.20660 146.66119   3.51498  -0.17036   0.00000  -5.04232 -114.54345  -2.96286  -0.02915   0.00000 128.03287 -10.26353   0.00084   0.00022  -0.01639  -0.01650 146.70340  -1.37293
  0.20680 146.66517   3.51824  -0.17061   0.00000  -4.82584 -109.59061  -2.98577  -0.03016   0.00000 128.06220 -10.26434   0.00082  -0.00011  -0.01673  -0.01683 146.70747  -1.37416
  0.20700 146.66922   3.51897  -0.17073   0.00000  -4.60886 -104.63703  -3.00769  -0.03113   0.00000 128.09153 -10.26517   0.00080   0.00022  -0.01706  -0.01717 146.71153  -1.37441
  0.20720 146.67332   3.51716  -0.17075   0.00000  -4.39138 -99.68357  -3.02862  -0.03205   0.00000 128.12086 -10.26601   0.00078  -0.00011  -0.01740  -0.01750 146.71559  -1.37366
  0.20740 146.67749   3.51281  -0.17064   0.00000  -4.17339 -94.72913  -3.04856  -0.03293   0.00000 128.15019 -10.26685   0.00077   0.00022  -0.01773  -0.01784 146.71965  -1.37193
  0.20760 146.68252   3.47274  -0.17043   0.00000  -3.95488 -89.83709  -3.05456  -0.03377   0.00000 128.17952 -10.26771   0.00075   0.00022  -0.01807  -0.01817 146.72372  -1.35624
  0.20780 146.68260   3.44923  -0.16938   0.00000  -3.72870 -84.78039  -3.07252  -0.03456   0.00000 128.20886 -10.26858   0.00073  -0.00011  -0.01841  -0.01851 146.72325  -1.34706
  0.20800 146.68276   3.42311  -0.16821   0.00000  -3.50203 -79.72199  -3.08948  -0.03530   0.00000 128.23819 -10.26946   0.00072   0.00022  -0.01874  -0.01885 146.72279  -1.33686
  0.20820 146.68299   3.39438  -0.16692   0.00000  -3.27483 -74.66270  -3.10542  -0.03601   0.00000 128.26752 -10.27036   0.00070  -0.00011  -0.01908  -0.01918 146.72235  -1.32564
  0.20840 146.68328   3.36305  -0.16551   0.00000  -3.04712 -69.60145  -3.12036  -0.03666   0.00000 128.29685 -10.27127   0.00068   0.00022  -0.01941  -0.01952 146.72192  -1.31341
  0.20860 146.68412   3.30882  -0.16398   0.00000  -2.81888 -64.57730  -3.12636  -0.03727   0.00000 128.32618 -10.27220   0.00067   0.00022  -0.01908  -0.01918 146.72152  -1.29223
  0.20880 146.68653   3.27235  -0.16231   0.00000  -2.66505 -61.03121  -3.13927  -0.03784   0.00000 128.35551 -10.27314   0.00066  -0.00011  -0.01874  -0.01885 146.72312  -1.27797
  0.20900 146.68899   3.23405  -0.16057   0.00000  -2.51149 -57.48271  -3.15148  -0.03837   0.00000 128.38484 -10.27409   0.00064   0.00022  -0.01841  -0.01851 146.72473  -1.26299
  0.20920 146.69151   3.19390  -0.15875   0.00000  -2.35819 -53.93266  -3.16297  -0.03887   0.00000 128.41416 -10.27506   0.00063  -0.00011  -0.01807  -0.01817 146.72636  -1.24730
  0.20940 146.69407   3.15192  -0.15686   0.00000  -2.20515 -50.38003  -3.17376  -0.03935   0.00000 128.44349 -10.27604   0.00062   0.00022  -0.01773  -0.01784 146.72801  -1.23089
  0.20960 146.69691   3.09765  -0.15488   0.00000  -2.05235 -46.84534  -3.17976  -0.03979   0.00000 128.47282 -10.27703   0.00061   0.00022  -0.01740  -0.01750 146.72969  -1.20968
  0.20980 146.69914   3.05214  -0.15282   0.00000  -1.94555 -44.21350  -3.18913  -0.04020   0.00000 128.50215 -10.27804   0.00060  -0.00011  -0.01706  -0.01717 146.73097  -1.19189
  0.21000 146.70141   3.00526  -0.15071   0.00000  -1.83903 -41.57934  -3.19797  -0.04059   0.00000 128.53148 -10.27907   0.00059   0.00022  -0.01673  -0.01683 146.73227  -1.17357
  0.21020 146.70372   2.95706  -0.14855   0.00000  -1.73277 -38.94823  -3.20629  -0.04096   0.00000 128.56081 -10.28010   0.00058  -0.00011  -0.01639  -0.01650 146.73360  -1.15474
  0.21040 146.70608   2.90754  -0.14632   0.00000  -1.62676 -36.31927  -3.21408  -0.04130   0.00000 128.59014 -10.28115   0.00057   0.00022  -0.01606  -0.01616 146.73496  -1.13538
  0.21060 146.70854   2.85345  -0.14405   0.00000  -1.52100 -33.69984  -3.22008  -0.04163   0.00000 128.61946 -10.28222   0.00056   0.00022  -0.01572  -0.01583 146.73635  -1.11425
  0.21080 146.71053   2.80040  -0.14166   0.00000  -1.43130 -31.39315  -3.22682  -0.04194   0.00000 128.64879 -10.28330   0.00055  -0.00011  -0.01539  -0.01549 146.73732  -1.09352
  0.21100 146.71256   2.74619  -0.13923   0.00000  -1.34185 -29.08891  -3.23310  -0.04222   0.00000 128.67812 -10.28439   0.00055   0.00022  -0.01505  -0.01516 146.73832  -1.07235
  0.21120 146.71462   2.69083  -0.13675   0.00000  -1.25264 -26.78813  -3.23891  -0.04249   0.00000 128.70744 -10.28549   0.00054  -0.00011  -0.01472  -0.01482 146.73936  -1.05072
  0.21140 146.71672   2.63432  -0.13422   0.00000  -1.16367 -24.48991  -3.24427  -0.04274   0.00000 128.73677 -10.28662   0.00054   0.00022  -0.01438  -0.01449 146.74043  -1.02864
  0.21160 146.71885   2.57666  -0.13164   0.00000  -1.07491 -22.19527  -3.24917  -0.04297   0.00000 128.76610 -10.28775   0.00053   0.00022  -0.01405  -0.01415 146.74154  -1.00612
  0.21180 146.72082   2.51732  -0.12899   0.00000  -0.99041 -19.98314  -3.25361  -0.04319   0.00000 128.79542 -10.28890   0.00053  -0.00011  -0.01371  -0.01382 146.74247  -0.98294
  0.21200 146.72281   2.45688  -0.12628   0.00000  -0.90611 -17.77399  -3.25761  -0.04339   0.00000 128.82475 -10.29006   0.00052   0.00022  -0.01338  -0.01348 146.74344  -0.95933
  0.21220 146.72484   2.39535  -0.12353   0.00000  -0.82201 -15.56894  -3.26116  -0.04357   0.00000 128.85407 -10.29124   0.00052  -0.00011  -0.01304  -0.01315 146.74444  -0.93530
  0.21240 146.72689   2.33272  -0.12072   0.00000  -0.73808 -13.36711  -3.26427  -0.04373   0.00000 128.88340 -10.29243   0.00052   0.00022  -0.01271  -0.01281 146.74548  -0.91083
  0.21260 146.72897   2.26899  -0.11787   0.00000  -0.65432 -11.16953  -3.26695  -0.04388   0.00000 128.91272 -10.29363   0.00051   0.00022  -0.01237  -0.01248 146.74656  -0.88594
  0.21280 146.73093   2.20379  -0.11495   0.00000  -0.57366  -9.03278  -3.26918  -0.04401   0.00000 128.94205 -10.29485   0.00051  -0.00011  -0.01204  -0.01214 146.74753  -0.86048
  0.21300 146.73292   2.13754  -0.11197   0.00000  -0.49314  -6.89949  -3.27099  -0.04413   0.00000 128.97137 -10.29609   0.00051   0.00022  -0.01170  -0.01181 146.74853  -0.83460
  0.21320 146.73494   2.07022  -0.10894   0.00000  -0.41275  -4.77065  -3.27237  -0.04423   0.00000 129.00069 -10.29733   0.00051  -0.00011  -0.01137  -0.01147 146.74958  -0.80831
  0.21340 146.73697   2.00186  -0.10587   0.00000  -0.33246  -2.64538  -3.27332  -0.04431   0.00000 129.03002 -10.29860   0.00051   0.00022  -0.01103  -0.01114 146.75067  -0.78161
  0.21360 146.73911   1.93300  -0.10274   0.00000  -0.25225  -0.58078  -3.27385  -0.04438   0.00000 129.05934 -10.29987   0.00052   0.00022  -0.01070  -0.01080 146.75187  -0.75471
  0.21380 146.74125   1.86364  -0.09953   0.00000  -0.17460   1.34837  -3.27397  -0.04443   0.00000 129.08866 -10.30116   0.00052  -0.00011  -0.01036  -0.01047 146.75312  -0.72763
  0.21400 146.74352   1.79417  -0.09628   0.00000  -0.09706   3.18863  -3.27370  -0.04446   0.00000 129.11798 -10.30247   0.00052   0.00022  -0.01003  -0.01013 146.75452  -0.70050
  0.21420 146.74593   1.72464  -0.09298   0.00000  -0.01962   4.93895  -3.27306  -0.04448   0.00000 129.14730 -10.30378   0.00052  -0.00011  -0.00969  -0.00980 146.75609  -0.67334
  0.21440 146.74845   1.65510  -0.08962   0.00000   0.05769   6.60024  -3.27207  -0.04449   0.00000 129.17662 -10.30512   0.00053   0.00022  -0.00936  -0.00946 146.75781  -0.64618
  0.21460 146.75111   1.58558  -0.08621   0.00000   0.13488   8.17157  -3.27075  -0.04447   0.00000 129.20595 -10.30646   0.00053   0.00022  -0.00902  -0.00913 146.75970  -0.61903
  0.21480 146.75379   1.51593  -0.08274   0.00000   0.21072   9.62315  -3.26912  -0.04445   0.00000 129.23527 -10.30782   0.00054  -0.00011  -0.00869  -0.00879 146.76164  -0.59183
  0.21500 146.75654   1.44617  -0.07922   0.00000   0.28694  11.01207  -3.26719  -0.04440   0.00000 129.26459 -10.30919   0.00055   0.00022  -0.00835  -0.00846 146.76368  -0.56459
  0.21520 146.75930   1.37582  -0.07564   0.00000   0.36345  12.38666  -3.26499  -0.04435   0.00000 129.29391 -10.31057   0.00055  -0.00011  -0.00802  -0.00812 146.76577  -0.53711
  0.21540 146.76207   1.30490  -0.07201   0.00000   0.44022  13.74777  -3.26251  -0.04427   0.00000 129.32323 -10.31197   0.00056   0.00022  -0.00768  -0.00779 146.76789  -0.50942
  0.21560 146.76485   1.23342  -0.06833   0.00000   0.51722  15.09434  -3.25976  -0.04419   0.00000 129.35255 -10.31338   0.00057   0.00022  -0.00735  -0.00745 146.77005  -0.48151
  0.21580 146.76777   1.16171  -0.06461   0.00000   0.59687  16.47370  -3.25674  -0.04408   0.00000 129.38187 -10.31480   0.00058  -0.00011  -0.00701  -0.00712 146.77238  -0.45350
  0.21600 146.77073   1.08942  -0.06085   0.00000   0.67614  17.83930  -3.25345  -0.04396   0.00000 129.41118 -10.31624   0.00059   0.00022  -0.00668  -0.00678 146.77478  -0.42528
  0.21620 146.77372   1.01657  -0.05703   0.00000   0.75507  19.19009  -3.24988  -0.04383   0.00000 129.44050 -10.31769   0.00060  -0.00011  -0.00634  -0.00645 146.77725  -0.39683
  0.21640 146.77674   0.94316  -0.05317   0.00000   0.83368  20.52819  -3.24604  -0.04368   0.00000 129.46982 -10.31915   0.00061   0.00022  -0.00601  -0.00611 146.77978  -0.36817
  0.21660 146.77978   0.86914  -0.04925   0.00000   0.91201  21.85754  -3.24194  -0.04351   0.00000 129.49914 -10.32062   0.00062   0.00022  -0.00567  -0.00578 146.78236  -0.33927
  0.21680 146.78342   0.79606  -0.04537   0.00000   1.00313  23.40908  -3.23757  -0.04333   0.00000 129.52846 -10.32211   0.00063  -0.00011  -0.00534  -0.00544 146.78558  -0.31073
  0.21700 146.78705   0.72227  -0.04143   0.00000   1.09432  24.95288  -3.23289  -0.04313   0.00000 129.55778 -10.32361   0.00064   0.00022  -0.00500  -0.00511 146.78884  -0.28192
  0.21720 146.79069   0.64776  -0.03742   0.00000   1.18566  26.48788  -3.22789  -0.04291   0.00000 129.58710 -10.32512   0.00066  -0.00011  -0.00467  -0.00477 146.79212  -0.25283
  0.21740 146.79432   0.57255  -0.03335   0.00000   1.27722  28.01497  -3.22260  -0.04267   0.00000 129.61642 -10.32664   0.00067   0.00022  -0.00433  -0.00444 146.79544  -0.22347
  0.21760 146.79795   0.49663  -0.02920   0.00000   1.36905  29.53310  -3.21699  -0.04241   0.00000 129.64574 -10.32818   0.00069   0.00022  -0.00400  -0.00410 146.79879  -0.19384
  0.21780 146.80200   0.42044  -0.02500   0.00000   1.49364  31.59430  -3.21109  -0.04214   0.00000 129.67505 -10.32973   0.00070  -0.00011  -0.00366  -0.00377 146.80260  -0.16409
  0.21800 146.80605   0.34327  -0.02071   0.00000   1.61900  33.64817  -3.20477  -0.04184   0.00000 129.70437 -10.33129   0.00072   0.00022  -0.00333  -0.00343 146.80646  -0.13397
  0.21820 146.81012   0.26513  -0.01631   0.00000   1.74544  35.69362  -3.19804  -0.04152   0.00000 129.73369 -10.33286   0.00074  -0.00011  -0.00299  -0.00310 146.81036  -0.10347
  0.21840 146.81418   0.18601  -0.01178   0.00000   1.87361  37.73146  -3.19090  -0.04117   0.00000 129.76301 -10.33445   0.00076   0.00022  -0.00266  -0.00276 146.81430  -0.07259
  0.21860 146.81824   0.10989  -0.00708   0.00000   2.00487  39.76841  -3.18490  -0.04079   0.00000 129.79233 -10.33604   0.00077   0.00022  -0.00232  -0.00242 146.81828  -0.04289
  0.21880 146.82257   0.02869  -0.00225   0.00000   2.17895  42.43041  -3.17695  -0.04039   0.00000 129.82165 -10.33765   0.00079  -0.00011  -0.00198  -0.00209 146.82258  -0.01120
  0.21900 146.82689  -0.05373   0.00348   0.00000   2.38919  45.08206  -3.16846  -0.03995   0.00000 129.85097 -10.33927   0.00081   0.00022  -0.00165  -0.00175 146.82690   0.02097
  0.21920 146.83118  -0.13749   0.00853   0.00000   2.56335  47.72703  -3.15944  -0.03947   0.00000 129.88029 -10.34091   0.00084  -0.00011  -0.00131  -0.00142 146.83125   0.05365
  0.21940 146.83545  -0.22254   0.01349   0.00000   2.72962  50.36447  -3.14990  -0.03896   0.00000 129.90961 -10.34255   0.00086   0.00022  -0.00098  -0.00108 146.83562   0.08684
  0.21960 146.83972  -0.29843   0.01845   0.00000   2.89166  53.01368  -3.14390  -0.03841   0.00000 129.93893 -10.34421   0.00088   0.00022  -0.00064  -0.00075 146.84002   0.11645
  0.21980 146.84339  -0.38710   0.02363   0.00000   3.10632  56.44105  -3.13330  -0.03783   0.00000 129.96825 -10.34588   0.00090  -0.00011  -0.00031  -0.00041 146.84390   0.15104
  0.22000 146.84707  -0.47743   0.02886   0.00000   3.31774  59.86009  -3.12201  -0.03721   0.00000 129.99757 -10.34757   0.00093   0.00022   0.00003  -0.00008 146.84785   0.18628
  0.22020 146.85075  -0.56944   0.03417   0.00000   3.52684  63.26961  -3.11004  -0.03655   0.00000 130.02689 -10.34926   0.00095  -0.00011   0.00036   0.00026 146.85185   0.22217
  0.22040 146.85442  -0.66309   0.03955   0.00000   3.73398  66.66956  -3.09738  -0.03584   0.00000 130.05621 -10.35097   0.00098   0.00022   0.00070   0.00059 146.85592   0.25871
  0.22060 146.85803  -0.73961   0.04501   0.00000   3.93925  70.09593  -3.09138  -0.03509   0.00000 130.08553 -10.35269   0.00100   0.00022   0.00103   0.00093 146.85990   0.28855
  0.22080 146.86036  -0.83579   0.05060   0.00000   4.18846  74.13094  -3.07736  -0.03430   0.00000 130.11486 -10.35442   0.00103  -0.00011   0.00137   0.00126 146.86275   0.32607
  0.22100 146.86263  -0.93393   0.05630   0.00000   4.43596  78.15570  -3.06254  -0.03347   0.00000 130.14418 -10.35616   0.00106   0.00022   0.00170   0.00160 146.86562   0.36435
  0.22120 146.86485  -1.03403   0.06210   0.00000   4.68196  82.16904  -3.04691  -0.03258   0.00000 130.17350 -10.35792   0.00109  -0.00011   0.00204   0.00193 146.86851   0.40340
  0.22140 146.86701  -1.13605   0.06801   0.00000   4.92662  86.16837  -3.03047  -0.03164   0.00000 130.20282 -10.35969   0.00112   0.00022   0.00237   0.00227 146.87141   0.44319
  0.22160 146.86930  -1.21116   0.07403   0.00000   5.17010  90.20579  -3.02447  -0.03065   0.00000 130.23214 -10.36147   0.00115   0.00022   0.00271   0.00260 146.87431   0.47248
  0.22180 146.87140  -1.31217   0.07996   0.00000   5.43565  94.45300  -3.00643  -0.02962   0.00000 130.26146 -10.36326   0.00118  -0.00011   0.00304   0.00294 146.87728   0.51188
  0.22200 146.87339  -1.41517   0.08601   0.00000   5.69995  98.68069  -2.98754  -0.02853   0.00000 130.29078 -10.36506   0.00121   0.00022   0.00338   0.00327 146.88024   0.55205
  0.22220 146.87529  -1.52014   0.09218   0.00000   5.96313 102.88749  -2.96780  -0.02739   0.00000 130.32010 -10.36687   0.00124  -0.00011   0.00371   0.00361 146.88319   0.59298
  0.22240 146.87706  -1.62686   0.09847   0.00000   6.22530 107.05269  -2.94723  -0.02619   0.00000 130.34942 -10.36870   0.00127   0.00022   0.00405   0.00394 146.88610   0.63460
  0.22260 146.87908  -1.69518   0.10489   0.00000   6.48659 111.19054  -2.94123  -0.02495   0.00000 130.37874 -10.37053   0.00131   0.00022   0.00438   0.00428 146.88890   0.66124
  0.22280 146.88542  -1.79103   0.11072   0.00000   6.71572 114.52620  -2.91899  -0.02365   0.00000 130.40806 -10.37238   0.00134  -0.00011   0.00472   0.00461 146.89638   0.69859
  0.22300 146.89154  -1.88737   0.11666   0.00000   6.94425 117.73890  -2.89608  -0.02230   0.00000 130.43738 -10.37423   0.00137   0.00022   0.00505   0.00495 146.90371   0.73614
  0.22320 146.89744  -1.98414   0.12272   0.00000   7.17236 120.82708  -2.87253  -0.02091   0.00000 130.46670 -10.37609   0.00141  -0.00011   0.00539   0.00528 146.91089   0.77385
  0.22340 146.90311  -2.08126   0.12889   0.00000   7.40021 123.79117  -2.84837  -0.01948   0.00000 130.49602 -10.37796   0.00144   0.00022   0.00572   0.00562 146.91791   0.81169
  0.22360 146.90937  -2.13149   0.13517   0.00000   7.62796 126.81474  -2.84237  -0.01799   0.00000 130.52535 -10.37984   0.00148   0.00022   0.00606   0.00595 146.92489   0.83124
  0.22380 146.92089  -2.21016   0.14029   0.00000   7.75039 128.00653  -2.81701  -0.01647   0.00000 130.55467 -10.38172   0.00152  -0.00011   0.00639   0.00629 146.93758   0.86185
  0.22400 146.93235  -2.28940   0.14548   0.00000   7.87255 129.19427  -2.79141  -0.01491   0.00000 130.58400 -10.38361   0.00155   0.00022   0.00673   0.00662 146.95026   0.89267
  0.22420 146.94375  -2.36922   0.15072   0.00000   7.99444 130.37696  -2.76557  -0.01334   0.00000 130.61333 -10.38550   0.00159  -0.00011   0.00706   0.00696 146.96293   0.92372
  0.22440 146.95509  -2.44960   0.15603   0.00000   8.11608 131.55551  -2.73949  -0.01174   0.00000 130.64266 -10.38739   0.00163   0.00022   0.00740   0.00729 146.97559   0.95498
  0.22460 146.96725  -2.47845   0.16139   0.00000   8.23749 132.82991  -2.73349  -0.01011   0.00000 130.67199 -10.38928   0.00166   0.00022   0.00773   0.00763 146.98824   0.96614
  0.22480 146.98194  -2.54109   0.16561   0.00000   8.23811 132.11241  -2.70692  -0.00846   0.00000 130.70133 -10.39118   0.00170  -0.00011   0.00807   0.00796 147.00399   0.99046
  0.22500 146.99659  -2.60334   0.16983   0.00000   8.23832 131.39162  -2.68050  -0.00681   0.00000 130.73067 -10.39307   0.00174   0.00022   0.00840   0.00830 147.01973   1.01461
  0.22520 147.01120  -2.66518   0.17405   0.00000   8.23813 130.66679  -2.65422  -0.00516   0.00000 130.76001 -10.39497   0.00177  -0.00011   0.00874   0.00863 147.03546   1.03861
  0.22540 147.02577  -2.72663   0.17827   0.00000   8.23754 129.93890  -2.62809  -0.00351   0.00000 130.78936 -10.39686   0.00181   0.00022   0.00907   0.00897 147.05116   1.06244
  0.22560 147.04127  -2.73638   0.18247   0.00000   8.23654 129.30615  -2.62209  -0.00186   0.00000 130.81871 -10.39876   0.00185   0.00022   0.00941   0.00930 147.06685   1.06613
  0.22580 147.05706  -2.79582   0.18659   0.00000   8.22452 128.41251  -2.59623  -0.00022   0.00000 130.84806 -10.40065   0.00189  -0.00011   0.00974   0.00964 147.08376   1.08917
  0.22600 147.07282  -2.85478   0.19071   0.00000   8.21208 127.51591  -2.57055   0.00143   0.00000 130.87741 -10.40254   0.00192   0.00022   0.01008   0.00997 147.10065   1.11201
  0.22620 147.08854  -2.91325   0.19481   0.00000   8.19922 126.61539  -2.54504   0.00308   0.00000 130.90677 -10.40443   0.00196  -0.00011   0.01041   0.01031 147.11752   1.13466
  0.22640 147.10424  -2.97123   0.19890   0.00000   8.18595 125.71195  -2.51972   0.00472   0.00000 130.93614 -10.40632   0.00200   0.00022   0.01075   0.01064 147.13437   1.15711
  0.22660 147.12090  -2.97957   0.20298   0.00000   8.17225 124.89958  -2.51372   0.00636   0.00000 130.96550 -10.40820   0.00204   0.00022   0.01108   0.01098 147.15121   1.16023
  0.22680 147.13696  -3.03658   0.20705   0.00000   8.15682 123.97248  -2.48874   0.00799   0.00000 130.99487 -10.41009   0.00207  -0.00011   0.01142   0.01131 147.16844   1.18229
  0.22700 147.15298  -3.09309   0.21111   0.00000   8.14097 123.04253  -2.46395   0.00962   0.00000 131.02425 -10.41197   0.00211   0.00022   0.01175   0.01165 147.18564   1.20416
  0.22720 147.16899  -3.14916   0.21515   0.00000   8.12470 122.11457  -2.43934   0.01125   0.00000 131.05362 -10.41386   0.00215  -0.00011   0.01209   0.01198 147.20283   1.22584
  0.22740 147.18497  -3.20478   0.21919   0.00000   8.10801 121.18954  -2.41491   0.01288   0.00000 131.08300 -10.41574   0.00219   0.00022   0.01242   0.01232 147.22002   1.24735
  0.22760 147.20196  -3.21307   0.22320   0.00000   8.09090 120.35344  -2.40891   0.01450   0.00000 131.11239 -10.41762   0.00222   0.00022   0.01276   0.01265 147.23719   1.25043
  0.22780 147.21757  -3.26784   0.22721   0.00000   8.07427 119.44308  -2.38484   0.01612   0.00000 131.14177 -10.41950   0.00226  -0.00011   0.01309   0.01299 147.25401   1.27160
  0.22800 147.23316  -3.32217   0.23121   0.00000   8.05721 118.53560  -2.36096   0.01774   0.00000 131.17116 -10.42138   0.00230   0.00022   0.01343   0.01332 147.27082   1.29260
  0.22820 147.24873  -3.37607   0.23520   0.00000   8.03974 117.63003  -2.33725   0.01935   0.00000 131.20056 -10.42325   0.00233  -0.00011   0.01376   0.01366 147.28762   1.31343
  0.22840 147.26429  -3.42953   0.23918   0.00000   8.02184 116.72730  -2.31372   0.02096   0.00000 131.22996 -10.42513   0.00237   0.00022   0.01410   0.01400 147.30441   1.33408
  0.22860 147.28087  -3.43794   0.24313   0.00000   8.00353 115.90912  -2.30772   0.02257   0.00000 131.25936 -10.42701   0.00241   0.00022   0.01444   0.01433 147.32119   1.33720
  0.22880 147.29430  -3.48491   0.24668   0.00000   7.94095 114.38615  -2.28454   0.02417   0.00000 131.28876 -10.42888   0.00245  -0.00011   0.01477   0.01467 147.33573   1.35534
  0.22900 147.30773  -3.53113   0.25020   0.00000   7.87791 112.86559  -2.26166   0.02576   0.00000 131.31817 -10.43075   0.00248   0.00022   0.01511   0.01500 147.35026   1.37318
  0.22920 147.32115  -3.57658   0.25367   0.00000   7.81441 111.34644  -2.23909   0.02734   0.00000 131.34758 -10.43262   0.00252  -0.00011   0.01544   0.01534 147.36478   1.39072
  0.22940 147.33457  -3.62131   0.25711   0.00000   7.75043 109.83277  -2.21682   0.02890   0.00000 131.37699 -10.43448   0.00256   0.00022   0.01578   0.01567 147.37929   1.40798
  0.22960 147.34901  -3.62423   0.26051   0.00000   7.68597 108.39926  -2.21082   0.03045   0.00000 131.40641 -10.43635   0.00259   0.00022   0.01611   0.01601 147.39380   1.40897
  0.22980 147.35548  -3.63661   0.26166   0.00000   7.41915 104.08610  -2.18914   0.03199   0.00000 131.43583 -10.43821   0.00263  -0.00011   0.01645   0.01634 147.40058   1.41372
  0.23000 147.36201  -3.64679   0.26266   0.00000   7.15166  99.77551  -2.16832   0.03347   0.00000 131.46525 -10.44006   0.00267   0.00022   0.01678   0.01668 147.40736   1.41762
  0.23020 147.36858  -3.65477   0.26352   0.00000   6.88350  95.46600  -2.14837   0.03491   0.00000 131.49468 -10.44190   0.00270  -0.00011   0.01712   0.01701 147.41413   1.42066
  0.23040 147.37521  -3.66055   0.26423   0.00000   6.61466  91.15802  -2.12928   0.03628   0.00000 131.52410 -10.44374   0.00274   0.00022   0.01745   0.01735 147.42090   1.42284
  0.23060 147.38267  -3.63259   0.26479   0.00000   6.34513  86.90420  -2.12328   0.03761   0.00000 131.55353 -10.44557   0.00277   0.00022   0.01779   0.01768 147.42767   1.41190
  0.23080 147.38173  -3.61227   0.26362   0.00000   5.99807  81.55660  -2.10589   0.03888   0.00000 131.58296 -10.44738   0.00280  -0.00011   0.01812   0.01802 147.42622   1.40402
  0.23100 147.38085  -3.58915   0.26226   0.00000   5.65027  76.20434  -2.08958   0.04008   0.00000 131.61239 -10.44919   0.00284   0.00022   0.01846   0.01835 147.42478   1.39504
  0.23120 147.38004  -3.56322   0.26071   0.00000   5.30169  70.84580  -2.07434   0.04121   0.00000 131.64182 -10.45098   0.00287  -0.00011   0.01879   0.01869 147.42334   1.38497
  0.23140 147.37930  -3.53448   0.25897   0.00000   4.95231  65.48365  -2.06017   0.04227   0.00000 131.67125 -10.45276   0.00290   0.00022   0.01913   0.01902 147.42190   1.37382
  0.23160 147.37907  -3.48471   0.25705   0.00000   4.60210  60.15341  -2.05417   0.04326   0.00000 131.70068 -10.45453   0.00293   0.00022   0.01946   0.01936 147.42048   1.35448
  0.23180 147.38096  -3.44877   0.25478   0.00000   4.34628  56.10376  -2.04214   0.04418   0.00000 131.73011 -10.45628   0.00296  -0.00011   0.01980   0.01969 147.42152   1.34050
  0.23200 147.38291  -3.41072   0.25238   0.00000   4.08973  52.05271  -2.03092   0.04505   0.00000 131.75955 -10.45802   0.00299   0.00022   0.02013   0.02003 147.42258   1.32570
  0.23220 147.38491  -3.37057   0.24984   0.00000   3.83243  47.99918  -2.02051   0.04587   0.00000 131.78898 -10.45975   0.00301  -0.00011   0.02047   0.02036 147.42366   1.31008
  0.23240 147.38696  -3.32831   0.24715   0.00000   3.57436  43.94404  -2.01091   0.04664   0.00000 131.81842 -10.46146   0.00304   0.00022   0.02080   0.02070 147.42475   1.29364
  0.23260 147.38924  -3.27677   0.24431   0.00000   3.31551  39.89951  -2.00491   0.04735   0.00000 131.84785 -10.46316   0.00307   0.00022   0.02047   0.02036 147.42586   1.27359
  0.23280 147.39141  -3.23105   0.24139   0.00000   3.13750  36.93068  -1.99693   0.04802   0.00000 131.87729 -10.46484   0.00309  -0.00011   0.02013   0.02003 147.42702   1.25581
  0.23300 147.39363  -3.18377   0.23837   0.00000   2.95960  33.96000  -1.98955   0.04864   0.00000 131.90673 -10.46652   0.00311   0.00022   0.01980   0.01969 147.42820   1.23742
  0.23320 147.39588  -3.13494   0.23525   0.00000   2.78178  30.98644  -1.98275   0.04924   0.00000 131.93617 -10.46818   0.00314  -0.00011   0.01946   0.01936 147.42941   1.21843
  0.23340 147.39818  -3.08456   0.23203   0.00000   2.60402  28.01089  -1.97656   0.04979   0.00000 131.96561 -10.46982   0.00316   0.00022   0.01980   0.01969 147.43063   1.19884
  0.23360 147.40051  -3.03262   0.22871   0.00000   2.42551  25.03230  -1.97095   0.05031   0.00000 131.99505 -10.47146   0.00318   0.00022   0.01946   0.01936 147.43188   1.17864
  0.23380 147.40252  -2.97904   0.22528   0.00000   2.28689  22.58402  -1.96595   0.05080   0.00000 132.02449 -10.47308   0.00320  -0.00011   0.01913   0.01902 147.43279   1.15780
  0.23400 147.40456  -2.92423   0.22176   0.00000   2.14838  20.13921  -1.96143   0.05126   0.00000 132.05393 -10.47468   0.00322   0.00022   0.01879   0.01869 147.43373   1.13649
  0.23420 147.40664  -2.86819   0.21817   0.00000   2.00994  17.69696  -1.95740   0.05169   0.00000 132.08337 -10.47628   0.00324  -0.00011   0.01846   0.01835 147.43471   1.11470
  0.23440 147.40876  -2.81092   0.21450   0.00000   1.87157  15.25831  -1.95386   0.05209   0.00000 132.11282 -10.47786   0.00325   0.00022   0.01812   0.01802 147.43572   1.09244
  0.23460 147.41091  -2.75243   0.21075   0.00000   1.73325  12.82236  -1.95081   0.05246   0.00000 132.14226 -10.47943   0.00327   0.00022   0.01779   0.01768 147.43676   1.06969
  0.23480 147.41286  -2.69212   0.20686   0.00000   1.60182  10.47915  -1.94825   0.05281   0.00000 132.17171 -10.48098   0.00328  -0.00011   0.01745   0.01735 147.43759   1.04624
  0.23500 147.41485  -2.63062   0.20290   0.00000   1.47042   8.13979  -1.94615   0.05313   0.00000 132.20116 -10.48252   0.00330   0.00022   0.01712   0.01701 147.43846   1.02234
  0.23520 147.41686  -2.56796   0.19886   0.00000   1.33903   5.80337  -1.94452   0.05342   0.00000 132.23061 -10.48405   0.00331  -0.00011   0.01678   0.01668 147.43936   0.99798
  0.23540 147.41891  -2.50413   0.19473   0.00000   1.20761   3.47094  -1.94336   0.05369   0.00000 132.26006 -10.48556   0.00332   0.00022   0.01645   0.01634 147.44031   0.97316
  0.23560 147.42098  -2.43914   0.19052   0.00000   1.07615   1.14191  -1.94267   0.05393   0.00000 132.28951 -10.48706   0.00334   0.00022   0.01611   0.01601 147.44128   0.94789
  0.23580 147.42290  -2.37251   0.18619   0.00000   0.95015  -1.11247  -1.94244   0.05415   0.00000 132.31896 -10.48855   0.00335  -0.00011   0.01578   0.01567 147.44211   0.92199
  0.23600 147.42484  -2.30475   0.18178   0.00000   0.82407  -3.36231  -1.94266   0.05434   0.00000 132.34841 -10.49002   0.00336   0.00022   0.01544   0.01534 147.44297   0.89566
  0.23620 147.42681  -2.23588   0.17728   0.00000   0.69788  -5.60850  -1.94334   0.05450   0.00000 132.37786 -10.49148   0.00336  -0.00011   0.01511   0.01500 147.44387   0.86888
  0.23640 147.42880  -2.16590   0.17269   0.00000   0.57155  -7.85002  -1.94446   0.05464   0.00000 132.40731 -10.49293   0.00337   0.00022   0.01477   0.01467 147.44481   0.84168
  0.23660 147.43081  -2.09480   0.16802   0.00000   0.44504 -10.08776  -1.94603   0.05476   0.00000 132.43677 -10.49436   0.00338   0.00022   0.01444   0.01433 147.44579   0.81404
  0.23680 147.43272  -2.02226   0.16323   0.00000   0.32230 -12.27162  -1.94804   0.05485   0.00000 132.46622 -10.49578   0.00338  -0.00011   0.01410   0.01400 147.44668   0.78585
  0.23700 147.43471  -1.94913   0.15835   0.00000   0.19931 -14.40058  -1.95050   0.05491   0.00000 132.49568 -10.49719   0.00339   0.00022   0.01376   0.01366 147.44768   0.75742
  0.23720 147.43682  -1.87584   0.15338   0.00000   0.07604 -16.43526  -1.95338   0.05495   0.00000 132.52513 -10.49858   0.00339  -0.00011   0.01343   0.01332 147.44884   0.72894
  0.23740 147.43907  -1.80244   0.14832   0.00000  -0.04748 -18.37454  -1.95667   0.05497   0.00000 132.55459 -10.49996   0.00339   0.00022   0.01309   0.01299 147.45016   0.70041
  0.23760 147.44144  -1.72899   0.14316   0.00000  -0.17131 -20.21926  -1.96034   0.05496   0.00000 132.58405 -10.50133   0.00339   0.00022   0.01276   0.01265 147.45165   0.67185
  0.23780 147.44380  -1.65524   0.13788   0.00000  -0.29276 -21.92614  -1.96438   0.05492   0.00000 132.61351 -10.50268   0.00340  -0.00011   0.01242   0.01232 147.45315   0.64319
  0.23800 147.44625  -1.58154   0.13250   0.00000  -0.41529 -23.53715  -1.96877   0.05486   0.00000 132.64297 -10.50402   0.00339   0.00022   0.01209   0.01198 147.45479   0.61454
  0.23820 147.44881  -1.50797   0.12703   0.00000  -0.53882 -25.05340  -1.97348   0.05478   0.00000 132.67243 -10.50535   0.00339  -0.00011   0.01175   0.01165 147.45657   0.58595
  0.23840 147.45140  -1.43406   0.12146   0.00000  -0.66324 -26.52324  -1.97849   0.05467   0.00000 132.70189 -10.50667   0.00339   0.00022   0.01142   0.01131 147.45842   0.55722
  0.23860 147.45400  -1.35954   0.11580   0.00000  -0.78846 -27.97878  -1.98379   0.05454   0.00000 132.73136 -10.50798   0.00339   0.00022   0.01108   0.01098 147.46032   0.52826
  0.23880 147.45660  -1.28431   0.11003   0.00000  -0.91212 -29.40270  -1.98939   0.05438   0.00000 132.76082 -10.50927   0.00338  -0.00011   0.01075   0.01064 147.46223   0.49902
  0.23900 147.45923  -1.20849   0.10419   0.00000  -1.03570 -30.81111  -1.99527   0.05420   0.00000 132.79028 -10.51055   0.00338   0.00022   0.01041   0.01031 147.46422   0.46955
  0.23920 147.46190  -1.13209   0.09825   0.00000  -1.15923 -32.20484  -2.00143   0.05399   0.00000 132.81975 -10.51182   0.00337  -0.00011   0.01008   0.00997 147.46627   0.43986
  0.23940 147.46460  -1.05513   0.09222   0.00000  -1.28279 -33.58281  -2.00787   0.05376   0.00000 132.84922 -10.51307   0.00336   0.00022   0.00974   0.00964 147.46840   0.40995
  0.23960 147.46731  -0.97945   0.08609   0.00000  -1.40651 -34.94961  -2.01387   0.05350   0.00000 132.87868 -10.51432   0.00335   0.00022   0.00941   0.00930 147.47059   0.38054
  0.23980 147.47048  -0.90241   0.07997   0.00000  -1.54471 -36.46554  -2.02086   0.05322   0.00000 132.90815 -10.51555   0.00334  -0.00011   0.00907   0.00897 147.47326   0.35060
  0.24000 147.47363  -0.82467   0.07373   0.00000  -1.68366 -37.97219  -2.02816   0.05291   0.00000 132.93762 -10.51677   0.00333   0.00022   0.00874   0.00863 147.47596   0.32039
  0.24020 147.47678  -0.74624   0.06738   0.00000  -1.82343 -39.47044  -2.03575   0.05258   0.00000 132.96709 -10.51798   0.00332  -0.00011   0.00840   0.00830 147.47869   0.28992
  0.24040 147.47992  -0.66713   0.06091   0.00000  -1.96413 -40.95924  -2.04364   0.05221   0.00000 132.99656 -10.51918   0.00330   0.00022   0.00807   0.00796 147.48145   0.25918
  0.24060 147.48305  -0.59299   0.05431   0.00000  -2.10553 -42.45052  -2.04964   0.05182   0.00000 133.02604 -10.52036   0.00329   0.00022   0.00773   0.00763 147.48425   0.23037
  0.24080 147.48674  -0.51337   0.04770   0.00000  -2.29023 -44.39314  -2.05813   0.05140   0.00000 133.05551 -10.52153   0.00327  -0.00011   0.00740   0.00729 147.48764   0.19943
  0.24100 147.49044  -0.43284   0.04093   0.00000  -2.47662 -46.32625  -2.06701   0.05094   0.00000 133.08498 -10.52270   0.00326   0.00022   0.00706   0.00696 147.49108   0.16814
  0.24120 147.49414  -0.35140   0.03397   0.00000  -2.66529 -48.25133  -2.07628   0.05044   0.00000 133.11446 -10.52385   0.00324  -0.00011   0.00673   0.00662 147.49456   0.13650
  0.24140 147.49784  -0.26905   0.02680   0.00000  -2.85713 -50.16722  -2.08593   0.04991   0.00000 133.14394 -10.52499   0.00322   0.00022   0.00639   0.00629 147.49809   0.10451
  0.24160 147.50150  -0.19620   0.01936   0.00000  -3.05426 -52.09491  -2.09193   0.04934   0.00000 133.17341 -10.52611   0.00320   0.00022   0.00606   0.00595 147.50163   0.07621
  0.24180 147.50558  -0.11197   0.01187   0.00000  -3.31282 -54.64561  -2.10235   0.04873   0.00000 133.20289 -10.52723   0.00318  -0.00011   0.00572   0.00562 147.50563   0.04349
  0.24200 147.50965  -0.02654   0.00383   0.00000  -3.58944 -57.18536  -2.11328   0.04806   0.00000 133.23237 -10.52833   0.00315   0.00022   0.00539   0.00528 147.50965   0.01031
  0.24220 147.51369   0.05983  -0.00658   0.00000  -3.96044 -59.70501  -2.12471   0.04735   0.00000 133.26186 -10.52943   0.00313  -0.00011   0.00505   0.00495 147.51370  -0.02324
  0.24240 147.51770   0.14767  -0.01517   0.00000  -4.24577 -62.22578  -2.13665   0.04655   0.00000 133.29134 -10.53051   0.00310   0.00022   0.00472   0.00461 147.51777  -0.05735
  0.24260 147.52172   0.22017  -0.02349   0.00000  -4.51238 -64.77237  -2.14265   0.04570   0.00000 133.32082 -10.53158   0.00308   0.00022   0.00438   0.00428 147.52189  -0.08551
  0.24280 147.52530   0.31147  -0.03227   0.00000  -4.87464 -68.08992  -2.15561   0.04480   0.00000 133.35031 -10.53264   0.00305  -0.00011   0.00405   0.00394 147.52563  -0.12097
  0.24300 147.52887   0.40440  -0.04105   0.00000  -5.22587 -71.39876  -2.16923   0.04382   0.00000 133.37979 -10.53369   0.00302   0.00022   0.00371   0.00361 147.52943  -0.15706
  0.24320 147.53245   0.49896  -0.04988   0.00000  -5.56933 -74.69932  -2.18351   0.04278   0.00000 133.40928 -10.53472   0.00299  -0.00011   0.00338   0.00327 147.53330  -0.19378
  0.24340 147.53600   0.59515  -0.05878   0.00000  -5.90716 -77.99016  -2.19845   0.04166   0.00000 133.43877 -10.53575   0.00296   0.00022   0.00304   0.00294 147.53721  -0.23112
  0.24360 147.53949   0.66821  -0.06780   0.00000  -6.24137 -81.31945  -2.20445   0.04048   0.00000 133.46826 -10.53676   0.00292   0.00022   0.00271   0.00260 147.54102  -0.25949
  0.24380 147.54183   0.76725  -0.07710   0.00000  -6.65798 -85.32811  -2.22071   0.03923   0.00000 133.49775 -10.53776   0.00289  -0.00011   0.00237   0.00227 147.54385  -0.29795
  0.24400 147.54412   0.86825  -0.08655   0.00000  -7.07019 -89.32551  -2.23778   0.03790   0.00000 133.52724 -10.53875   0.00285   0.00022   0.00204   0.00193 147.54670  -0.33716
  0.24420 147.54635   0.97121  -0.09616   0.00000  -7.47869 -93.31230  -2.25564   0.03649   0.00000 133.55674 -10.53973   0.00282  -0.00011   0.00170   0.00160 147.54958  -0.37714
  0.24440 147.54851   1.07611  -0.10594   0.00000  -7.88403 -97.28726  -2.27430   0.03499   0.00000 133.58623 -10.54070   0.00278   0.00022   0.00137   0.00126 147.55248  -0.41787
  0.24460 147.55086   1.14826  -0.11589   0.00000  -8.28663 -101.31407  -2.28030   0.03341   0.00000 133.61573 -10.54165   0.00274   0.00022   0.00103   0.00093 147.55538  -0.44587
  0.24480 147.55248   1.25258  -0.12575   0.00000  -8.73584 -105.62243  -2.30057   0.03175   0.00000 133.64522 -10.54260   0.00270  -0.00011   0.00070   0.00059 147.55785  -0.48638
  0.24500 147.55400   1.35894  -0.13581   0.00000  -9.18237 -109.90967  -2.32169   0.03000   0.00000 133.67472 -10.54353   0.00266   0.00022   0.00036   0.00026 147.56032  -0.52766
  0.24520 147.55541   1.46729  -0.14607   0.00000  -9.62644 -114.17632  -2.34367   0.02817   0.00000 133.70422 -10.54446   0.00262  -0.00011   0.00003  -0.00008 147.56278  -0.56973
  0.24540 147.55670   1.57763  -0.15654   0.00000 -10.06836 -118.42099  -2.36651   0.02624   0.00000 133.73372 -10.54537   0.00257   0.00022  -0.00031  -0.00041 147.56522  -0.61257
  0.24560 147.55834   1.64397  -0.16722   0.00000 -10.50835 -122.68913  -2.37251   0.02422   0.00000 133.76321 -10.54627   0.00253   0.00022  -0.00064  -0.00075 147.56759  -0.63832
  0.24580 147.56442   1.74356  -0.17690   0.00000 -10.89949 -126.15491  -2.39705   0.02212   0.00000 133.79271 -10.54717   0.00248  -0.00011  -0.00098  -0.00108 147.57482  -0.67695
  0.24600 147.57025   1.84367  -0.18678   0.00000 -11.28922 -129.49129  -2.42228   0.01994   0.00000 133.82222 -10.54805   0.00243   0.00022  -0.00131  -0.00142 147.58189  -0.71579
  0.24620 147.57585   1.94421  -0.19684   0.00000 -11.67792 -132.69855  -2.44818   0.01768   0.00000 133.85172 -10.54893   0.00239  -0.00011  -0.00165  -0.00175 147.58879  -0.75479
  0.24640 147.58120   2.04513  -0.20710   0.00000 -12.06593 -135.77517  -2.47471   0.01534   0.00000 133.88122 -10.54980   0.00234   0.00022  -0.00198  -0.00209 147.59552  -0.79394
  0.24660 147.58715   2.09231  -0.21757   0.00000 -12.45357 -138.87371  -2.48071   0.01292   0.00000 133.91073 -10.55067   0.00229   0.00022  -0.00232  -0.00242 147.60214  -0.81222
  0.24680 147.59864   2.17216  -0.22592   0.00000 -12.65075 -139.92655  -2.50849   0.01043   0.00000 133.94024 -10.55153   0.00224  -0.00011  -0.00266  -0.00276 147.61479  -0.84314
  0.24700 147.61006   2.25251  -0.23436   0.00000 -12.84754 -140.97424  -2.53647   0.00790   0.00000 133.96975 -10.55239   0.00219   0.00022  -0.00299  -0.00310 147.62743  -0.87426
  0.24720 147.62142   2.33336  -0.24291   0.00000 -13.04398 -142.01773  -2.56467   0.00533   0.00000 133.99926 -10.55324   0.00214  -0.00011  -0.00333  -0.00343 147.64006  -0.90556
  0.24740 147.63272   2.41471  -0.25155   0.00000 -13.24010 -143.05601  -2.59307   0.00272   0.00000 134.02878 -10.55410   0.00209   0.00022  -0.00366  -0.00377 147.65268  -0.93706
  0.24760 147.64494   2.43828  -0.26030   0.00000 -13.43593 -144.20186  -2.59907   0.00006   0.00000 134.05830 -10.55495   0.00203   0.00022  -0.00400  -0.00410 147.66530  -0.94613
  0.24780 147.65944   2.50291  -0.26729   0.00000 -13.44699 -143.45899  -2.62791  -0.00263   0.00000 134.08782 -10.55580   0.00198  -0.00011  -0.00433  -0.00444 147.68090  -0.97110
  0.24800 147.67391   2.56712  -0.27428   0.00000 -13.45761 -142.71160  -2.65661  -0.00532   0.00000 134.11734 -10.55666   0.00193   0.00022  -0.00467  -0.00477 147.69648  -0.99591
  0.24820 147.68834   2.63091  -0.28128   0.00000 -13.46780 -141.96089  -2.68515  -0.00801   0.00000 134.14687 -10.55751   0.00188  -0.00011  -0.00500  -0.00511 147.71204  -1.02056
  0.24840 147.70273   2.69429  -0.28827   0.00000 -13.47755 -141.20601  -2.71354  -0.01071   0.00000 134.17640 -10.55837   0.00183   0.00022  -0.00534  -0.00544 147.72758  -1.04503
  0.24860 147.71815   2.69990  -0.29529   0.00000 -13.48687 -140.55778  -2.71954  -0.01341   0.00000 134.20593 -10.55923   0.00177   0.00022  -0.00567  -0.00578 147.74312  -1.04710
  0.24880 147.73367   2.76139  -0.30217   0.00000 -13.48040 -139.65476  -2.74765  -0.01611   0.00000 134.23547 -10.56009   0.00172  -0.00011  -0.00601  -0.00611 147.75978  -1.07083
  0.24900 147.74915   2.82239  -0.30904   0.00000 -13.47347 -138.74767  -2.77558  -0.01881   0.00000 134.26500 -10.56096   0.00167   0.00022  -0.00634  -0.00645 147.77642  -1.09436
  0.24920 147.76459   2.88289  -0.31590   0.00000 -13.46610 -137.83750  -2.80333  -0.02150   0.00000 134.29455 -10.56183   0.00162  -0.00011  -0.00668  -0.00678 147.79305  -1.11770
  0.24940 147.78000   2.94290  -0.32276   0.00000 -13.45828 -136.92330  -2.83090  -0.02420   0.00000 134.32409 -10.56270   0.00156   0.00022  -0.00701  -0.00712 147.80966  -1.14084
  0.24960 147.79650   2.94723  -0.32962   0.00000 -13.45002 -136.11168  -2.83690  -0.02690   0.00000 134.35364 -10.56357   0.00151   0.00022  -0.00735  -0.00745 147.82625  -1.14239
  0.24980 147.81216   3.00632  -0.33646   0.00000 -13.44024 -135.18413  -2.86412  -0.02959   0.00000 134.38319 -10.56444   0.00146  -0.00011  -0.00768  -0.00779 147.84311  -1.16516
  0.25000 147.82778   3.06490  -0.34329   0.00000 -13.43001 -134.25264  -2.89116  -0.03228   0.00000 134.41275 -10.56532   0.00141   0.00022  -0.00802  -0.00812 147.85994  -1.18774
  0.25020 147.84337   3.12298  -0.35012   0.00000 -13.41934 -133.32001  -2.91801  -0.03497   0.00000 134.44231 -10.56620   0.00136  -0.00011  -0.00835  -0.00846 147.87676  -1.21011
  0.25040 147.85894   3.18063  -0.35693   0.00000 -13.40822 -132.38947  -2.94467  -0.03766   0.00000 134.47187 -10.56708   0.00130   0.00022  -0.00869  -0.00879 147.89357  -1.23231
  0.25060 147.87448   3.23782  -0.36374   0.00000 -13.39665 -131.46197  -2.97115  -0.04034   0.00000 134.50144 -10.56796   0.00125  -0.00011  -0.00902  -0.00913 147.91037  -1.25433
  0.25080 147.89117   3.24215  -0.37055   0.00000 -13.38464 -130.63286  -2.97715  -0.04303   0.00000 134.53101 -10.56885   0.00120   0.00022  -0.00936  -0.00946 147.92716  -1.25587
  0.25100 147.90610   3.29876  -0.37737   0.00000 -13.37731 -129.75314  -3.00328  -0.04571   0.00000 134.56058 -10.56974   0.00115  -0.00011  -0.00969  -0.00980 147.94336  -1.27766
  0.25120 147.92101   3.35495  -0.38418   0.00000 -13.36955 -128.87546  -3.02923  -0.04839   0.00000 134.59015 -10.57063   0.00110   0.00022  -0.01003  -0.01013 147.95955  -1.29929
  0.25140 147.93590   3.41072  -0.39098   0.00000 -13.36134 -128.00077  -3.05500  -0.05106   0.00000 134.61973 -10.57152   0.00105  -0.00011  -0.01036  -0.01047 147.97572  -1.32074
  0.25160 147.95076   3.46607  -0.39778   0.00000 -13.35269 -127.12807  -3.08060  -0.05374   0.00000 134.64931 -10.57242   0.00099   0.00022  -0.01070  -0.01080 147.99189  -1.34203
  0.25180 147.96561   3.52100  -0.40457   0.00000 -13.34360 -126.25832  -3.10603  -0.05641   0.00000 134.67890 -10.57332   0.00094  -0.00011  -0.01103  -0.01114 148.00805  -1.36316
  0.25200 147.98163   3.52575  -0.41136   0.00000 -13.33406 -125.48193  -3.11203  -0.05909   0.00000 134.70848 -10.57422   0.00089   0.00022  -0.01137  -0.01147 148.02420  -1.36485
  0.25220 147.99378   3.56954  -0.41693   0.00000 -13.19624 -123.51976  -3.13713  -0.06176   0.00000 134.73808 -10.57512   0.00084  -0.00011  -0.01170  -0.01181 148.03741  -1.38168
  0.25240 148.00592   3.61234  -0.42242   0.00000 -13.05781 -121.55883  -3.16183  -0.06440   0.00000 134.76767 -10.57603   0.00079   0.00022  -0.01204  -0.01214 148.05060  -1.39812
  0.25260 148.01809   3.65421  -0.42784   0.00000 -12.91879 -119.60751  -3.18614  -0.06702   0.00000 134.79727 -10.57694   0.00074  -0.00011  -0.01237  -0.01248 148.06380  -1.41421
  0.25280 148.03027   3.69519  -0.43318   0.00000 -12.77915 -117.66501  -3.21006  -0.06960   0.00000 134.82686 -10.57785   0.00068   0.00022  -0.01271  -0.01281 148.07702  -1.42994
  0.25300 148.04247   3.73525  -0.43844   0.00000 -12.63891 -115.73207  -3.23360  -0.07216   0.00000 134.85647 -10.57877   0.00063  -0.00011  -0.01304  -0.01315 148.09024  -1.44532
  0.25320 148.05581   3.73000  -0.44364   0.00000 -12.49806 -113.88305  -3.23960  -0.07469   0.00000 134.88607 -10.57970   0.00058   0.00022  -0.01338  -0.01348 148.10345  -1.44316
  0.25340 148.06028   3.73701  -0.44503   0.00000 -12.02909 -109.22059  -3.26237  -0.07720   0.00000 134.91567 -10.58063   0.00053  -0.00011  -0.01371  -0.01382 148.10810  -1.44583
  0.25360 148.06481   3.74162  -0.44617   0.00000 -11.55912 -104.55861  -3.28422  -0.07961   0.00000 134.94528 -10.58156   0.00048   0.00022  -0.01405  -0.01415 148.11275  -1.44756
  0.25380 148.06940   3.74382  -0.44705   0.00000 -11.08814 -99.89751  -3.30513  -0.08192   0.00000 134.97489 -10.58251   0.00044  -0.00011  -0.01438  -0.01449 148.11740  -1.44837
  0.25400 148.07405   3.74362  -0.44768   0.00000 -10.61610 -95.23574  -3.32511  -0.08415   0.00000 135.00450 -10.58347   0.00039   0.00022  -0.01472  -0.01482 148.12204  -1.44825
  0.25420 148.07876   3.74100  -0.44806   0.00000 -10.14299 -90.57373  -3.34415  -0.08627   0.00000 135.03411 -10.58444   0.00034  -0.00011  -0.01505  -0.01516 148.12669  -1.44719
  0.25440 148.08432   3.70457  -0.44818   0.00000  -9.66876 -85.96327  -3.35015  -0.08830   0.00000 135.06371 -10.58542   0.00030   0.00022  -0.01539  -0.01549 148.13133  -1.43305
  0.25460 148.08311   3.67906  -0.44583   0.00000  -9.12135 -80.73048  -3.36735  -0.09024   0.00000 135.09332 -10.58642   0.00025  -0.00011  -0.01572  -0.01583 148.12948  -1.42320
  0.25480 148.08197   3.65078  -0.44318   0.00000  -8.57271 -75.49092  -3.38349  -0.09207   0.00000 135.12293 -10.58742   0.00021   0.00022  -0.01606  -0.01616 148.12763  -1.41227
  0.25500 148.08090   3.61971  -0.44023   0.00000  -8.02281 -70.24492  -3.39859  -0.09379   0.00000 135.15254 -10.58844   0.00017  -0.00011  -0.01639  -0.01650 148.12578  -1.40027
  0.25520 148.07988   3.58587  -0.43697   0.00000  -7.47158 -64.99084  -3.41264  -0.09539   0.00000 135.18215 -10.58947   0.00013   0.00022  -0.01673  -0.01683 148.12394  -1.38719
  0.25540 148.07894   3.54923  -0.43342   0.00000  -6.91896 -59.73076  -3.42564  -0.09689   0.00000 135.21175 -10.59052   0.00009  -0.00011  -0.01706  -0.01717 148.12210  -1.37303
  0.25560 148.07844   3.49449  -0.42956   0.00000  -6.36490 -54.49673  -3.43164  -0.09828   0.00000 135.24136 -10.59158   0.00006   0.00022  -0.01740  -0.01750 148.12029  -1.35187
  0.25580 148.08001   3.45173  -0.42529   0.00000  -5.99348 -50.74825  -3.44254  -0.09955   0.00000 135.27096 -10.59266   0.00002  -0.00011  -0.01773  -0.01784 148.12084  -1.33532
  0.25600 148.08163   3.40701  -0.42080   0.00000  -5.62091 -46.99715  -3.45269  -0.10075   0.00000 135.30057 -10.59375  -0.00001   0.00022  -0.01807  -0.01817 148.12141  -1.31801
  0.25620 148.08330   3.36033  -0.41609   0.00000  -5.24714 -43.24434  -3.46209  -0.10188   0.00000 135.33017 -10.59485  -0.00004  -0.00011  -0.01841  -0.01851 148.12200  -1.29994
  0.25640 148.08503   3.31169  -0.41117   0.00000  -4.87214 -39.48873  -3.47074  -0.10293   0.00000 135.35978 -10.59597  -0.00008   0.00022  -0.01874  -0.01885 148.12262  -1.28112
  0.25660 148.08680   3.26108  -0.40604   0.00000  -4.49584 -35.73122  -3.47863  -0.10391   0.00000 135.38938 -10.59710  -0.00010  -0.00011  -0.01908  -0.01918 148.12326  -1.26153
  0.25680 148.08870   3.20555  -0.40068   0.00000  -4.11822 -31.97616  -3.48463  -0.10481   0.00000 135.41898 -10.59824  -0.00013   0.00022  -0.01941  -0.01952 148.12393  -1.24004
  0.25700 148.09027   3.15137  -0.39515   0.00000  -3.87074 -29.26855  -3.49103  -0.10563   0.00000 135.44858 -10.59940  -0.00016  -0.00011  -0.01975  -0.01985 148.12432  -1.21907
  0.25720 148.09188   3.09576  -0.38946   0.00000  -3.62224 -26.55779  -3.49688  -0.10641   0.00000 135.47818 -10.60058  -0.00018   0.00022  -0.02008  -0.02019 148.12474  -1.19756
  0.25740 148.09352   3.03873  -0.38361   0.00000  -3.37266 -23.84481  -3.50219  -0.10713   0.00000 135.50779 -10.60177  -0.00021  -0.00011  -0.02042  -0.02052 148.12519  -1.17549
  0.25760 148.09521   2.98032  -0.37760   0.00000  -3.12197 -21.13426  -3.50696  -0.10781   0.00000 135.53739 -10.60297  -0.00023   0.00022  -0.02075  -0.02086 148.12567  -1.15289
  0.25780 148.09693   2.92054  -0.37144   0.00000  -2.87014 -18.42756  -3.51119  -0.10844   0.00000 135.56699 -10.60419  -0.00025  -0.00011  -0.02109  -0.02119 148.12619  -1.12975
  0.25800 148.09870   2.85941  -0.36511   0.00000  -2.61712 -15.72381  -3.51488  -0.10901   0.00000 135.59659 -10.60542  -0.00026   0.00022  -0.02075  -0.02086 148.12675  -1.10610
  0.25820 148.09998   2.79586  -0.35849   0.00000  -2.41171 -13.40063  -3.51802  -0.10953   0.00000 135.62618 -10.60666  -0.00028  -0.00011  -0.02042  -0.02052 148.12680  -1.08151
  0.25840 148.10130   2.73115  -0.35174   0.00000  -2.20600 -11.08061  -3.52070  -0.11002   0.00000 135.65578 -10.60792  -0.00030   0.00022  -0.02008  -0.02019 148.12689  -1.05648
  0.25860 148.10265   2.66528  -0.34485   0.00000  -1.99997  -8.76479  -3.52292  -0.11046   0.00000 135.68538 -10.60920  -0.00031  -0.00011  -0.01975  -0.01985 148.12703  -1.03099
  0.25880 148.10403   2.59825  -0.33783   0.00000  -1.79356  -6.45228  -3.52467  -0.11086   0.00000 135.71498 -10.61048  -0.00032   0.00022  -0.01941  -0.01952 148.12721  -1.00506
  0.25900 148.10545   2.53006  -0.33066   0.00000  -1.58672  -4.14410  -3.52596  -0.11122   0.00000 135.74458 -10.61179  -0.00033  -0.00011  -0.01908  -0.01918 148.12743  -0.97868
  0.25920 148.10690   2.46072  -0.32335   0.00000  -1.37942  -1.83964  -3.52679  -0.11154   0.00000 135.77417 -10.61310  -0.00034   0.00022  -0.01874  -0.01885 148.12769  -0.95185
  0.25940 148.10816   2.38969  -0.31582   0.00000  -1.18232   0.37821  -3.52716  -0.11181   0.00000 135.80377 -10.61443  -0.00035  -0.00011  -0.01841  -0.01851 148.12778  -0.92437
  0.25960 148.10946   2.31756  -0.30815   0.00000  -0.98469   2.59208  -3.52708  -0.11205   0.00000 135.83336 -10.61578  -0.00035   0.00022  -0.01807  -0.01817 148.12791  -0.89647
  0.25980 148.11077   2.24432  -0.30033   0.00000  -0.78648   4.80094  -3.52656  -0.11225   0.00000 135.86296 -10.61714  -0.00036  -0.00011  -0.01773  -0.01784 148.12808  -0.86814
  0.26000 148.11212   2.17000  -0.29237   0.00000  -0.58762   7.00568  -3.52560  -0.11241   0.00000 135.89255 -10.61851  -0.00036   0.00022  -0.01740  -0.01750 148.12830  -0.83938
  0.26020 148.11349   2.09458  -0.28425   0.00000  -0.38804   9.20524  -3.52420  -0.11252   0.00000 135.92214 -10.61990  -0.00036  -0.00011  -0.01706  -0.01717 148.12857  -0.81021
  0.26040 148.11488   2.01808  -0.27597   0.00000  -0.18766  11.40054  -3.52236  -0.11260   0.00000 135.95174 -10.62130  -0.00036   0.00022  -0.01673  -0.01683 148.12888  -0.78061
  0.26060 148.11622   1.94076  -0.26747   0.00000   0.00555  13.46482  -3.52008  -0.11264   0.00000 135.98133 -10.62272  -0.00036  -0.00011  -0.01639  -0.01650 148.12918  -0.75070
  0.26080 148.11771   1.86338  -0.25882   0.00000   0.19959  15.42877  -3.51739  -0.11264   0.00000 136.01092 -10.62415  -0.00035   0.00022  -0.01606  -0.01616 148.12966  -0.72077
  0.26100 148.11934   1.78598  -0.25000   0.00000   0.39450  17.29138  -3.51430  -0.11260   0.00000 136.04051 -10.62560  -0.00034  -0.00011  -0.01572  -0.01583 148.13032  -0.69082
  0.26120 148.12111   1.70863  -0.24102   0.00000   0.59026  19.05366  -3.51084  -0.11252   0.00000 136.07010 -10.62706  -0.00034   0.00022  -0.01539  -0.01549 148.13116  -0.66090
  0.26140 148.12299   1.63136  -0.23186   0.00000   0.78807  20.71473  -3.50703  -0.11240   0.00000 136.09969 -10.62853  -0.00033  -0.00011  -0.01505  -0.01516 148.13216  -0.63101
  0.26160 148.12498   1.55424  -0.22253   0.00000   0.98784  22.27573  -3.50289  -0.11224   0.00000 136.12928 -10.63002  -0.00031   0.00022  -0.01472  -0.01482 148.13330  -0.60117
  0.26180 148.12694   1.47692  -0.21298   0.00000   1.18231  23.69129  -3.49843  -0.11205   0.00000 136.15887 -10.63152  -0.00030  -0.00011  -0.01438  -0.01449 148.13446  -0.57126
  0.26200 148.12892   1.39902  -0.20326   0.00000   1.37848  25.09167  -3.49370  -0.11181   0.00000 136.18846 -10.63303  -0.00029   0.00022  -0.01405  -0.01415 148.13566  -0.54112
  0.26220 148.13090   1.32056  -0.19337   0.00000   1.57623  26.47577  -3.48868  -0.11153   0.00000 136.21804 -10.63456  -0.00027  -0.00011  -0.01371  -0.01382 148.13691  -0.51077
  0.26240 148.13292   1.24155  -0.18332   0.00000   1.77449  27.84442  -3.48338  -0.11122   0.00000 136.24763 -10.63610  -0.00025   0.00022  -0.01338  -0.01348 148.13824  -0.48020
  0.26260 148.13498   1.16199  -0.17309   0.00000   1.97334  29.19655  -3.47781  -0.11086   0.00000 136.27722 -10.63765  -0.00023  -0.00011  -0.01304  -0.01315 148.13964  -0.44943
  0.26280 148.13708   1.08190  -0.16269   0.00000   2.17290  30.53298  -3.47197  -0.11047   0.00000 136.30680 -10.63921  -0.00021   0.00022  -0.01271  -0.01281 148.14112  -0.41845
  0.26300 148.13910   1.00100  -0.15206   0.00000   2.36680  31.80927  -3.46587  -0.11003   0.00000 136.33639 -10.64079  -0.00018  -0.00011  -0.01237  -0.01248 148.14256  -0.38715
  0.26320 148.14115   0.91957  -0.14125   0.00000   2.56164  33.07343  -3.45951  -0.10956   0.00000 136.36598 -10.64238  -0.00016   0.00022  -0.01204  -0.01214 148.14407  -0.35565
  0.26340 148.14319   0.83758  -0.13024   0.00000   2.75816  34.32755  -3.45289  -0.10904   0.00000 136.39556 -10.64399  -0.00013  -0.00011  -0.01170  -0.01181 148.14561  -0.32394
  0.26360 148.14522   0.75506  -0.11901   0.00000   2.95656  35.57249  -3.44603  -0.10849   0.00000 136.42515 -10.64560  -0.00010   0.00022  -0.01137  -0.01147 148.14720  -0.29202
  0.26380 148.14725   0.67200  -0.10755   0.00000   3.15708  36.80719  -3.43891  -0.10790   0.00000 136.45473 -10.64723  -0.00007  -0.00011  -0.01103  -0.01114 148.14882  -0.25989
  0.26400 148.14927   0.59193  -0.09585   0.00000   3.35973  38.03930  -3.43291  -0.10726   0.00000 136.48431 -10.64888  -0.00003   0.00022  -0.01070  -0.01080 148.15049  -0.22893
  0.26420 148.15131   0.50786  -0.08393   0.00000   3.56556  39.26183  -3.42530  -0.10659   0.00000 136.51390 -10.65053   0.00001  -0.00011  -0.01036  -0.01047 148.15220  -0.19641
  0.26440 148.15336   0.42329  -0.07172   0.00000   3.77435  40.47492  -3.41745  -0.10588   0.00000 136.54348 -10.65220   0.00004   0.00022  -0.01003  -0.01013 148.15398  -0.16370
  0.26460 148.15540   0.33820  -0.05915   0.00000   3.98693  41.67799  -3.40936  -0.10512   0.00000 136.57307 -10.65388   0.00008  -0.00011  -0.00969  -0.00980 148.15580  -0.13079
  0.26480 148.15746   0.25264  -0.04616   0.00000   4.20476  42.87170  -3.40102  -0.10432   0.00000 136.60265 -10.65558   0.00013   0.00022  -0.00936  -0.00946 148.15768  -0.09770
  0.26500 148.15951   0.16662  -0.03260   0.00000   4.43047  44.05452  -3.39245  -0.10348   0.00000 136.63223 -10.65729   0.00017  -0.00011  -0.00902  -0.00913 148.15961  -0.06443
  0.26520 148.16154   0.08748  -0.01815   0.00000   4.67026  45.24023  -3.38645  -0.10259   0.00000 136.66181 -10.65901   0.00022   0.00022  -0.00869  -0.00879 148.16157  -0.03383
  0.26540 148.16414   0.00212  -0.00319   0.00000   4.96639  46.61413  -3.37740  -0.10166   0.00000 136.69139 -10.66074   0.00027  -0.00011  -0.00835  -0.00846 148.16414  -0.00082
  0.26560 148.16673  -0.05787   0.05044   0.00000   6.13950  47.38720  -3.36808  -0.10066   0.00000 136.72097 -10.66248   0.00032   0.00022  -0.00802  -0.00812 148.16675   0.02238
  0.26580 148.16929  -0.13040   0.09396   0.00000   7.06768  48.43133  -3.35860  -0.09943   0.00000 136.75056 -10.66424   0.00038  -0.00011  -0.00768  -0.00779 148.16938   0.05042
  0.26600 148.17183  -0.20691   0.13351   0.00000   7.89396  49.54868  -3.34891  -0.09802   0.00000 136.78014 -10.66600   0.00045   0.00022  -0.00735  -0.00745 148.17203   0.08001
  0.26620 148.17434  -0.28571   0.17089   0.00000   8.66028  50.69805  -3.33900  -0.09643   0.00000 136.80972 -10.66777   0.00053  -0.00011  -0.00701  -0.00712 148.17471   0.11048
  0.26640 148.17686  -0.35541   0.20688   0.00000   9.38528  51.88544  -3.33300  -0.09470   0.00000 136.83930 -10.66955   0.00061   0.00022  -0.00668  -0.00678 148.17743   0.13743
  0.26660 148.18003  -0.43579   0.24205   0.00000  10.39187  53.56337  -3.32263  -0.09282   0.00000 136.86888 -10.67135   0.00070  -0.00011  -0.00634  -0.00645 148.18087   0.16850
  0.26680 148.18320  -0.51754   0.27669   0.00000  11.36261  55.25328  -3.31191  -0.09074   0.00000 136.89846 -10.67315   0.00080   0.00022  -0.00601  -0.00611 148.18436   0.20011
  0.26700 148.18637  -0.60056   0.31097   0.00000  12.30433  56.94934  -3.30086  -0.08846   0.00000 136.92804 -10.67497   0.00090  -0.00011  -0.00567  -0.00578 148.18792   0.23220
  0.26720 148.18954  -0.68474   0.34503   0.00000  13.22201  58.64866  -3.28947  -0.08600   0.00000 136.95762 -10.67680   0.00101   0.00022  -0.00534  -0.00544 148.19152   0.26474
  0.26740 148.19266  -0.77000   0.37897   0.00000  14.11956  60.34792  -3.27774  -0.08335   0.00000 136.98721 -10.67863   0.00112  -0.00011  -0.00500  -0.00511 148.19515   0.29770
  0.26760 148.19579  -0.84061   0.41286   0.00000  15.00007  62.07665  -3.27174  -0.08052   0.00000 137.01679 -10.68048   0.00124   0.00022  -0.00467  -0.00477 148.19875   0.32500
  0.26780 148.19903  -0.92810   0.44733   0.00000  16.26762  64.56010  -3.25933  -0.07751   0.00000 137.04637 -10.68234   0.00137  -0.00011  -0.00433  -0.00444 148.20262   0.35881
  0.26800 148.20223  -1.01696   0.48205   0.00000  17.51547  67.04345  -3.24641  -0.07425   0.00000 137.07595 -10.68421   0.00150   0.00022  -0.00400  -0.00410 148.20650   0.39316
  0.26820 148.20538  -1.10719   0.51705   0.00000  18.74589  69.52370  -3.23301  -0.07075   0.00000 137.10553 -10.68609   0.00163  -0.00011  -0.00366  -0.00377 148.21042   0.42803
  0.26840 148.20845  -1.19867   0.55237   0.00000  19.96080  71.99343  -3.21910  -0.06699   0.00000 137.13511 -10.68799   0.00177   0.00022  -0.00333  -0.00343 148.21433   0.46338
  0.26860 148.21144  -1.29138   0.58804   0.00000  21.16202  74.45053  -3.20470  -0.06299   0.00000 137.16469 -10.68989   0.00191  -0.00011  -0.00299  -0.00310 148.21824   0.49921
  0.26880 148.21457  -1.36232   0.62407   0.00000  22.35084  76.94074  -3.19870  -0.05875   0.00000 137.19427 -10.69180   0.00206   0.00022  -0.00266  -0.00276 148.22214   0.52662
  0.26900 148.21647  -1.45832   0.66129   0.00000  24.00043  80.36205  -3.18331  -0.05428   0.00000 137.22385 -10.69373   0.00222  -0.00011  -0.00232  -0.00242 148.22512   0.56372
  0.26920 148.21828  -1.55600   0.69915   0.00000  25.63557  83.77091  -3.16724  -0.04947   0.00000 137.25344 -10.69567   0.00238   0.00022  -0.00198  -0.00209 148.22810   0.60147
  0.26940 148.21996  -1.65497   0.73766   0.00000  27.25769  87.12769  -3.15049  -0.04433   0.00000 137.28302 -10.69762   0.00255  -0.00011  -0.00165  -0.00175 148.23103   0.63972
  0.26960 148.22141  -1.75447   0.77684   0.00000  28.86834  90.36078  -3.13306  -0.03887   0.00000 137.31260 -10.69958   0.00272   0.00022  -0.00131  -0.00142 148.23383   0.67817
  0.26980 148.22264  -1.85443   0.81670   0.00000  30.46943  93.46767  -3.11499  -0.03309   0.00000 137.34218 -10.70155   0.00289  -0.00011  -0.00098  -0.00108 148.23649   0.71680
  0.27000 148.22409  -1.92220   0.85702   0.00000  32.06315  96.53861  -3.10899  -0.02708   0.00000 137.37176 -10.70353   0.00307   0.00022  -0.00064  -0.00075 148.23903   0.74298
  0.27020 148.22357  -2.01907   0.89687   0.00000  33.90609  99.94680  -3.08968  -0.02066   0.00000 137.40134 -10.70552   0.00326  -0.00011  -0.00031  -0.00041 148.24004   0.78042
  0.27040 148.22283  -2.11648   0.93759   0.00000  35.74263 103.23154  -3.06969  -0.01387   0.00000 137.43092 -10.70752   0.00345   0.00022   0.00003  -0.00008 148.24091   0.81807
  0.27060 148.22198  -2.21539   0.97921   0.00000  37.57433 106.49449  -3.04905  -0.00671   0.00000 137.46050 -10.70953   0.00364  -0.00011   0.00036   0.00026 148.24177   0.85630
  0.27080 148.22105  -2.31595   1.02173   0.00000  39.40188 109.75345  -3.02775   0.00081   0.00000 137.49008 -10.71155   0.00384   0.00022   0.00070   0.00059 148.24267   0.89517
  0.27100 148.22003  -2.41815   1.06515   0.00000  41.22583 113.00709  -3.00580   0.00871   0.00000 137.51966 -10.71358   0.00405  -0.00011   0.00103   0.00093 148.24358   0.93467
  0.27120 148.21967  -2.47904   1.10364   0.00000  43.05742 116.33710  -2.99980   0.01471   0.00000 137.54923 -10.71562   0.00425   0.00022   0.00137   0.00126 148.24451   0.95821
  0.27140 148.22534  -2.56765   1.14163   0.00000  44.50765 118.70707  -2.97653   0.02334   0.00000 137.57881 -10.71766   0.00447  -0.00011   0.00170   0.00160 148.25198   0.99241
  0.27160 148.23093  -2.65744   1.18034   0.00000  45.95578 121.07318  -2.95279   0.03225   0.00000 137.60839 -10.71971   0.00468   0.00022   0.00204   0.00193 148.25945   1.02707
  0.27180 148.23643  -2.74842   1.21979   0.00000  47.40211 123.43457  -2.92857   0.04145   0.00000 137.63797 -10.72177   0.00490  -0.00011   0.00237   0.00227 148.26692   1.06219
  0.27200 148.24183  -2.84058   1.25997   0.00000  48.84692 125.79203  -2.90389   0.05095   0.00000 137.66755 -10.72384   0.00513   0.00022   0.00271   0.00260 148.27440   1.09776
  0.27220 148.24715  -2.93393   1.30089   0.00000  50.29048 128.14440  -2.87873   0.06073   0.00000 137.69713 -10.72591   0.00535  -0.00011   0.00304   0.00294 148.28188   1.13378
  0.27240 148.25347  -2.97766   1.33202   0.00000  51.75241 130.58802  -2.87273   0.06674   0.00000 137.72671 -10.72798   0.00558   0.00022   0.00338   0.00327 148.28936   1.15063
  0.27260 148.26560  -3.04699   1.36274   0.00000  52.15895 130.58974  -2.84661   0.07710   0.00000 137.75630 -10.73006   0.00581  -0.00011   0.00371   0.00361 148.30317   1.17731
  0.27280 148.27768  -3.11629   1.39368   0.00000  52.56484 130.58813  -2.82049   0.08755   0.00000 137.78588 -10.73214   0.00604   0.00022   0.00405   0.00394 148.31697   1.20398
  0.27300 148.28970  -3.18561   1.42482   0.00000  52.97016 130.58828  -2.79438   0.09807   0.00000 137.81547 -10.73422   0.00628  -0.00011   0.00438   0.00428 148.33076   1.23066
  0.27320 148.30168  -3.25498   1.45617   0.00000  53.37495 130.59228  -2.76826   0.10868   0.00000 137.84507 -10.73631   0.00651   0.00022   0.00472   0.00461 148.34454   1.25735
  0.27340 148.31360  -3.32439   1.48773   0.00000  53.77925 130.59913  -2.74214   0.11936   0.00000 137.87466 -10.73839   0.00675  -0.00011   0.00505   0.00495 148.35832   1.28405
  0.27360 148.32679  -3.34172   1.50715   0.00000  54.20582 130.70382  -2.73614   0.12537   0.00000 137.90426 -10.74047   0.00698   0.00022   0.00539   0.00528 148.37208   1.29063
  0.27380 148.34128  -3.40245   1.53520   0.00000  54.20697 129.81574  -2.71000   0.13623   0.00000 137.93386 -10.74256   0.00722  -0.00011   0.00572   0.00562 148.38824   1.31394
  0.27400 148.35574  -3.46276   1.56325   0.00000  54.20752 128.93088  -2.68404   0.14708   0.00000 137.96346 -10.74464   0.00746   0.00022   0.00606   0.00595 148.40438   1.33709
  0.27420 148.37017  -3.52264   1.59130   0.00000  54.20746 128.04824  -2.65825   0.15793   0.00000 137.99307 -10.74672   0.00769  -0.00011   0.00639   0.00629 148.42052   1.36007
  0.27440 148.38458  -3.58210   1.61934   0.00000  54.20679 127.16878  -2.63264   0.16879   0.00000 138.02268 -10.74880   0.00793   0.00022   0.00673   0.00662 148.43664   1.38289
  0.27460 148.39895  -3.64114   1.64738   0.00000  54.20551 126.29193  -2.60721   0.17964   0.00000 138.05229 -10.75088   0.00817  -0.00011   0.00706   0.00696 148.45275   1.40554
  0.27480 148.41468  -3.64988   1.66285   0.00000  54.22674 125.51250  -2.60121   0.18564   0.00000 138.08191 -10.75296   0.00840   0.00022   0.00740   0.00729 148.46886   1.40876
  0.27500 148.42968  -3.70796   1.69077   0.00000  54.20406 124.60614  -2.57610   0.19650   0.00000 138.11153 -10.75503   0.00864  -0.00011   0.00773   0.00763 148.48562   1.43102
  0.27520 148.44469  -3.76570   1.71868   0.00000  54.18075 123.71364  -2.55118   0.20735   0.00000 138.14115 -10.75711   0.00888   0.00022   0.00807   0.00796 148.50239   1.45315
  0.27540 148.45968  -3.82312   1.74657   0.00000  54.15681 122.83394  -2.52644   0.21820   0.00000 138.17078 -10.75918   0.00911  -0.00011   0.00840   0.00830 148.51917   1.47515
  0.27560 148.47468  -3.88022   1.77445   0.00000  54.13225 121.96796  -2.50187   0.22904   0.00000 138.20041 -10.76125   0.00935   0.00022   0.00874   0.00863 148.53597   1.49702
  0.27580 148.48967  -3.93702   1.80231   0.00000  54.10707 121.11464  -2.47748   0.23988   0.00000 138.23004 -10.76333   0.00959  -0.00011   0.00907   0.00897 148.55279   1.51877
  0.27600 148.50607  -3.94618   1.81764   0.00000  54.10427 120.35371  -2.47148   0.24588   0.00000 138.25968 -10.76540   0.00982   0.00022   0.00941   0.00930 148.56961   1.52214
  0.27620 148.52044  -4.00257   1.84561   0.00000  54.09780 119.55838  -2.44741   0.25671   0.00000 138.28932 -10.76747   0.01006  -0.00011   0.00974   0.00964 148.58582   1.54373
  0.27640 148.53480  -4.05867   1.87357   0.00000  54.09072 118.77654  -2.42350   0.26754   0.00000 138.31897 -10.76953   0.01029   0.00022   0.01008   0.00997 148.60206   1.56520
  0.27660 148.54917  -4.11451   1.90152   0.00000  54.08304 118.00717  -2.39974   0.27837   0.00000 138.34861 -10.77160   0.01053  -0.00011   0.01041   0.01031 148.61830   1.58657
  0.27680 148.56353  -4.17008   1.92947   0.00000  54.07476 117.25025  -2.37614   0.28920   0.00000 138.37827 -10.77367   0.01077   0.00022   0.01075   0.01064 148.63457   1.60783
  0.27700 148.57790  -4.22533   1.95741   0.00000  54.06587 116.49965  -2.35269   0.30002   0.00000 138.40792 -10.77573   0.01100  -0.00011   0.01108   0.01098 148.65085   1.62896
  0.27720 148.59370  -4.23534   1.97283   0.00000  54.07935 115.83458  -2.34669   0.30603   0.00000 138.43758 -10.77780   0.01124   0.00022   0.01142   0.01131 148.66714   1.63265
  0.27740 148.60559  -4.28125   1.99672   0.00000  53.63916 114.16802  -2.32352   0.31685   0.00000 138.46724 -10.77986   0.01148  -0.00011   0.01175   0.01165 148.68066   1.65021
  0.27760 148.61750  -4.32636   2.02038   0.00000  53.19787 112.50755  -2.30069   0.32759   0.00000 138.49690 -10.78192   0.01171   0.00022   0.01209   0.01198 148.69419   1.66745
  0.27780 148.62944  -4.37067   2.04379   0.00000  52.75548 110.85212  -2.27819   0.33824   0.00000 138.52657 -10.78398   0.01195  -0.00011   0.01242   0.01232 148.70773   1.68438
  0.27800 148.64139  -4.41417   2.06697   0.00000  52.31197 109.20259  -2.25602   0.34880   0.00000 138.55624 -10.78603   0.01218   0.00022   0.01276   0.01265 148.72129   1.70100
  0.27820 148.65337  -4.45688   2.08992   0.00000  51.86733 107.55789  -2.23418   0.35927   0.00000 138.58591 -10.78809   0.01241  -0.00011   0.01309   0.01299 148.73485   1.71731
  0.27840 148.66673  -4.45850   2.10125   0.00000  51.44241 105.98907  -2.22818   0.36527   0.00000 138.61559 -10.79014   0.01264   0.00022   0.01343   0.01332 148.74841   1.71778
  0.27860 148.67130  -4.47124   2.11034   0.00000  49.81466 101.84716  -2.20698   0.37557   0.00000 138.64526 -10.79218   0.01287  -0.00011   0.01376   0.01366 148.75349   1.72263
  0.27880 148.67595  -4.48184   2.11856   0.00000  48.18442  97.70773  -2.18661   0.38554   0.00000 138.67494 -10.79422   0.01310   0.00022   0.01410   0.01400 148.75857   1.72666
  0.27900 148.68067  -4.49032   2.12591   0.00000  46.55161  93.56958  -2.16707   0.39518   0.00000 138.70463 -10.79625   0.01333  -0.00011   0.01444   0.01433 148.76365   1.72987
  0.27920 148.68546  -4.49667   2.13238   0.00000  44.91617  89.43343  -2.14835   0.40450   0.00000 138.73431 -10.79827   0.01355   0.00022   0.01477   0.01467 148.76872   1.73226
  0.27940 148.69033  -4.50088   2.13798   0.00000  43.27803  85.29809  -2.13047   0.41349   0.00000 138.76399 -10.80029   0.01376  -0.00011   0.01511   0.01500 148.77380   1.73382
  0.27960 148.69623  -4.47423   2.13578   0.00000  41.64978  81.21428  -2.12447   0.41949   0.00000 138.79368 -10.80229   0.01398   0.00022   0.01544   0.01534 148.77886   1.72349
  0.27980 148.69474  -4.45647   2.13113   0.00000  39.70686  76.46102  -2.10822   0.42783   0.00000 138.82337 -10.80429   0.01419  -0.00011   0.01578   0.01567 148.77677   1.71667
  0.28000 148.69333  -4.43624   2.12542   0.00000  37.76084  71.70718  -2.09293   0.43578   0.00000 138.85306 -10.80627   0.01439   0.00022   0.01611   0.01601 148.77468   1.70890
  0.28020 148.69201  -4.41353   2.11866   0.00000  35.81160  66.95155  -2.07859   0.44333   0.00000 138.88274 -10.80825   0.01459  -0.00011   0.01645   0.01634 148.77259   1.70018
  0.28040 148.69078  -4.38834   2.11084   0.00000  33.85904  62.19483  -2.06520   0.45050   0.00000 138.91243 -10.81021   0.01478   0.00022   0.01678   0.01668 148.77049   1.69049
  0.28060 148.68962  -4.36067   2.10196   0.00000  31.90304  57.43580  -2.05276   0.45728   0.00000 138.94212 -10.81215   0.01497  -0.00011   0.01712   0.01701 148.76840   1.67985
  0.28080 148.68898  -4.31626   2.09102   0.00000  29.94526  52.69999  -2.04676   0.46328   0.00000 138.97181 -10.81409   0.01516   0.00022   0.01745   0.01735 148.76631   1.66276
  0.28100 148.69024  -4.28289   2.07959   0.00000  28.61491  49.25241  -2.03622   0.46927   0.00000 139.00150 -10.81602   0.01534  -0.00011   0.01779   0.01768 148.76645   1.64990
  0.28120 148.69156  -4.24770   2.06742   0.00000  27.28186  45.80202  -2.02637   0.47500   0.00000 139.03120 -10.81793   0.01551   0.00022   0.01812   0.01802 148.76659   1.63633
  0.28140 148.69293  -4.21070   2.05449   0.00000  25.94601  42.34767  -2.01721   0.48046   0.00000 139.06089 -10.81983   0.01568  -0.00011   0.01846   0.01835 148.76672   1.62207
  0.28160 148.69435  -4.17187   2.04082   0.00000  24.60726  38.89014  -2.00874   0.48565   0.00000 139.09058 -10.82172   0.01584   0.00022   0.01879   0.01869 148.76686   1.60711
  0.28180 148.69581  -4.13124   2.02639   0.00000  23.26549  35.42830  -2.00096   0.49058   0.00000 139.12027 -10.82359   0.01599  -0.00011   0.01913   0.01902 148.76699   1.59145
  0.28200 148.69740  -4.08594   2.01121   0.00000  21.92060  31.96662  -1.99496   0.49523   0.00000 139.14997 -10.82546   0.01614   0.00022   0.01946   0.01936 148.76712   1.57399
  0.28220 148.69850  -4.04205   1.99547   0.00000  21.18444  29.73520  -1.98857   0.49962   0.00000 139.17966 -10.82731   0.01629  -0.00011   0.01980   0.01969 148.76681   1.55708
  0.28240 148.69962  -3.99692   1.97928   0.00000  20.44635  27.49445  -1.98262   0.50386   0.00000 139.20936 -10.82915   0.01643   0.00022   0.02013   0.02003 148.76649   1.53969
  0.28260 148.70076  -3.95056   1.96264   0.00000  19.70627  25.24315  -1.97712   0.50795   0.00000 139.23906 -10.83098   0.01657  -0.00011   0.02047   0.02036 148.76618   1.52183
  0.28280 148.70193  -3.90295   1.94554   0.00000  18.96411  22.98202  -1.97208   0.51189   0.00000 139.26875 -10.83279   0.01669   0.00022   0.02080   0.02070 148.76586   1.50348
  0.28300 148.70312  -3.85408   1.92798   0.00000  18.21978  20.70982  -1.96748   0.51569   0.00000 139.29845 -10.83460   0.01682  -0.00011   0.02114   0.02103 148.76555   1.48466
  0.28320 148.70432  -3.80395   1.90995   0.00000  17.47321  18.42730  -1.96334   0.51933   0.00000 139.32815 -10.83639   0.01694   0.00022   0.02147   0.02137 148.76523   1.46534
  0.28340 148.70440  -3.74990   1.89012   0.00000  16.92267  16.52833  -1.95965   0.52283   0.00000 139.35785 -10.83817   0.01705  -0.00011   0.02181   0.02170 148.76368   1.44453
  0.28360 148.70448  -3.69477   1.86991   0.00000  16.37033  14.61767  -1.95635   0.52622   0.00000 139.38755 -10.83993   0.01716   0.00022   0.02214   0.02204 148.76212   1.42330
  0.28380 148.70457  -3.63856   1.84932   0.00000  15.81611  12.69413  -1.95342   0.52949   0.00000 139.41725 -10.84169   0.01726  -0.00011   0.02248   0.02237 148.76058   1.40166
  0.28400 148.70467  -3.58127   1.82834   0.00000  15.25992  10.75847  -1.95088   0.53266   0.00000 139.44695 -10.84343   0.01735   0.00022   0.02281   0.02271 148.75903   1.37959
  0.28420 148.70481  -3.52299   1.80697   0.00000  14.70167   8.81875  -1.94873   0.53571   0.00000 139.47665 -10.84516   0.01744  -0.00011   0.02315   0.02304 148.75751   1.35715
  0.28440 148.70497  -3.46371   1.78520   0.00000  14.14127   6.87761  -1.94697   0.53865   0.00000 139.50636 -10.84687   0.01753   0.00022   0.02348   0.02338 148.75602   1.33432
  0.28460 148.70487  -3.40279   1.76267   0.00000  13.63028   5.03424  -1.94559   0.54148   0.00000 139.53606 -10.84858   0.01760  -0.00011   0.02382   0.02371 148.75424   1.31086
  0.28480 148.70480  -3.34093   1.73976   0.00000  13.11718   3.18934  -1.94459   0.54421   0.00000 139.56576 -10.85027   0.01768   0.00022   0.02415   0.02405 148.75250   1.28704
  0.28500 148.70476  -3.27816   1.71646   0.00000  12.60191   1.34192  -1.94395   0.54684   0.00000 139.59546 -10.85194   0.01774  -0.00011   0.02449   0.02438 148.75079   1.26287
  0.28520 148.70475  -3.21445   1.69275   0.00000  12.08437  -0.50704  -1.94368   0.54936   0.00000 139.62517 -10.85361   0.01780   0.00022   0.02482   0.02472 148.74912   1.23833
  0.28540 148.70476  -3.14983   1.66865   0.00000  11.56449  -2.35850  -1.94378   0.55178   0.00000 139.65487 -10.85526   0.01786  -0.00011   0.02516   0.02505 148.74748   1.21344
  0.28560 148.70480  -3.08428   1.64413   0.00000  11.04216  -4.21147  -1.94425   0.55409   0.00000 139.68458 -10.85690   0.01790   0.00022   0.02549   0.02539 148.74587   1.18820
  0.28580 148.70463  -3.01716   1.61881   0.00000  10.54040  -6.02020  -1.94509   0.55630   0.00000 139.71428 -10.85852   0.01794  -0.00011   0.02583   0.02572 148.74405   1.16235
  0.28600 148.70449  -2.94921   1.59308   0.00000  10.03612  -7.82339  -1.94630   0.55841   0.00000 139.74399 -10.86013   0.01798   0.00022   0.02616   0.02606 148.74227   1.13618
  0.28620 148.70439  -2.88045   1.56692   0.00000   9.52921  -9.62191  -1.94786   0.56042   0.00000 139.77369 -10.86173   0.01801  -0.00011   0.02650   0.02639 148.74054   1.10970
  0.28640 148.70431  -2.81088   1.54033   0.00000   9.01959 -11.41468  -1.94979   0.56233   0.00000 139.80340 -10.86332   0.01803   0.00022   0.02683   0.02673 148.73885   1.08290
  0.28660 148.70426  -2.74052   1.51330   0.00000   8.50714 -13.20256  -1.95207   0.56413   0.00000 139.83310 -10.86489   0.01805  -0.00011   0.02717   0.02706 148.73721   1.05580
  0.28680 148.70424  -2.66937   1.48581   0.00000   7.99174 -14.98446  -1.95471   0.56583   0.00000 139.86281 -10.86646   0.01806   0.00022   0.02750   0.02740 148.73562   1.02840
  0.28700 148.70368  -2.59546   1.45676   0.00000   7.48851 -16.73383  -1.95771   0.56743   0.00000 139.89252 -10.86800   0.01806  -0.00011   0.02784   0.02773 148.73347   0.99994
  0.28720 148.70315  -2.52080   1.42723   0.00000   6.98220 -18.47686  -1.96105   0.56893   0.00000 139.92222 -10.86954   0.01806   0.00022   0.02817   0.02807 148.73137   0.97118
  0.28740 148.70265  -2.44541   1.39722   0.00000   6.47265 -20.21404  -1.96475   0.57033   0.00000 139.95193 -10.87106   0.01805  -0.00011   0.02851   0.02840 148.72931   0.94214
  0.28760 148.70216  -2.36929   1.36672   0.00000   5.95974 -21.94424  -1.96879   0.57162   0.00000 139.98164 -10.87257   0.01803   0.00022   0.02884   0.02874 148.72731   0.91282
  0.28780 148.70169  -2.29245   1.33570   0.00000   5.44329 -23.66830  -1.97318   0.57282   0.00000 140.01135 -10.87406   0.01801  -0.00011   0.02918   0.02907 148.72536   0.88323
  0.28800 148.70125  -2.21491   1.30416   0.00000   4.92315 -25.38508  -1.97792   0.57391   0.00000 140.04105 -10.87555   0.01798   0.00022   0.02951   0.02941 148.72346   0.85336
  0.28820 148.70007  -2.13406   1.27053   0.00000   4.42053 -27.05898  -1.98299   0.57489   0.00000 140.07076 -10.87702   0.01794  -0.00011   0.02985   0.02974 148.72081   0.82222
  0.28840 148.69890  -2.05255   1.23635   0.00000   3.91403 -28.72518  -1.98840   0.57578   0.00000 140.10047 -10.87847   0.01790   0.00022   0.03018   0.03008 148.71820   0.79083
  0.28860 148.69780  -1.97084   1.20159   0.00000   3.40343 -30.34208  -1.99415   0.57656   0.00000 140.13018 -10.87991   0.01785  -0.00011   0.03052   0.03042 148.71572   0.75935
  0.28880 148.69685  -1.88955   1.16624   0.00000   2.88856 -31.84943  -2.00022   0.57724   0.00000 140.15989 -10.88134   0.01779   0.00022   0.03086   0.03075 148.71343   0.72804
  0.28900 148.69603  -1.80872   1.13029   0.00000   2.36937 -33.24874  -2.00659   0.57782   0.00000 140.18960 -10.88276   0.01772  -0.00011   0.03119   0.03109 148.71133   0.69691
  0.28920 148.69533  -1.73010   1.09374   0.00000   1.84581 -34.54423  -2.01259   0.57829   0.00000 140.21931 -10.88416   0.01765   0.00022   0.03153   0.03142 148.70941   0.66662
  0.28940 148.69400  -1.64770   1.05493   0.00000   1.34122 -35.69416  -2.01950   0.57866   0.00000 140.24902 -10.88555   0.01757  -0.00011   0.03186   0.03176 148.70687   0.63488
  0.28960 148.69281  -1.56599   1.01551   0.00000   0.83239 -36.73375  -2.02664   0.57893   0.00000 140.27872 -10.88693   0.01748   0.00022   0.03220   0.03209 148.70452   0.60340
  0.28980 148.69172  -1.48499   0.97543   0.00000   0.31671 -37.66993  -2.03398   0.57910   0.00000 140.30843 -10.88829   0.01738  -0.00011   0.03253   0.03243 148.70233   0.57220
  0.29000 148.69063  -1.40390   0.93469   0.00000  -0.20602 -38.58655  -2.04152   0.57916   0.00000 140.33814 -10.88964   0.01728   0.00022   0.03287   0.03276 148.70020   0.54095
  0.29020 148.68955  -1.32274   0.89326   0.00000  -0.73601 -39.48439  -2.04923   0.57912   0.00000 140.36785 -10.89098   0.01716  -0.00011   0.03320   0.03310 148.69811   0.50969
  0.29040 148.68844  -1.24647   0.85116   0.00000  -1.27100 -40.37194  -2.05523   0.57897   0.00000 140.39756 -10.89231   0.01704   0.00022   0.03287   0.03276 148.69610   0.48030
  0.29060 148.68746  -1.16550   0.80864   0.00000  -1.81659 -41.23681  -2.06331   0.57872   0.00000 140.42727 -10.89363   0.01691  -0.00011   0.03253   0.03243 148.69423   0.44911
  0.29080 148.68651  -1.08455   0.76539   0.00000  -2.36587 -42.08125  -2.07156   0.57835   0.00000 140.45698 -10.89493   0.01677   0.00022   0.03220   0.03209 148.69244   0.41792
  0.29100 148.68560  -1.00367   0.72140   0.00000  -2.91924 -42.90594  -2.07997   0.57788   0.00000 140.48669 -10.89622   0.01663  -0.00011   0.03186   0.03176 148.69074   0.38676
  0.29120 148.68471  -0.92284   0.67662   0.00000  -3.47716 -43.71386  -2.08855   0.57730   0.00000 140.51640 -10.89750   0.01647   0.00022   0.03153   0.03142 148.68911   0.35561
  0.29140 148.68382  -0.84209   0.63100   0.00000  -4.04017 -44.50821  -2.09730   0.57660   0.00000 140.54611 -10.89877   0.01631  -0.00011   0.03119   0.03109 148.68755   0.32450
  0.29160 148.68290  -0.76899   0.58448   0.00000  -4.60945 -45.30180  -2.10330   0.57579   0.00000 140.57582 -10.90003   0.01614   0.00022   0.03086   0.03075 148.68604   0.29633
  0.29180 148.68299  -0.69141   0.53960   0.00000  -5.21368 -46.11191  -2.11236   0.57487   0.00000 140.60553 -10.90127   0.01595  -0.00011   0.03052   0.03042 148.68558   0.26643
  0.29200 148.68307  -0.61402   0.49371   0.00000  -5.82683 -46.90548  -2.12158   0.57383   0.00000 140.63525 -10.90251   0.01576   0.00022   0.03018   0.03008 148.68516   0.23662
  0.29220 148.68315  -0.53694   0.44672   0.00000  -6.44984 -47.68243  -2.13096   0.57266   0.00000 140.66496 -10.90373   0.01556  -0.00011   0.02985   0.02974 148.68479   0.20691
  0.29240 148.68323  -0.46028   0.39851   0.00000  -7.08392 -48.44036  -2.14050   0.57137   0.00000 140.69467 -10.90494   0.01536   0.00022   0.02951   0.02941 148.68448   0.17737
  0.29260 148.68330  -0.38418   0.34894   0.00000  -7.73071 -49.17914  -2.15018   0.56995   0.00000 140.72438 -10.90615   0.01514  -0.00011   0.02918   0.02907 148.68421   0.14805
  0.29280 148.68332  -0.31882   0.29779   0.00000  -8.39425 -49.91395  -2.15618   0.56840   0.00000 140.75409 -10.90734   0.01491   0.00022   0.02884   0.02874 148.68396   0.12286
  0.29300 148.68457  -0.24733   0.24886   0.00000  -9.11141 -50.66566  -2.16617   0.56672   0.00000 140.78380 -10.90852   0.01468  -0.00011   0.02851   0.02840 148.68499   0.09531
  0.29320 148.68582  -0.17719   0.19784   0.00000  -9.85380 -51.38394  -2.17630   0.56490   0.00000 140.81352 -10.90970   0.01444   0.00022   0.02817   0.02807 148.68605   0.06828
  0.29340 148.68704  -0.10919   0.14413   0.00000 -10.63069 -52.05820  -2.18658   0.56293   0.00000 140.84323 -10.91086   0.01418  -0.00011   0.02784   0.02773 148.68715   0.04207
  0.29360 148.68826  -0.04500   0.08665   0.00000 -11.45837 -52.66249  -2.19699   0.56080   0.00000 140.87294 -10.91202   0.01392   0.00022   0.02750   0.02740 148.68829   0.01734
  0.29380 148.68945   0.01019   0.02289   0.00000 -12.37447 -53.11961  -2.20752   0.55851   0.00000 140.90266 -10.91317   0.01365  -0.00011   0.02717   0.02706 148.68945  -0.00393
  0.29400 148.69065   0.05007  -0.04301   0.00000 -13.31414 -53.53956  -2.21352   0.55603   0.00000 140.93237 -10.91431   0.01336   0.00022   0.02683   0.02673 148.69066  -0.01929
  0.29420 148.69277   0.12301  -0.09085   0.00000 -14.23372 -54.55675  -2.22423   0.55336   0.00000 140.96209 -10.91545   0.01306  -0.00011   0.02650   0.02639 148.69285  -0.04740
  0.29440 148.69487   0.19927  -0.13559   0.00000 -15.07507 -55.62781  -2.23514   0.55052   0.00000 140.99180 -10.91658   0.01276   0.00022   0.02616   0.02606 148.69506  -0.07678
  0.29460 148.69696   0.27739  -0.17877   0.00000 -15.87154 -56.72167  -2.24627   0.54750   0.00000 141.02152 -10.91770   0.01245  -0.00011   0.02583   0.02572 148.69733  -0.10688
  0.29480 148.69906   0.35687  -0.22105   0.00000 -16.63726 -57.82558  -2.25761   0.54432   0.00000 141.05124 -10.91881   0.01213   0.00022   0.02549   0.02539 148.69965  -0.13751
  0.29500 148.70116   0.43743  -0.26276   0.00000 -17.38000 -58.93468  -2.26917   0.54099   0.00000 141.08095 -10.91991   0.01180  -0.00011   0.02516   0.02505 148.70204  -0.16855
  0.29520 148.70321   0.50392  -0.30418   0.00000 -18.11065 -60.07300  -2.27517   0.53751   0.00000 141.11067 -10.92100   0.01147   0.00022   0.02482   0.02472 148.70438  -0.19416
  0.29540 148.70615   0.58460  -0.34523   0.00000 -19.15432 -61.70310  -2.28719   0.53389   0.00000 141.14039 -10.92208   0.01113  -0.00011   0.02449   0.02438 148.70770  -0.22524
  0.29560 148.70905   0.66634  -0.38631   0.00000 -20.18091 -63.33324  -2.29953   0.53005   0.00000 141.17011 -10.92315   0.01078   0.00022   0.02415   0.02405 148.71105  -0.25673
  0.29580 148.71191   0.74908  -0.42749   0.00000 -21.19317 -64.96256  -2.31220   0.52601   0.00000 141.19983 -10.92421   0.01043  -0.00011   0.02382   0.02371 148.71442  -0.28860
  0.29600 148.71474   0.83279  -0.46884   0.00000 -22.19316 -66.58864  -2.32519   0.52177   0.00000 141.22956 -10.92526   0.01007   0.00022   0.02348   0.02338 148.71781  -0.32085
  0.29620 148.71752   0.91743  -0.51040   0.00000 -23.18247 -68.21133  -2.33851   0.51733   0.00000 141.25928 -10.92630   0.00971  -0.00011   0.02315   0.02304 148.72123  -0.35345
  0.29640 148.72039   0.98313  -0.55220   0.00000 -24.16242 -69.86649  -2.34451   0.51269   0.00000 141.28900 -10.92733   0.00933   0.00022   0.02281   0.02271 148.72466  -0.37875
  0.29660 148.72331   1.06976  -0.59496   0.00000 -25.64060 -72.34879  -2.35848   0.50785   0.00000 141.31873 -10.92835   0.00896  -0.00011   0.02248   0.02237 148.72835  -0.41212
  0.29680 148.72617   1.15767  -0.63826   0.00000 -27.10722 -74.82184  -2.37295   0.50272   0.00000 141.34845 -10.92936   0.00858   0.00022   0.02214   0.02204 148.73204  -0.44597
  0.29700 148.72894   1.24679  -0.68212   0.00000 -28.56356 -77.28303  -2.38791   0.49729   0.00000 141.37818 -10.93036   0.00819  -0.00011   0.02181   0.02170 148.73573  -0.48030
  0.29720 148.73164   1.33712  -0.72655   0.00000 -30.01075 -79.73048  -2.40337   0.49158   0.00000 141.40791 -10.93135   0.00779   0.00022   0.02147   0.02137 148.73942  -0.51508
  0.29740 148.73425   1.42862  -0.77158   0.00000 -31.44976 -82.16436  -2.41932   0.48557   0.00000 141.43764 -10.93233   0.00739  -0.00011   0.02114   0.02103 148.74311  -0.55032
  0.29760 148.73705   1.49422  -0.81647   0.00000 -32.88282 -84.63611  -2.42532   0.47956   0.00000 141.46737 -10.93330   0.00699   0.00022   0.02080   0.02070 148.74679  -0.57558
  0.29780 148.73822   1.58827  -0.86331   0.00000 -34.88190 -88.05124  -2.44224   0.47298   0.00000 141.49710 -10.93426   0.00657  -0.00011   0.02047   0.02036 148.74921  -0.61180
  0.29800 148.73922   1.68328  -0.91106   0.00000 -36.87226 -91.38238  -2.45985   0.46600   0.00000 141.52683 -10.93521   0.00616   0.00022   0.02013   0.02003 148.75153  -0.64839
  0.29820 148.73999   1.77884  -0.95974   0.00000 -38.85540 -94.59298  -2.47813   0.45862   0.00000 141.55656 -10.93615   0.00573  -0.00011   0.01980   0.01969 148.75372  -0.68519
  0.29840 148.74053   1.87487  -1.00938   0.00000 -40.83301 -97.68047  -2.49705   0.45084   0.00000 141.58630 -10.93708   0.00530   0.00022   0.01946   0.01936 148.75577  -0.72217
  0.29860 148.74084   1.97127  -1.05999   0.00000 -42.80660 -100.64444  -2.51659   0.44267   0.00000 141.61603 -10.93800   0.00487  -0.00011   0.01913   0.01902 148.75768  -0.75930
  0.29880 148.74150   2.03161  -1.10496   0.00000 -44.78973 -103.58303  -2.52259   0.43666   0.00000 141.64576 -10.93892   0.00442   0.00022   0.01879   0.01869 148.75948  -0.78254
  0.29900 148.74224   2.12202  -1.15409   0.00000 -46.93483 -106.62249  -2.54330   0.42769   0.00000 141.67550 -10.93982   0.00398  -0.00011   0.01846   0.01835 148.76186  -0.81735
  0.29920 148.74289   2.21387  -1.20433   0.00000 -49.07916 -109.64691  -2.56463   0.41830   0.00000 141.70523 -10.94071   0.00352   0.00022   0.01812   0.01802 148.76424  -0.85272
  0.29940 148.74345   2.30723  -1.25569   0.00000 -51.22316 -112.66606  -2.58656   0.40847   0.00000 141.73497 -10.94160   0.00307  -0.00011   0.01779   0.01768 148.76664  -0.88867
  0.29960 148.74392   2.40210  -1.30816   0.00000 -53.36718 -115.67868  -2.60909   0.39822   0.00000 141.76471 -10.94249   0.00260   0.00022   0.01745   0.01735 148.76907  -0.92520
  0.29980 148.74430   2.49847  -1.36176   0.00000 -55.51151 -118.68548  -2.63223   0.38753   0.00000 141.79444 -10.94336   0.00213  -0.00011   0.01712   0.01701 148.77152  -0.96231
  0.30000 148.74550   2.55029  -1.40324   0.00000 -57.68064 -121.77106  -2.63823   0.38153   0.00000 141.82418 -10.94423   0.00166   0.00022   0.01678   0.01668 148.77398  -0.98226
  0.30020 148.75370   2.62845  -1.44762   0.00000 -59.07629 -123.37090  -2.66258   0.36998   0.00000 141.85392 -10.94509   0.00118  -0.00011   0.01645   0.01634 148.78396  -1.01230
  0.30040 148.76181   2.70741  -1.49273   0.00000 -60.47239 -124.96552  -2.68725   0.35815   0.00000 141.88366 -10.94594   0.00070   0.00022   0.01611   0.01601 148.79394  -1.04265
  0.30060 148.76985   2.78715  -1.53858   0.00000 -61.86908 -126.55578  -2.71225   0.34604   0.00000 141.91340 -10.94680   0.00022  -0.00011   0.01578   0.01567 148.80391  -1.07329
  0.30080 148.77781   2.86768  -1.58516   0.00000 -63.26650 -128.14056  -2.73756   0.33365   0.00000 141.94315 -10.94765  -0.00027   0.00022   0.01544   0.01534 148.81389  -1.10423
  0.30100 148.78568   2.94897  -1.63248   0.00000 -64.66478 -129.72075  -2.76319   0.32099   0.00000 141.97290 -10.94850  -0.00076  -0.00011   0.01511   0.01500 148.82386  -1.13547
  0.30120 148.79472   2.97925  -1.66254   0.00000 -66.09690 -131.39153  -2.76919   0.31498   0.00000 142.00264 -10.94934  -0.00125   0.00022   0.01477   0.01467 148.83383  -1.14705
  0.30140 148.80799   3.03744  -1.69766   0.00000 -66.19632 -130.61661  -2.79546   0.30174   0.00000 142.03239 -10.95018  -0.00175  -0.00011   0.01444   0.01433 148.84866  -1.16935
  0.30160 148.82122   3.09520  -1.73282   0.00000 -66.29519 -129.83774  -2.82159   0.28849   0.00000 142.06215 -10.95103  -0.00225   0.00022   0.01410   0.01400 148.86349  -1.19147
  0.30180 148.83441   3.15256  -1.76803   0.00000 -66.39352 -129.05861  -2.84756   0.27521   0.00000 142.09191 -10.95188  -0.00274  -0.00011   0.01376   0.01366 148.87830  -1.21344
  0.30200 148.84758   3.20955  -1.80329   0.00000 -66.49132 -128.28154  -2.87337   0.26192   0.00000 142.12166 -10.95273  -0.00324   0.00022   0.01343   0.01332 148.89310  -1.23526
  0.30220 148.86071   3.26616  -1.83860   0.00000 -66.58859 -127.50748  -2.89902   0.24860   0.00000 142.15143 -10.95358  -0.00374  -0.00011   0.01309   0.01299 148.90789  -1.25693
  0.30240 148.87518   3.27169  -1.85496   0.00000 -66.72003 -126.82586  -2.90502   0.24260   0.00000 142.18119 -10.95443  -0.00423   0.00022   0.01276   0.01265 148.92268  -1.25893
  0.30260 148.88968   3.32633  -1.88967   0.00000 -66.72798 -125.89753  -2.93039   0.22923   0.00000 142.21096 -10.95529  -0.00473  -0.00011   0.01242   0.01232 148.93882  -1.27983
  0.30280 148.90416   3.38052  -1.92439   0.00000 -66.73540 -124.97114  -2.95557   0.21587   0.00000 142.24073 -10.95614  -0.00523   0.00022   0.01209   0.01198 148.95496  -1.30054
  0.30300 148.91861   3.43425  -1.95911   0.00000 -66.74216 -124.04765  -2.98056   0.20251   0.00000 142.27051 -10.95700  -0.00572  -0.00011   0.01175   0.01165 148.97109  -1.32108
  0.30320 148.93303   3.48754  -1.99384   0.00000 -66.74825 -123.12605  -3.00537   0.18914   0.00000 142.30028 -10.95787  -0.00622   0.00022   0.01142   0.01131 148.98720  -1.34144
  0.30340 148.94743   3.54038  -2.02856   0.00000 -66.75368 -122.20732  -3.03000   0.17577   0.00000 142.33006 -10.95873  -0.00672  -0.00011   0.01108   0.01098 149.00331  -1.36163
  0.30360 148.96321   3.54479  -2.04418   0.00000 -66.79330 -121.37594  -3.03600   0.16976   0.00000 142.35985 -10.95960  -0.00722   0.00022   0.01075   0.01064 149.01940  -1.36318
  0.30380 148.97760   3.59675  -2.07893   0.00000 -66.79715 -120.45876  -3.06027   0.15639   0.00000 142.38963 -10.96047  -0.00771  -0.00011   0.01041   0.01031 149.03552  -1.38302
  0.30400 148.99197   3.64827  -2.11367   0.00000 -66.80032 -119.54339  -3.08436   0.14301   0.00000 142.41943 -10.96134  -0.00821   0.00022   0.01008   0.00997 149.05162  -1.40269
  0.30420 149.00633   3.69944  -2.14841   0.00000 -66.80283 -118.64039  -3.10827   0.12963   0.00000 142.44922 -10.96222  -0.00871  -0.00011   0.00974   0.00964 149.06773  -1.42221
  0.30440 149.02070   3.75026  -2.18315   0.00000 -66.80468 -117.74870  -3.13200   0.11625   0.00000 142.47901 -10.96309  -0.00920   0.00022   0.00941   0.00930 149.08386  -1.44160
  0.30460 149.03506   3.80075  -2.21789   0.00000 -66.80587 -116.86923  -3.15555   0.10287   0.00000 142.50881 -10.96397  -0.00970  -0.00011   0.00907   0.00897 149.10001  -1.46086
  0.30480 149.05085   3.80560  -2.23349   0.00000 -66.84131 -116.07546  -3.16155   0.09686   0.00000 142.53862 -10.96485  -0.01020   0.00022   0.00874   0.00863 149.11616  -1.46257
  0.30500 149.06410   3.85437  -2.26767   0.00000 -66.75751 -115.06556  -3.18477   0.08347   0.00000 142.56842 -10.96574  -0.01070  -0.00011   0.00840   0.00830 149.13116  -1.48117
  0.30520 149.07735   3.90273  -2.30180   0.00000 -66.67289 -114.06648  -3.20778   0.07010   0.00000 142.59823 -10.96663  -0.01119   0.00022   0.00807   0.00796 149.14619  -1.49962
  0.30540 149.09060   3.95069  -2.33588   0.00000 -66.58744 -113.07912  -3.23059   0.05674   0.00000 142.62804 -10.96751  -0.01169  -0.00011   0.00773   0.00763 149.16122  -1.51790
  0.30560 149.10385   3.99825  -2.36992   0.00000 -66.50116 -112.10238  -3.25321   0.04340   0.00000 142.65786 -10.96841  -0.01219   0.00022   0.00740   0.00729 149.17627  -1.53603
  0.30580 149.11710   4.04542  -2.40390   0.00000 -66.41404 -111.13718  -3.27563   0.03008   0.00000 142.68768 -10.96930  -0.01268  -0.00011   0.00706   0.00696 149.19134  -1.55401
  0.30600 149.13181   4.04988  -2.41889   0.00000 -66.36064 -110.25207  -3.28163   0.02407   0.00000 142.71750 -10.97020  -0.01318   0.00022   0.00673   0.00662 149.20640  -1.55556
  0.30620 149.14068   4.07642  -2.44097   0.00000 -65.09809 -107.33334  -3.30368   0.01078   0.00000 142.74732 -10.97109  -0.01367  -0.00011   0.00639   0.00629 149.21635  -1.56566
  0.30640 149.14959   4.10151  -2.46237   0.00000 -63.83242 -104.42112  -3.32515  -0.00226   0.00000 142.77715 -10.97200  -0.01417   0.00022   0.00606   0.00595 149.22629  -1.57520
  0.30660 149.15855   4.12516  -2.48307   0.00000 -62.56362 -101.51608  -3.34603  -0.01505   0.00000 142.80697 -10.97291  -0.01466  -0.00011   0.00572   0.00562 149.23624  -1.58418
  0.30680 149.16755   4.14737  -2.50309   0.00000 -61.29166 -98.61692  -3.36633  -0.02759   0.00000 142.83680 -10.97383  -0.01515   0.00022   0.00539   0.00528 149.24619  -1.59261
  0.30700 149.17660   4.16810  -2.52242   0.00000 -60.01649 -95.72244  -3.38606  -0.03987   0.00000 142.86663 -10.97475  -0.01564  -0.00011   0.00505   0.00495 149.25614  -1.60047
  0.30720 149.18692   4.15310  -2.52543   0.00000 -58.76657 -92.89009  -3.39206  -0.04588   0.00000 142.89647 -10.97568  -0.01612   0.00022   0.00472   0.00461 149.26608  -1.59460
  0.30740 149.18701   4.14677  -2.52869   0.00000 -56.44351 -88.28937  -3.41063  -0.05765   0.00000 142.92630 -10.97662  -0.01660  -0.00011   0.00438   0.00428 149.26605  -1.59217
  0.30760 149.18719   4.13807  -2.53067   0.00000 -54.11526 -83.68997  -3.42829  -0.06896   0.00000 142.95614 -10.97757  -0.01708   0.00022   0.00405   0.00394 149.26602  -1.58883
  0.30780 149.18745   4.12699  -2.53139   0.00000 -51.78172 -79.09267  -3.44503  -0.07980   0.00000 142.98597 -10.97852  -0.01755  -0.00011   0.00371   0.00361 149.26599  -1.58458
  0.30800 149.18780   4.11353  -2.53083   0.00000 -49.44276 -74.49503  -3.46085  -0.09018   0.00000 143.01580 -10.97949  -0.01801   0.00022   0.00338   0.00327 149.26596  -1.57941
  0.30820 149.18824   4.09767  -2.52898   0.00000 -47.09826 -69.89739  -3.47575  -0.10008   0.00000 143.04564 -10.98047  -0.01847  -0.00011   0.00304   0.00294 149.26592  -1.57331
  0.30840 149.18947   4.05858  -2.51694   0.00000 -44.76428 -65.33250  -3.48175  -0.10609   0.00000 143.07547 -10.98146  -0.01892   0.00022   0.00271   0.00260 149.26589  -1.55830
  0.30860 149.18892   4.02916  -2.50707   0.00000 -42.62176 -61.07760  -3.49481  -0.11506   0.00000 143.10530 -10.98247  -0.01937  -0.00011   0.00237   0.00227 149.26437  -1.54702
  0.30880 149.18844   3.99751  -2.49600   0.00000 -40.47381 -56.81806  -3.50703  -0.12360   0.00000 143.13514 -10.98348  -0.01981   0.00022   0.00204   0.00193 149.26286  -1.53487
  0.30900 149.18804   3.96360  -2.48372   0.00000 -38.32027 -52.55446  -3.51839  -0.13171   0.00000 143.16497 -10.98451  -0.02025  -0.00011   0.00170   0.00160 149.26134  -1.52187
  0.30920 149.18770   3.92744  -2.47024   0.00000 -36.16094 -48.28541  -3.52890  -0.13939   0.00000 143.19480 -10.98555  -0.02068   0.00022   0.00137   0.00126 149.25983  -1.50799
  0.30940 149.18744   3.88903  -2.45553   0.00000 -33.99564 -44.01150  -3.53856  -0.14664   0.00000 143.22463 -10.98660  -0.02110  -0.00011   0.00103   0.00093 149.25832  -1.49325
  0.30960 149.18747   3.84104  -2.43753   0.00000 -31.82793 -39.74336  -3.54456  -0.15265   0.00000 143.25446 -10.98767  -0.02151   0.00022   0.00070   0.00059 149.25682  -1.47483
  0.30980 149.18832   3.79930  -2.42112   0.00000 -30.53553 -36.85476  -3.55251  -0.15903   0.00000 143.28429 -10.98874  -0.02192  -0.00011   0.00036   0.00026 149.25633  -1.45881
  0.31000 149.18920   3.75602  -2.40393   0.00000 -29.23907 -33.95787  -3.55988  -0.16515   0.00000 143.31412 -10.98983  -0.02232   0.00022   0.00003  -0.00008 149.25584  -1.44219
  0.31020 149.19013   3.71118  -2.38596   0.00000 -27.93842 -31.05339  -3.56667  -0.17101   0.00000 143.34394 -10.99094  -0.02272  -0.00011  -0.00031  -0.00041 149.25535  -1.42497
  0.31040 149.19109   3.66480  -2.36721   0.00000 -26.63341 -28.14009  -3.57288  -0.17660   0.00000 143.37377 -10.99205  -0.02310   0.00022  -0.00064  -0.00075 149.25487  -1.40716
  0.31060 149.19208   3.61685  -2.34767   0.00000 -25.32389 -25.21870  -3.57851  -0.18194   0.00000 143.40360 -10.99318  -0.02349  -0.00011  -0.00098  -0.00108 149.25438  -1.38874
  0.31080 149.19312   3.56737  -2.32732   0.00000 -24.00969 -22.29179  -3.58355  -0.18702   0.00000 143.43343 -10.99432  -0.02386   0.00022  -0.00131  -0.00142 149.25391  -1.36974
  0.31100 149.19320   3.51518  -2.30536   0.00000 -23.24540 -20.21616  -3.58801  -0.19183   0.00000 143.46325 -10.99547  -0.02423  -0.00011  -0.00165  -0.00175 149.25241  -1.34971
  0.31120 149.19332   3.46197  -2.28287   0.00000 -22.47816 -18.13925  -3.59206  -0.19648   0.00000 143.49308 -10.99664  -0.02459   0.00022  -0.00198  -0.00209 149.25094  -1.32929
  0.31140 149.19347   3.40773  -2.25985   0.00000 -21.70786 -16.06205  -3.59568  -0.20099   0.00000 143.52290 -10.99782  -0.02494  -0.00011  -0.00232  -0.00242 149.24950  -1.30847
  0.31160 149.19367   3.35247  -2.23629   0.00000 -20.93441 -13.98363  -3.59890  -0.20534   0.00000 143.55273 -10.99901  -0.02529   0.00022  -0.00266  -0.00276 149.24809  -1.28726
  0.31180 149.19390   3.29620  -2.21219   0.00000 -20.15769 -11.90500  -3.60169  -0.20953   0.00000 143.58255 -11.00021  -0.02563  -0.00011  -0.00299  -0.00310 149.24670  -1.26565
  0.31200 149.19417   3.23891  -2.18752   0.00000 -19.37759  -9.82522  -3.60407  -0.21357   0.00000 143.61237 -11.00143  -0.02597   0.00022  -0.00333  -0.00343 149.24535  -1.24366
  0.31220 149.19368   3.17889  -2.16114   0.00000 -18.76606  -8.00003  -3.60604  -0.21746   0.00000 143.64220 -11.00266  -0.02629  -0.00011  -0.00366  -0.00377 149.24319  -1.22063
  0.31240 149.19323   3.11801  -2.13427   0.00000 -18.15170  -6.17320  -3.60764  -0.22122   0.00000 143.67202 -11.00390  -0.02661   0.00022  -0.00400  -0.00410 149.24107  -1.19726
  0.31260 149.19281   3.05626  -2.10691   0.00000 -17.53440  -4.34626  -3.60887  -0.22486   0.00000 143.70184 -11.00516  -0.02692  -0.00011  -0.00433  -0.00444 149.23898  -1.17356
  0.31280 149.19242   2.99371  -2.07905   0.00000 -16.91407  -2.52433  -3.60974  -0.22837   0.00000 143.73166 -11.00642  -0.02723   0.00022  -0.00467  -0.00477 149.23694  -1.14955
  0.31300 149.19207   2.93038  -2.05068   0.00000 -16.29058  -0.70854  -3.61025  -0.23176   0.00000 143.76147 -11.00770  -0.02752  -0.00011  -0.00500  -0.00511 149.23494  -1.12524
  0.31320 149.19175   2.86627  -2.02179   0.00000 -15.66384   1.10197  -3.61039  -0.23502   0.00000 143.79129 -11.00900  -0.02781   0.00022  -0.00534  -0.00544 149.23298  -1.10063
  0.31340 149.19133   2.80109  -1.99216   0.00000 -15.06495   2.86183  -3.61017  -0.23816   0.00000 143.82111 -11.01031  -0.02810  -0.00011  -0.00567  -0.00578 149.23092  -1.07561
  0.31360 149.19094   2.73519  -1.96201   0.00000 -14.46275   4.61621  -3.60960  -0.24118   0.00000 143.85092 -11.01163  -0.02837   0.00022  -0.00601  -0.00611 149.22891  -1.05031
  0.31380 149.19059   2.66855  -1.93134   0.00000 -13.85710   6.36399  -3.60867  -0.24408   0.00000 143.88074 -11.01296  -0.02864  -0.00011  -0.00634  -0.00645 149.22695  -1.02473
  0.31400 149.19026   2.60120  -1.90012   0.00000 -13.24790   8.10600  -3.60740  -0.24686   0.00000 143.91055 -11.01430  -0.02890   0.00022  -0.00668  -0.00678 149.22503  -0.99888
  0.31420 149.18996   2.53315  -1.86835   0.00000 -12.63499   9.84106  -3.60578  -0.24951   0.00000 143.94037 -11.01566  -0.02915  -0.00011  -0.00701  -0.00712 149.22316  -0.97275
  0.31440 149.18969   2.46442  -1.83601   0.00000 -12.01826  11.56967  -3.60381  -0.25204   0.00000 143.97018 -11.01703  -0.02939   0.00022  -0.00735  -0.00745 149.22134  -0.94637
  0.31460 149.18919   2.39421  -1.80250   0.00000 -11.41015  13.27374  -3.60150  -0.25445   0.00000 143.99999 -11.01842  -0.02963  -0.00011  -0.00768  -0.00779 149.21929  -0.91941
  0.31480 149.18872   2.32335  -1.76841   0.00000 -10.79800  14.97100  -3.59884  -0.25674   0.00000 144.02980 -11.01981  -0.02986   0.00022  -0.00802  -0.00812 149.21729  -0.89221
  0.31500 149.18827   2.25186  -1.73371   0.00000 -10.18163  16.66026  -3.59585  -0.25890   0.00000 144.05961 -11.02122  -0.03008  -0.00011  -0.00835  -0.00846 149.21533  -0.86476
  0.31520 149.18784   2.17976  -1.69841   0.00000  -9.56086  18.34229  -3.59252  -0.26094   0.00000 144.08942 -11.02264  -0.03029   0.00022  -0.00869  -0.00879 149.21343  -0.83708
  0.31540 149.18743   2.10706  -1.66247   0.00000  -8.93551  20.01590  -3.58885  -0.26286   0.00000 144.11922 -11.02408  -0.03049  -0.00011  -0.00902  -0.00913 149.21157  -0.80917
  0.31560 149.18705   2.03378  -1.62589   0.00000  -8.30539  21.68182  -3.58484  -0.26465   0.00000 144.14903 -11.02553  -0.03069   0.00022  -0.00936  -0.00946 149.20977  -0.78103
  0.31580 149.18617   1.95873  -1.58711   0.00000  -7.69130  23.24150  -3.58051  -0.26631   0.00000 144.17884 -11.02698  -0.03088  -0.00011  -0.00969  -0.00980 149.20747  -0.75222
  0.31600 149.18543   1.88413  -1.54766   0.00000  -7.07232  24.69943  -3.57586  -0.26786   0.00000 144.20864 -11.02846  -0.03105   0.00022  -0.01003  -0.01013 149.20535  -0.72358
  0.31620 149.18483   1.81003  -1.50752   0.00000  -6.44840  26.05517  -3.57092  -0.26927   0.00000 144.23845 -11.02994  -0.03122  -0.00011  -0.01036  -0.01047 149.20342  -0.69512
  0.31640 149.18436   1.73649  -1.46670   0.00000  -5.81947  27.31030  -3.56571  -0.27056   0.00000 144.26825 -11.03144  -0.03139   0.00022  -0.01070  -0.01080 149.20167  -0.66689
  0.31660 149.18402   1.66355  -1.42519   0.00000  -5.18550  28.46451  -3.56025  -0.27173   0.00000 144.29805 -11.03295  -0.03154  -0.00011  -0.01103  -0.01114 149.20010  -0.63888
  0.31680 149.18382   1.59128  -1.38298   0.00000  -4.54645  29.51955  -3.55455  -0.27277   0.00000 144.32785 -11.03447  -0.03168   0.00022  -0.01137  -0.01147 149.19871  -0.61113
  0.31700 149.18302   1.51752  -1.33815   0.00000  -3.92840  30.44525  -3.54865  -0.27368   0.00000 144.35765 -11.03600  -0.03182  -0.00011  -0.01170  -0.01181 149.19674  -0.58280
  0.31720 149.18228   1.44396  -1.29262   0.00000  -3.30544  31.33228  -3.54256  -0.27447   0.00000 144.38745 -11.03755  -0.03194   0.00022  -0.01204  -0.01214 149.19487  -0.55456
  0.31740 149.18158   1.37045  -1.24636   0.00000  -2.67740  32.19944  -3.53629  -0.27513   0.00000 144.41725 -11.03910  -0.03206  -0.00011  -0.01237  -0.01248 149.19308  -0.52633
  0.31760 149.18090   1.29700  -1.19935   0.00000  -2.04408  33.04746  -3.52986  -0.27567   0.00000 144.44705 -11.04067  -0.03216   0.00022  -0.01271  -0.01281 149.19136  -0.49813
  0.31780 149.18024   1.22367  -1.15156   0.00000  -1.40398  33.87508  -3.52325  -0.27608   0.00000 144.47684 -11.04225  -0.03226  -0.00011  -0.01304  -0.01315 149.18970  -0.46996
  0.31800 149.17957   1.15249  -1.10297   0.00000  -0.75718  34.68688  -3.51725  -0.27636   0.00000 144.50664 -11.04383  -0.03235   0.00022  -0.01271  -0.01281 149.18810  -0.44263
  0.31820 149.17859   1.07847  -1.05268   0.00000  -0.11664  35.46156  -3.51031  -0.27651   0.00000 144.53643 -11.04543  -0.03242  -0.00011  -0.01237  -0.01248 149.18620  -0.41421
  0.31840 149.17761   1.00470  -1.00153   0.00000   0.53044  36.21571  -3.50322  -0.27653   0.00000 144.56623 -11.04705  -0.03249   0.00022  -0.01204  -0.01214 149.18435  -0.38588
  0.31860 149.17662   0.93117  -0.94949   0.00000   1.18428  36.95226  -3.49597  -0.27643   0.00000 144.59602 -11.04867  -0.03255  -0.00011  -0.01170  -0.01181 149.18255  -0.35764
  0.31880 149.17564   0.85793  -0.89654   0.00000   1.84456  37.67371  -3.48858  -0.27619   0.00000 144.62581 -11.05030  -0.03259   0.00022  -0.01137  -0.01147 149.18080  -0.32951
  0.31900 149.17467   0.78505  -0.84263   0.00000   2.51108  38.37844  -3.48105  -0.27582   0.00000 144.65560 -11.05195  -0.03263  -0.00011  -0.01103  -0.01114 149.17911  -0.30152
  0.31920 149.17368   0.71694  -0.78772   0.00000   3.18455  39.07486  -3.47505  -0.27532   0.00000 144.68539 -11.05360  -0.03265   0.00022  -0.01070  -0.01080 149.17748  -0.27537
  0.31940 149.17338   0.64661  -0.73386   0.00000   3.89054  39.77160  -3.46723  -0.27468   0.00000 144.71518 -11.05527  -0.03267  -0.00011  -0.01036  -0.01047 149.17659  -0.24835
  0.31960 149.17310   0.57683  -0.67888   0.00000   4.60522  40.44967  -3.45928  -0.27390   0.00000 144.74497 -11.05694  -0.03267   0.00022  -0.01003  -0.01013 149.17576  -0.22155
  0.31980 149.17282   0.50774  -0.62271   0.00000   5.32955  41.10669  -3.45119  -0.27298   0.00000 144.77475 -11.05863  -0.03267  -0.00011  -0.00969  -0.00980 149.17498  -0.19502
  0.32000 149.17255   0.43947  -0.56527   0.00000   6.06467  41.74219  -3.44297  -0.27191   0.00000 144.80454 -11.06032  -0.03265   0.00022  -0.00936  -0.00946 149.17427  -0.16880
  0.32020 149.17227   0.37222  -0.50643   0.00000   6.81201  42.35334  -3.43462  -0.27069   0.00000 144.83433 -11.06203  -0.03262  -0.00011  -0.00902  -0.00913 149.17360  -0.14297
  0.32040 149.17197   0.31267  -0.44607   0.00000   7.57368  42.95010  -3.42862  -0.26933   0.00000 144.86411 -11.06374  -0.03258   0.00022  -0.00869  -0.00879 149.17296  -0.12009
  0.32060 149.17284   0.25041  -0.38825   0.00000   8.39885  43.54812  -3.42003  -0.26781   0.00000 144.89390 -11.06546  -0.03253  -0.00011  -0.00835  -0.00846 149.17356  -0.09618
  0.32080 149.17372   0.19001  -0.32860   0.00000   9.24415  44.10862  -3.41132  -0.26613   0.00000 144.92368 -11.06719  -0.03247   0.00022  -0.00802  -0.00812 149.17420  -0.07298
  0.32100 149.17459   0.13209  -0.26686   0.00000  10.11332  44.62143  -3.40250  -0.26428   0.00000 144.95347 -11.06893  -0.03240  -0.00011  -0.00768  -0.00779 149.17489  -0.05073
  0.32120 149.17545   0.07770  -0.20267   0.00000  11.01160  45.07248  -3.39357  -0.26225   0.00000 144.98325 -11.07067  -0.03231   0.00022  -0.00735  -0.00745 149.17561  -0.02984
  0.32140 149.17631   0.02874  -0.13555   0.00000  11.94587  45.43288  -3.38456  -0.26004   0.00000 145.01303 -11.07242  -0.03222  -0.00011  -0.00701  -0.00712 149.17637  -0.01104
  0.32160 149.17716  -0.00244  -0.06503   0.00000  12.92297  45.65512  -3.37856  -0.25765   0.00000 145.04282 -11.07418  -0.03211   0.00022  -0.00668  -0.00678 149.17717   0.00094
  0.32180 149.17897  -0.03050   0.00473   0.00000  14.27210  45.70360  -3.36943  -0.25506   0.00000 145.07260 -11.07594  -0.03199  -0.00011  -0.00634  -0.00645 149.17897   0.01171
  0.32200 149.18075  -0.11841   0.02189   0.00000  14.48697  47.02304  -3.36029  -0.25220   0.00000 145.10238 -11.07770  -0.03185   0.00022  -0.00601  -0.00611 149.18080   0.04548
  0.32220 149.18250  -0.20663   0.04096   0.00000  14.73947  48.32633  -3.35088  -0.24930   0.00000 145.13217 -11.07947  -0.03172  -0.00011  -0.00567  -0.00578 149.18265   0.07936
  0.32240 149.18422  -0.29528   0.06095   0.00000  15.00832  49.61769  -3.34122  -0.24635   0.00000 145.16195 -11.08125  -0.03158   0.00022  -0.00534  -0.00544 149.18453   0.11340
  0.32260 149.18593  -0.38442   0.08156   0.00000  15.28662  50.89723  -3.33129  -0.24334   0.00000 145.19173 -11.08305  -0.03144  -0.00011  -0.00500  -0.00511 149.18645   0.14764
  0.32280 149.18764  -0.46318   0.10264   0.00000  15.57152  52.18677  -3.32529  -0.24028   0.00000 145.22151 -11.08486  -0.03130   0.00022  -0.00467  -0.00477 149.18840   0.17788
  0.32300 149.19018  -0.55167   0.12405   0.00000  15.99023  54.00154  -3.31486  -0.23716   0.00000 145.25130 -11.08669  -0.03115  -0.00011  -0.00433  -0.00444 149.19125   0.21186
  0.32320 149.19272  -0.64096   0.14587   0.00000  16.41387  55.80576  -3.30406  -0.23395   0.00000 145.28108 -11.08852  -0.03100   0.00022  -0.00400  -0.00410 149.19416   0.24615
  0.32340 149.19524  -0.73107   0.16805   0.00000  16.84148  57.59819  -3.29289  -0.23067   0.00000 145.31086 -11.09037  -0.03085  -0.00011  -0.00366  -0.00377 149.19713   0.28075
  0.32360 149.19773  -0.82197   0.19057   0.00000  17.27257  59.37987  -3.28137  -0.22729   0.00000 145.34064 -11.09223  -0.03070   0.00022  -0.00333  -0.00343 149.20012   0.31566
  0.32380 149.20018  -0.91369   0.21344   0.00000  17.70662  61.14984  -3.26950  -0.22383   0.00000 145.37042 -11.09410  -0.03054  -0.00011  -0.00299  -0.00310 149.20313   0.35087
  0.32400 149.20267  -0.98998   0.23661   0.00000  18.14329  62.93944  -3.26350  -0.22028   0.00000 145.40020 -11.09599  -0.03038   0.00022  -0.00266  -0.00276 149.20614   0.38016
  0.32420 149.20533  -1.08360   0.26040   0.00000  18.81079  65.61592  -3.25091  -0.21665   0.00000 145.42998 -11.09788  -0.03022  -0.00011  -0.00232  -0.00242 149.20949   0.41610
  0.32440 149.20792  -1.17843   0.28461   0.00000  19.48118  68.27567  -3.23779  -0.21288   0.00000 145.45976 -11.09979  -0.03006   0.00022  -0.00198  -0.00209 149.21285   0.45251
  0.32460 149.21044  -1.27445   0.30923   0.00000  20.15418  70.91502  -3.22413  -0.20898   0.00000 145.48954 -11.10171  -0.02989  -0.00011  -0.00165  -0.00175 149.21620   0.48937
  0.32480 149.21287  -1.37163   0.33426   0.00000  20.82971  73.53479  -3.20995  -0.20494   0.00000 145.51932 -11.10364  -0.02972   0.00022  -0.00131  -0.00142 149.21955   0.52667
  0.32500 149.21523  -1.46998   0.35970   0.00000  21.50746  76.13377  -3.19524  -0.20077   0.00000 145.54910 -11.10559  -0.02955  -0.00011  -0.00098  -0.00108 149.22290   0.56443
  0.32520 149.21774  -1.54547   0.38554   0.00000  22.18729  78.75911  -3.18924  -0.19646   0.00000 145.57888 -11.10755  -0.02937   0.00022  -0.00064  -0.00075 149.22624   0.59340
  0.32540 149.21883  -1.64703   0.41226   0.00000  23.16637  82.45802  -3.17349  -0.19202   0.00000 145.60866 -11.10951  -0.02919  -0.00011  -0.00031  -0.00041 149.22849   0.63239
  0.32560 149.21970  -1.74916   0.43954   0.00000  24.14800  86.02300  -3.15700  -0.18738   0.00000 145.63844 -11.11150  -0.02901   0.00022   0.00003  -0.00008 149.23060   0.67159
  0.32580 149.22034  -1.85181   0.46738   0.00000  25.13268  89.45223  -3.13979  -0.18254   0.00000 145.66822 -11.11349  -0.02882  -0.00011   0.00036   0.00026 149.23257   0.71100
  0.32600 149.22076  -1.95488   0.49579   0.00000  26.12087  92.74596  -3.12190  -0.17751   0.00000 145.69800 -11.11549  -0.02864   0.00022   0.00070   0.00059 149.23439   0.75057
  0.32620 149.22094  -2.05830   0.52478   0.00000  27.11301  95.90259  -3.10335  -0.17227   0.00000 145.72778 -11.11751  -0.02844  -0.00011   0.00103   0.00093 149.23606   0.79027
  0.32640 149.22140  -2.12797   0.55435   0.00000  28.10951  99.01525  -3.09735  -0.16684   0.00000 145.75755 -11.11954  -0.02825   0.00022   0.00137   0.00126 149.23760   0.81701
  0.32660 149.22053  -2.22789   0.58335   0.00000  29.25715 102.54141  -3.07755  -0.16121   0.00000 145.78733 -11.12157  -0.02805  -0.00011   0.00170   0.00160 149.23830   0.85537
  0.32680 149.21958  -2.32957   0.61302   0.00000  30.40971 106.06049  -3.05704  -0.15535   0.00000 145.81711 -11.12362  -0.02785   0.00022   0.00204   0.00193 149.23902   0.89441
  0.32700 149.21854  -2.43301   0.64335   0.00000  31.56705 109.57142  -3.03583  -0.14926   0.00000 145.84688 -11.12568  -0.02765  -0.00011   0.00237   0.00227 149.23976   0.93412
  0.32720 149.21742  -2.53819   0.67435   0.00000  32.72907 113.07511  -3.01392  -0.14294   0.00000 145.87666 -11.12774  -0.02744   0.00022   0.00271   0.00260 149.24053   0.97451
  0.32740 149.21621  -2.64512   0.70601   0.00000  33.89563 116.57048  -2.99130  -0.13639   0.00000 145.90644 -11.12982  -0.02723  -0.00011   0.00304   0.00294 149.24132   1.01556
  0.32760 149.21572  -2.70871   0.73628   0.00000  35.07027 120.14104  -2.98530  -0.13038   0.00000 145.93621 -11.13191  -0.02702   0.00022   0.00338   0.00327 149.24212   1.03997
  0.32780 149.22114  -2.80108   0.76456   0.00000  35.99391 122.63879  -2.96127  -0.12335   0.00000 145.96598 -11.13400  -0.02681  -0.00011   0.00371   0.00361 149.24939   1.07539
  0.32800 149.22648  -2.89471   0.79336   0.00000  36.92064 125.13109  -2.93675  -0.11615   0.00000 145.99576 -11.13610  -0.02659   0.00022   0.00405   0.00394 149.25666   1.11129
  0.32820 149.23173  -2.98957   0.82267   0.00000  37.85041 127.61688  -2.91172  -0.10875   0.00000 146.02553 -11.13821  -0.02637  -0.00011   0.00438   0.00428 149.26394   1.14766
  0.32840 149.23689  -3.08567   0.85250   0.00000  38.78319 130.09709  -2.88620  -0.10117   0.00000 146.05531 -11.14032  -0.02615   0.00022   0.00472   0.00461 149.27122   1.18450
  0.32860 149.24195  -3.18302   0.88286   0.00000  39.71892 132.57144  -2.86018  -0.09341   0.00000 146.08509 -11.14244  -0.02593  -0.00011   0.00505   0.00495 149.27850   1.22181
  0.32880 149.24811  -3.22823   0.90864   0.00000  40.66662 135.14372  -2.85418  -0.08740   0.00000 146.11487 -11.14457  -0.02570   0.00022   0.00539   0.00528 149.28578   1.23911
  0.32900 149.25950  -3.30255   0.93292   0.00000  40.98150 135.36131  -2.82715  -0.07925   0.00000 146.14465 -11.14670  -0.02547  -0.00011   0.00572   0.00562 149.29895   1.26753
  0.32920 149.27084  -3.37702   0.95737   0.00000  41.29695 135.58278  -2.80008  -0.07105   0.00000 146.17443 -11.14883  -0.02525   0.00022   0.00606   0.00595 149.31211   1.29601
  0.32940 149.28214  -3.45165   0.98199   0.00000  41.61296 135.80714  -2.77296  -0.06278   0.00000 146.20422 -11.15096  -0.02502  -0.00011   0.00639   0.00629 149.32526   1.32454
  0.32960 149.29338  -3.52643   1.00678   0.00000  41.92951 136.03539  -2.74580  -0.05445   0.00000 146.23401 -11.15310  -0.02479   0.00022   0.00673   0.00662 149.33841   1.35312
  0.32980 149.30457  -3.60138   1.03175   0.00000  42.24660 136.26656  -2.71859  -0.04605   0.00000 146.26380 -11.15523  -0.02456  -0.00011   0.00706   0.00696 149.35156   1.38176
  0.33000 149.31710  -3.62107   1.05047   0.00000  42.57561 136.59824  -2.71259  -0.04004   0.00000 146.29359 -11.15737  -0.02433   0.00022   0.00740   0.00729 149.36469   1.38920
  0.33020 149.33087  -3.68566   1.07271   0.00000  42.58323 135.75686  -2.68527  -0.03152   0.00000 146.32338 -11.15950  -0.02410  -0.00011   0.00773   0.00763 149.38020   1.41384
  0.33040 149.34465  -3.74996   1.09494   0.00000  42.59035 134.93103  -2.65812  -0.02299   0.00000 146.35318 -11.16164  -0.02387   0.00022   0.00807   0.00796 149.39573   1.43836
  0.33060 149.35842  -3.81400   1.11717   0.00000  42.59696 134.11969  -2.63113  -0.01447   0.00000 146.38298 -11.16377  -0.02364  -0.00011   0.00840   0.00830 149.41128   1.46278
  0.33080 149.37218  -3.87777   1.13941   0.00000  42.60307 133.32378  -2.60431  -0.00594   0.00000 146.41279 -11.16591  -0.02340   0.00022   0.00874   0.00863 149.42685   1.48709
  0.33100 149.38595  -3.94128   1.16165   0.00000  42.60868 132.54223  -2.57765   0.00259   0.00000 146.44260 -11.16804  -0.02317  -0.00011   0.00907   0.00897 149.44244   1.51130
  0.33120 149.40116  -3.95096   1.17728   0.00000  42.62551 131.86204  -2.57165   0.00860   0.00000 146.47241 -11.17017  -0.02294   0.00022   0.00941   0.00930 149.45803   1.51485
  0.33140 149.41557  -4.01328   1.19934   0.00000  42.60746 131.02047  -2.54527   0.01713   0.00000 146.50222 -11.17230  -0.02271  -0.00011   0.00974   0.00964 149.47427   1.53859
  0.33160 149.42997  -4.07532   1.22139   0.00000  42.58884 130.19391  -2.51907   0.02566   0.00000 146.53204 -11.17443  -0.02248   0.00022   0.01008   0.00997 149.49053   1.56221
  0.33180 149.44438  -4.13707   1.24343   0.00000  42.56965 129.38131  -2.49303   0.03419   0.00000 146.56186 -11.17656  -0.02225  -0.00011   0.01041   0.01031 149.50680   1.58572
  0.33200 149.45878  -4.19855   1.26546   0.00000  42.54988 128.58248  -2.46715   0.04271   0.00000 146.59169 -11.17868  -0.02202   0.00022   0.01075   0.01064 149.52310   1.60911
  0.33220 149.47318  -4.25969   1.28747   0.00000  42.52953 127.79076  -2.44144   0.05123   0.00000 146.62152 -11.18081  -0.02179  -0.00011   0.01108   0.01098 149.53941   1.63237
  0.33240 149.48910  -4.26941   1.30290   0.00000  42.52026 127.09309  -2.43544   0.05723   0.00000 146.65135 -11.18293  -0.02156   0.00022   0.01142   0.01131 149.55573   1.63592
  0.33260 149.50292  -4.32930   1.32506   0.00000  42.51989 126.21611  -2.41002   0.06574   0.00000 146.68118 -11.18506  -0.02133  -0.00011   0.01175   0.01165 149.57146   1.65871
  0.33280 149.51676  -4.38881   1.34721   0.00000  42.51901 125.34705  -2.38478   0.07426   0.00000 146.71102 -11.18718  -0.02110   0.00022   0.01209   0.01198 149.58722   1.68134
  0.33300 149.53060  -4.44795   1.36937   0.00000  42.51762 124.48487  -2.35971   0.08277   0.00000 146.74086 -11.18930  -0.02086  -0.00011   0.01242   0.01232 149.60300   1.70382
  0.33320 149.54444  -4.50672   1.39152   0.00000  42.51571 123.63052  -2.33481   0.09128   0.00000 146.77071 -11.19142  -0.02063   0.00022   0.01276   0.01265 149.61880   1.72616
  0.33340 149.55829  -4.56512   1.41366   0.00000  42.51328 122.78297  -2.31008   0.09979   0.00000 146.80055 -11.19354  -0.02040  -0.00011   0.01309   0.01299 149.63462   1.74836
  0.33360 149.57368  -4.57467   1.42924   0.00000  42.52196 122.02466  -2.30408   0.10579   0.00000 146.83041 -11.19566  -0.02017   0.00022   0.01343   0.01332 149.65044   1.75183
  0.33380 149.58454  -4.61969   1.44709   0.00000  42.07182 119.91739  -2.27968   0.11430   0.00000 146.86026 -11.19778  -0.01994  -0.00011   0.01376   0.01366 149.66286   1.76893
  0.33400 149.59544  -4.66366   1.46469   0.00000  41.62006 117.81621  -2.25569   0.12273   0.00000 146.89012 -11.19989  -0.01971   0.00022   0.01410   0.01400 149.67529   1.78563
  0.33420 149.60636  -4.70656   1.48203   0.00000  41.16667 115.71586  -2.23213   0.13106   0.00000 146.91998 -11.20200  -0.01948  -0.00011   0.01444   0.01433 149.68771   1.80191
  0.33440 149.61728  -4.74811   1.49913   0.00000  40.71166 113.59054  -2.20899   0.13930   0.00000 146.94984 -11.20410  -0.01925   0.00022   0.01477   0.01467 149.70011   1.81767
  0.33460 149.62819  -4.78831   1.51598   0.00000  40.25499 111.44010  -2.18627   0.14744   0.00000 146.97970 -11.20621  -0.01903  -0.00011   0.01511   0.01500 149.71246   1.83292
  0.33480 149.64053  -4.78479   1.52719   0.00000  39.80616 109.35987  -2.18027   0.15345   0.00000 147.00957 -11.20831  -0.01880   0.00022   0.01544   0.01534 149.72480   1.83142
  0.33500 149.64322  -4.79170   1.53365   0.00000  38.50757 104.56759  -2.15840   0.16142   0.00000 147.03944 -11.21040  -0.01858  -0.00011   0.01578   0.01567 149.72777   1.83403
  0.33520 149.64598  -4.79608   1.53940   0.00000  37.20528  99.77354  -2.13748   0.16912   0.00000 147.06931 -11.21249  -0.01835   0.00022   0.01611   0.01601 149.73073   1.83567
  0.33540 149.64882  -4.79796   1.54443   0.00000  35.89922  94.97828  -2.11753   0.17657   0.00000 147.09919 -11.21456  -0.01813  -0.00011   0.01645   0.01634 149.73368   1.83636
  0.33560 149.65175  -4.79733   1.54873   0.00000  34.58935  90.18435  -2.09853   0.18375   0.00000 147.12906 -11.21663  -0.01792   0.00022   0.01678   0.01668 149.73664   1.83608
  0.33580 149.65477  -4.79423   1.55231   0.00000  33.27561  85.39230  -2.08050   0.19068   0.00000 147.15894 -11.21868  -0.01770  -0.00011   0.01712   0.01701 149.73959   1.83486
  0.33600 149.65883  -4.75985   1.55343   0.00000  31.96097  80.66823  -2.07450   0.19668   0.00000 147.18882 -11.22072  -0.01749   0.00022   0.01745   0.01735 149.74256   1.82166
  0.33620 149.65730  -4.73705   1.55058   0.00000  30.57628  75.72888  -2.05836   0.20308   0.00000 147.21869 -11.22276  -0.01728  -0.00011   0.01779   0.01768 149.74028   1.81296
  0.33640 149.65588  -4.71184   1.54696   0.00000  29.18763  70.80627  -2.04322   0.20920   0.00000 147.24857 -11.22478  -0.01708   0.00022   0.01812   0.01802 149.73803   1.80333
  0.33660 149.65457  -4.68424   1.54256   0.00000  27.79496  65.90090  -2.02906   0.21504   0.00000 147.27845 -11.22679  -0.01688  -0.00011   0.01846   0.01835 149.73580   1.79279
  0.33680 149.65336  -4.65427   1.53737   0.00000  26.39826  61.01523  -2.01588   0.22060   0.00000 147.30833 -11.22879  -0.01668   0.00022   0.01879   0.01869 149.73361   1.78134
  0.33700 149.65224  -4.62177   1.53139   0.00000  24.99748  56.13025  -2.00367   0.22588   0.00000 147.33821 -11.23077  -0.01649  -0.00011   0.01913   0.01902 149.73142   1.76892
  0.33720 149.65161  -4.57301   1.52462   0.00000  23.59254  51.26566  -1.99767   0.23088   0.00000 147.36809 -11.23274  -0.01630   0.00022   0.01946   0.01936 149.72923   1.75028
  0.33740 149.65259  -4.53531   1.51699   0.00000  22.65392  47.79646  -1.98742   0.23561   0.00000 147.39798 -11.23470  -0.01612  -0.00011   0.01980   0.01969 149.72899   1.73585
  0.33760 149.65362  -4.49577   1.50881   0.00000  21.71232  44.32362  -1.97786   0.24014   0.00000 147.42786 -11.23664  -0.01594   0.00022   0.02013   0.02003 149.72874   1.72071
  0.33780 149.65470  -4.45437   1.50008   0.00000  20.76765  40.84593  -1.96900   0.24448   0.00000 147.45774 -11.23857  -0.01576  -0.00011   0.02047   0.02036 149.72849   1.70487
  0.33800 149.65582  -4.41112   1.49079   0.00000  19.81983  37.36420  -1.96083   0.24864   0.00000 147.48762 -11.24049  -0.01559   0.00022   0.02080   0.02070 149.72823   1.68831
  0.33820 149.65698  -4.36602   1.48093   0.00000  18.86878  33.87720  -1.95335   0.25261   0.00000 147.51751 -11.24240  -0.01542  -0.00011   0.02114   0.02103 149.72797   1.67105
  0.33840 149.65824  -4.31702   1.47051   0.00000  17.91442  30.38914  -1.94735   0.25638   0.00000 147.54739 -11.24429  -0.01525   0.00022   0.02147   0.02137 149.72771   1.65229
  0.33860 149.65879  -4.26820   1.45952   0.00000  17.37513  28.12148  -1.94128   0.25997   0.00000 147.57728 -11.24617  -0.01509  -0.00011   0.02181   0.02170 149.72676   1.63361
  0.33880 149.65936  -4.21815   1.44817   0.00000  16.83380  25.84854  -1.93565   0.26344   0.00000 147.60717 -11.24804  -0.01494   0.00022   0.02214   0.02204 149.72580   1.61445
  0.33900 149.65995  -4.16687   1.43646   0.00000  16.29036  23.56919  -1.93048   0.26681   0.00000 147.63705 -11.24989  -0.01479  -0.00011   0.02248   0.02237 149.72484   1.59483
  0.33920 149.66055  -4.11435   1.42439   0.00000  15.74475  21.28375  -1.92577   0.27007   0.00000 147.66694 -11.25173  -0.01464   0.00022   0.02281   0.02271 149.72387   1.57473
  0.33940 149.66118  -4.06054   1.41195   0.00000  15.19692  18.98572  -1.92151   0.27322   0.00000 147.69683 -11.25356  -0.01449  -0.00011   0.02315   0.02304 149.72291   1.55414
  0.33960 149.66182  -4.00542   1.39915   0.00000  14.64680  16.67583  -1.91771   0.27626   0.00000 147.72672 -11.25538  -0.01435   0.00022   0.02348   0.02338 149.72194   1.53305
  0.33980 149.66138  -3.94632   1.38504   0.00000  14.23179  14.74633  -1.91438   0.27920   0.00000 147.75661 -11.25718  -0.01422  -0.00011   0.02382   0.02371 149.71980   1.51044
  0.34000 149.66095  -3.88611   1.37062   0.00000  13.81493  12.80363  -1.91143   0.28204   0.00000 147.78650 -11.25897  -0.01409   0.00022   0.02415   0.02405 149.71767   1.48741
  0.34020 149.66053  -3.82476   1.35589   0.00000  13.39614  10.84648  -1.90887   0.28481   0.00000 147.81639 -11.26074  -0.01396  -0.00011   0.02449   0.02438 149.71553   1.46395
  0.34040 149.66011  -3.76228   1.34084   0.00000  12.97535   8.87564  -1.90670   0.28749   0.00000 147.84628 -11.26250  -0.01384   0.00022   0.02482   0.02472 149.71340   1.44005
  0.34060 149.65970  -3.69866   1.32546   0.00000  12.55250   6.88988  -1.90492   0.29009   0.00000 147.87617 -11.26425  -0.01372  -0.00011   0.02516   0.02505 149.71127   1.41571
  0.34080 149.65930  -3.63388   1.30975   0.00000  12.12750   4.88993  -1.90355   0.29260   0.00000 147.90606 -11.26599  -0.01361   0.00022   0.02549   0.02539 149.70914   1.39092
  0.34100 149.65857  -3.56716   1.29342   0.00000  11.74357   2.99884  -1.90257   0.29502   0.00000 147.93596 -11.26771  -0.01350  -0.00011   0.02583   0.02572 149.70666   1.36541
  0.34120 149.65787  -3.49947   1.27676   0.00000  11.35757   1.10562  -1.90197   0.29737   0.00000 147.96585 -11.26941  -0.01339   0.00022   0.02616   0.02606 149.70423   1.33951
  0.34140 149.65720  -3.43080   1.25977   0.00000  10.96941  -0.79075  -1.90175   0.29965   0.00000 147.99574 -11.27111  -0.01329  -0.00011   0.02650   0.02639 149.70182   1.31324
  0.34160 149.65656  -3.36115   1.24245   0.00000  10.57903  -2.68928  -1.90191   0.30184   0.00000 148.02563 -11.27279  -0.01320   0.00022   0.02683   0.02673 149.69946   1.28660
  0.34180 149.65595  -3.29052   1.22479   0.00000  10.18633  -4.59098  -1.90244   0.30396   0.00000 148.05553 -11.27445  -0.01310  -0.00011   0.02717   0.02706 149.69713   1.25957
  0.34200 149.65536  -3.21892   1.20678   0.00000   9.79121  -6.49487  -1.90336   0.30600   0.00000 148.08542 -11.27610  -0.01302   0.00022   0.02750   0.02740 149.69484   1.23218
  0.34220 149.65451  -3.14530   1.18803   0.00000   9.40318  -8.37642  -1.90466   0.30796   0.00000 148.11532 -11.27774  -0.01294  -0.00011   0.02784   0.02773 149.69227   1.20401
  0.34240 149.65368  -3.07071   1.16892   0.00000   9.01261 -10.26025  -1.90634   0.30984   0.00000 148.14521 -11.27936  -0.01286   0.00022   0.02817   0.02807 149.68974   1.17547
  0.34260 149.65288  -2.99524   1.14944   0.00000   8.61940 -12.14017  -1.90839   0.31164   0.00000 148.17510 -11.28097  -0.01279  -0.00011   0.02851   0.02840 149.68727   1.14660
  0.34280 149.65211  -2.91889   1.12958   0.00000   8.22347 -14.01433  -1.91082   0.31337   0.00000 148.20500 -11.28257  -0.01272   0.00022   0.02884   0.02874 149.68484   1.11738
  0.34300 149.65137  -2.84167   1.10934   0.00000   7.82469 -15.88361  -1.91362   0.31501   0.00000 148.23489 -11.28415  -0.01266  -0.00011   0.02918   0.02907 149.68246   1.08784
  0.34320 149.65066  -2.76359   1.08870   0.00000   7.42296 -17.74691  -1.91680   0.31658   0.00000 148.26479 -11.28572  -0.01260   0.00022   0.02951   0.02941 149.68014   1.05796
  0.34340 149.64929  -2.68207   1.06664   0.00000   7.03215 -19.56966  -1.92035   0.31806   0.00000 148.29469 -11.28727  -0.01255  -0.00011   0.02985   0.02974 149.67712   1.02677
  0.34360 149.64794  -2.59972   1.04416   0.00000   6.63825 -21.38610  -1.92426   0.31947   0.00000 148.32458 -11.28881  -0.01250   0.00022   0.03018   0.03008 149.67416   0.99526
  0.34380 149.64662  -2.51657   1.02126   0.00000   6.24113 -23.19702  -1.92854   0.32080   0.00000 148.35448 -11.29033  -0.01246  -0.00011   0.03052   0.03042 149.67126   0.96344
  0.34400 149.64532  -2.43260   0.99791   0.00000   5.84064 -25.00098  -1.93318   0.32205   0.00000 148.38437 -11.29185  -0.01242   0.00022   0.03086   0.03075 149.66842   0.93131
  0.34420 149.64404  -2.34786   0.97411   0.00000   5.43662 -26.79885  -1.93818   0.32322   0.00000 148.41427 -11.29334  -0.01239  -0.00011   0.03119   0.03109 149.66563   0.89887
  0.34440 149.64278  -2.26232   0.94983   0.00000   5.02890 -28.58949  -1.94354   0.32430   0.00000 148.44417 -11.29482  -0.01236   0.00022   0.03153   0.03142 149.66289   0.86614
  0.34460 149.64066  -2.17279   0.92371   0.00000   4.63590 -30.32941  -1.94925   0.32531   0.00000 148.47406 -11.29629  -0.01234  -0.00011   0.03186   0.03176 149.65929   0.83188
  0.34480 149.63857  -2.08253   0.89709   0.00000   4.23900 -32.06167  -1.95532   0.32624   0.00000 148.50396 -11.29774  -0.01233   0.00022   0.03220   0.03209 149.65575   0.79734
  0.34500 149.63652  -1.99179   0.86993   0.00000   3.83797 -33.76385  -1.96173   0.32709   0.00000 148.53386 -11.29918  -0.01232  -0.00011   0.03253   0.03243 149.65230   0.76261
  0.34520 149.63462  -1.90149   0.84222   0.00000   3.43260 -35.34456  -1.96849   0.32786   0.00000 148.56375 -11.30060  -0.01232   0.00022   0.03287   0.03276 149.64908   0.72805
  0.34540 149.63288  -1.81172   0.81395   0.00000   3.02278 -36.80536  -1.97555   0.32854   0.00000 148.59365 -11.30201  -0.01232  -0.00011   0.03320   0.03310 149.64606   0.69369
  0.34560 149.63124  -1.72603   0.78511   0.00000   2.60844 -38.15545  -1.98155   0.32915   0.00000 148.62355 -11.30340  -0.01233   0.00022   0.03287   0.03276 149.64326   0.66089
  0.34580 149.62931  -1.63574   0.75497   0.00000   2.19787 -39.35986  -1.98919   0.32967   0.00000 148.65344 -11.30478  -0.01234  -0.00011   0.03253   0.03243 149.64016   0.62633
  0.34600 149.62750  -1.54617   0.72422   0.00000   1.78077 -40.44342  -1.99706   0.33011   0.00000 148.68334 -11.30615  -0.01236   0.00022   0.03220   0.03209 149.63724   0.59204
  0.34620 149.62575  -1.45700   0.69284   0.00000   1.35721 -41.44732  -2.00515   0.33047   0.00000 148.71324 -11.30750  -0.01239  -0.00011   0.03186   0.03176 149.63445   0.55791
  0.34640 149.62401  -1.36767   0.66082   0.00000   0.92719 -42.43045  -2.01344   0.33074   0.00000 148.74313 -11.30884  -0.01242   0.00022   0.03153   0.03142 149.63172   0.52371
  0.34660 149.62230  -1.27821   0.62816   0.00000   0.49254 -43.39360  -2.02192   0.33092   0.00000 148.77303 -11.31016  -0.01246  -0.00011   0.03119   0.03109 149.62908   0.48946
  0.34680 149.62056  -1.19563   0.59483   0.00000   0.05327 -44.34886  -2.02792   0.33102   0.00000 148.80293 -11.31148  -0.01251   0.00022   0.03086   0.03075 149.62652   0.45785
  0.34700 149.61901  -1.10620   0.56111   0.00000  -0.38956 -45.27674  -2.03679   0.33103   0.00000 148.83282 -11.31277  -0.01256  -0.00011   0.03052   0.03042 149.62415   0.42360
  0.34720 149.61749  -1.01672   0.52665   0.00000  -0.83713 -46.18291  -2.04585   0.33095   0.00000 148.86272 -11.31406  -0.01263   0.00022   0.03018   0.03008 149.62187   0.38934
  0.34740 149.61600  -0.92720   0.49140   0.00000  -1.29003 -47.07192  -2.05508   0.33079   0.00000 148.89262 -11.31533  -0.01269  -0.00011   0.02985   0.02974 149.61968   0.35507
  0.34760 149.61451  -0.83764   0.45530   0.00000  -1.74914 -47.94625  -2.06450   0.33053   0.00000 148.92252 -11.31659  -0.01277   0.00022   0.02951   0.02941 149.61755   0.32078
  0.34780 149.61302  -0.74811   0.41827   0.00000  -2.21620 -48.80636  -2.07409   0.33018   0.00000 148.95241 -11.31783  -0.01285  -0.00011   0.02918   0.02907 149.61548   0.28649
  0.34800 149.61149  -0.66847   0.38023   0.00000  -2.69121 -49.66866  -2.08009   0.32973   0.00000 148.98231 -11.31907  -0.01294   0.00022   0.02884   0.02874 149.61347   0.25600
  0.34820 149.61106  -0.58265   0.34358   0.00000  -3.20108 -50.55204  -2.09002   0.32920   0.00000 149.01221 -11.32029  -0.01303  -0.00011   0.02851   0.02840 149.61259   0.22313
  0.34840 149.61063  -0.49702   0.30571   0.00000  -3.72272 -51.41768  -2.10013   0.32856   0.00000 149.04211 -11.32149  -0.01314   0.00022   0.02817   0.02807 149.61177   0.19034
  0.34860 149.61020  -0.41171   0.26646   0.00000  -4.25815 -52.26538  -2.11041   0.32781   0.00000 149.07201 -11.32269  -0.01325  -0.00011   0.02784   0.02773 149.61100   0.15767
  0.34880 149.60976  -0.32690   0.22558   0.00000  -4.81043 -53.09217  -2.12087   0.32696   0.00000 149.10190 -11.32387  -0.01336   0.00022   0.02750   0.02740 149.61029   0.12519
  0.34900 149.60933  -0.24291   0.18268   0.00000  -5.38428 -53.89515  -2.13149   0.32600   0.00000 149.13180 -11.32505  -0.01349  -0.00011   0.02717   0.02706 149.60964   0.09303
  0.34920 149.60883  -0.17273   0.13714   0.00000  -5.99040 -54.68936  -2.13749   0.32492   0.00000 149.16170 -11.32621  -0.01362   0.00022   0.02683   0.02673 149.60900   0.06615
  0.34940 149.60959  -0.09461   0.09282   0.00000  -6.67780 -55.51986  -2.14842   0.32372   0.00000 149.19160 -11.32736  -0.01377  -0.00011   0.02650   0.02639 149.60965   0.03623
  0.34960 149.61034  -0.02069   0.04300   0.00000  -7.44632 -56.26956  -2.15953   0.32238   0.00000 149.22150 -11.32850  -0.01392   0.00022   0.02616   0.02606 149.61035   0.00792
  0.34980 149.61106   0.03517  -0.02041   0.00000  -8.42309 -56.72045  -2.17078   0.32089   0.00000 149.25140 -11.32963  -0.01408  -0.00011   0.02583   0.02572 149.61107  -0.01347
  0.35000 149.61177   0.11950  -0.05811   0.00000  -8.98376 -57.61331  -2.18213   0.31921   0.00000 149.28130 -11.33076  -0.01425   0.00022   0.02549   0.02539 149.61183  -0.04576
  0.35020 149.61245   0.20647  -0.09186   0.00000  -9.47674 -58.53362  -2.19365   0.31741   0.00000 149.31120 -11.33187  -0.01443  -0.00011   0.02516   0.02505 149.61263  -0.07907
  0.35040 149.61316   0.27988  -0.12384   0.00000  -9.93560 -59.48657  -2.19965   0.31551   0.00000 149.34110 -11.33298  -0.01461   0.00022   0.02482   0.02472 149.61347  -0.10718
  0.35060 149.61488   0.36623  -0.15482   0.00000 -10.54945 -60.76631  -2.21155   0.31352   0.00000 149.37101 -11.33407  -0.01480  -0.00011   0.02449   0.02438 149.61541  -0.14025
  0.35080 149.61660   0.45358  -0.18514   0.00000 -11.13895 -62.04600  -2.22370   0.31141   0.00000 149.40091 -11.33515  -0.01499   0.00022   0.02415   0.02405 149.61741  -0.17370
  0.35100 149.61833   0.54181  -0.21502   0.00000 -11.70961 -63.32389  -2.23611   0.30918   0.00000 149.43081 -11.33622  -0.01519  -0.00011   0.02382   0.02371 149.61947  -0.20748
  0.35120 149.62006   0.63084  -0.24460   0.00000 -12.26509 -64.59684  -2.24877   0.30684   0.00000 149.46072 -11.33728  -0.01540   0.00022   0.02348   0.02338 149.62158  -0.24158
  0.35140 149.62174   0.72063  -0.27402   0.00000 -12.80941 -65.86417  -2.26169   0.30438   0.00000 149.49062 -11.33833  -0.01561  -0.00011   0.02315   0.02304 149.62373  -0.27595
  0.35160 149.62341   0.79239  -0.30337   0.00000 -13.34838 -67.15847  -2.26769   0.30182   0.00000 149.52053 -11.33936  -0.01582   0.00022   0.02281   0.02271 149.62581  -0.30343
  0.35180 149.62580   0.88242  -0.33270   0.00000 -14.14584 -69.08866  -2.28112   0.29915   0.00000 149.55044 -11.34039  -0.01604  -0.00011   0.02248   0.02237 149.62878  -0.33790
  0.35200 149.62816   0.97348  -0.36215   0.00000 -14.93241 -71.01191  -2.29494   0.29632   0.00000 149.58034 -11.34141  -0.01626   0.00022   0.02214   0.02204 149.63176  -0.37276
  0.35220 149.63046   1.06553  -0.39175   0.00000 -15.70947 -72.92852  -2.30914   0.29333   0.00000 149.61025 -11.34241  -0.01649  -0.00011   0.02181   0.02170 149.63477  -0.40800
  0.35240 149.63271   1.15852  -0.42153   0.00000 -16.47815 -74.83279  -2.32373   0.29018   0.00000 149.64016 -11.34340  -0.01672   0.00022   0.02147   0.02137 149.63779  -0.44360
  0.35260 149.63488   1.25240  -0.45152   0.00000 -17.23941 -76.72121  -2.33870   0.28688   0.00000 149.67007 -11.34438  -0.01696  -0.00011   0.02114   0.02103 149.64080  -0.47954
  0.35280 149.63719   1.32276  -0.48173   0.00000 -17.99406 -78.63864  -2.34470   0.28343   0.00000 149.69998 -11.34535  -0.01720   0.00022   0.02080   0.02070 149.64381  -0.50647
  0.35300 149.63917   1.41910  -0.51281   0.00000 -19.14130 -81.55513  -2.36042   0.27983   0.00000 149.72990 -11.34631  -0.01744  -0.00011   0.02047   0.02036 149.64677  -0.54335
  0.35320 149.64105   1.51683  -0.54433   0.00000 -20.28021 -84.45439  -2.37674   0.27600   0.00000 149.75981 -11.34726  -0.01769   0.00022   0.02013   0.02003 149.64973  -0.58076
  0.35340 149.64285   1.61592  -0.57632   0.00000 -21.41166 -87.33677  -2.39363   0.27194   0.00000 149.78972 -11.34820  -0.01794  -0.00011   0.01980   0.01969 149.65268  -0.61869
  0.35360 149.64445   1.71548  -0.60877   0.00000 -22.53639 -90.11159  -2.41109   0.26765   0.00000 149.81964 -11.34913  -0.01820   0.00022   0.01946   0.01936 149.65552  -0.65679
  0.35380 149.64582   1.81521  -0.64172   0.00000 -23.65560 -92.75755  -2.42912   0.26314   0.00000 149.84955 -11.35005  -0.01846  -0.00011   0.01913   0.01902 149.65821  -0.69497
  0.35400 149.64741   1.88254  -0.67519   0.00000 -24.77045 -95.36066  -2.43512   0.25841   0.00000 149.87947 -11.35095  -0.01873   0.00022   0.01879   0.01869 149.66077  -0.72073
  0.35420 149.64657   1.98196  -0.70922   0.00000 -26.27182 -98.82273  -2.45419   0.25345   0.00000 149.90939 -11.35185  -0.01900  -0.00011   0.01846   0.01835 149.66137  -0.75880
  0.35440 149.64549   2.08191  -0.74398   0.00000 -27.76947 -102.15401  -2.47395   0.24819   0.00000 149.93931 -11.35273  -0.01927   0.00022   0.01812   0.01802 149.66182  -0.79706
  0.35460 149.64422   2.18265  -0.77949   0.00000 -29.26468 -105.39144  -2.49438   0.24263   0.00000 149.96922 -11.35361  -0.01955  -0.00011   0.01779   0.01768 149.66216  -0.83563
  0.35480 149.64287   2.28502  -0.81577   0.00000 -30.75839 -108.62242  -2.51546   0.23677   0.00000 149.99914 -11.35447  -0.01983   0.00022   0.01745   0.01735 149.66254  -0.87483
  0.35500 149.64144   2.38903  -0.85281   0.00000 -32.25095 -111.84775  -2.53719   0.23062   0.00000 150.02906 -11.35533  -0.02012  -0.00011   0.01712   0.01701 149.66294  -0.91465
  0.35520 149.64062   2.45190  -0.88948   0.00000 -33.74476 -115.14313  -2.54319   0.22461   0.00000 150.05898 -11.35618  -0.02041   0.00022   0.01678   0.01668 149.66335  -0.93872
  0.35540 149.64261   2.54800  -0.92435   0.00000 -35.25379 -118.34128  -2.56621   0.21785   0.00000 150.08890 -11.35702  -0.02070  -0.00011   0.01645   0.01634 149.66716  -0.97549
  0.35560 149.64451   2.64572  -0.95999   0.00000 -36.76221 -121.53313  -2.58988   0.21080   0.00000 150.11882 -11.35785  -0.02100   0.00022   0.01611   0.01601 149.67097  -1.01288
  0.35580 149.64631   2.74505  -0.99643   0.00000 -38.27029 -124.71988  -2.61419   0.20344   0.00000 150.14874 -11.35867  -0.02130  -0.00011   0.01578   0.01567 149.67480  -1.05089
  0.35600 149.64802   2.84599  -1.03365   0.00000 -39.77827 -127.90046  -2.63913   0.19577   0.00000 150.17866 -11.35949  -0.02161   0.00022   0.01544   0.01534 149.67865  -1.08951
  0.35620 149.64963   2.94854  -1.07167   0.00000 -41.28638 -131.07570  -2.66471   0.18781   0.00000 150.20859 -11.36030  -0.02192  -0.00011   0.01511   0.01500 149.68251  -1.12875
  0.35640 149.65223   2.99988  -1.10461   0.00000 -42.80519 -134.33923  -2.67071   0.18180   0.00000 150.23851 -11.36110  -0.02223   0.00022   0.01477   0.01467 149.68637  -1.14838
  0.35660 149.66241   3.07623  -1.13358   0.00000 -43.47177 -135.16730  -2.69758   0.17323   0.00000 150.26844 -11.36190  -0.02255  -0.00011   0.01444   0.01433 149.69831  -1.17752
  0.35680 149.67252   3.15298  -1.16290   0.00000 -44.13826 -135.99053  -2.72461   0.16453   0.00000 150.29836 -11.36269  -0.02286   0.00022   0.01410   0.01400 149.71024  -1.20681
  0.35700 149.68257   3.23019  -1.19258   0.00000 -44.80473 -136.81702  -2.75181   0.15569   0.00000 150.32829 -11.36348  -0.02318  -0.00011   0.01376   0.01366 149.72217  -1.23627
  0.35720 149.69256   3.30789  -1.22260   0.00000 -45.47124 -137.64675  -2.77918   0.14672   0.00000 150.35823 -11.36427  -0.02350   0.00022   0.01343   0.01332 149.73410  -1.26591
  0.35740 149.70249   3.38605  -1.25297   0.00000 -46.13785 -138.48072  -2.80671   0.13762   0.00000 150.38816 -11.36507  -0.02382  -0.00011   0.01309   0.01299 149.74603  -1.29573
  0.35760 149.71374   3.40795  -1.27529   0.00000 -46.81947 -139.41546  -2.81271   0.13161   0.00000 150.41810 -11.36586  -0.02415   0.00022   0.01276   0.01265 149.75795  -1.30401
  0.35780 149.72728   3.47013  -1.30010   0.00000 -46.86209 -138.56775  -2.84059   0.12223   0.00000 150.44804 -11.36664  -0.02447  -0.00011   0.01242   0.01232 149.77313  -1.32767
  0.35800 149.74079   3.53190  -1.32492   0.00000 -46.90416 -137.72239  -2.86830   0.11285   0.00000 150.47798 -11.36743  -0.02479   0.00022   0.01209   0.01198 149.78830  -1.35117
  0.35820 149.75427   3.59326  -1.34976   0.00000 -46.94566 -136.88035  -2.89585   0.10346   0.00000 150.50793 -11.36823  -0.02512  -0.00011   0.01175   0.01165 149.80346  -1.37451
  0.35840 149.76773   3.65422  -1.37462   0.00000 -46.98662 -136.04062  -2.92322   0.09405   0.00000 150.53787 -11.36902  -0.02544   0.00022   0.01142   0.01131 149.81861  -1.39770
  0.35860 149.78117   3.71485  -1.39950   0.00000 -47.02703 -135.21251  -2.95043   0.08465   0.00000 150.56783 -11.36982  -0.02577  -0.00011   0.01108   0.01098 149.83377  -1.42075
  0.35880 149.79607   3.72007  -1.41552   0.00000 -47.08257 -134.48532  -2.95643   0.07864   0.00000 150.59778 -11.37062  -0.02609   0.00022   0.01075   0.01064 149.84894  -1.42260
  0.35900 149.81035   3.77937  -1.44018   0.00000 -47.08824 -133.58281  -2.98333   0.06921   0.00000 150.62774 -11.37142  -0.02641  -0.00011   0.01041   0.01031 149.86494  -1.44513
  0.35920 149.82464   3.83834  -1.46484   0.00000 -47.09331 -132.69362  -3.01004   0.05978   0.00000 150.65770 -11.37223  -0.02674   0.00022   0.01008   0.00997 149.88096  -1.46753
  0.35940 149.83893   3.89699  -1.48951   0.00000 -47.09779 -131.81870  -3.03658   0.05035   0.00000 150.68766 -11.37303  -0.02706  -0.00011   0.00974   0.00964 149.89700  -1.48980
  0.35960 149.85321   3.95533  -1.51417   0.00000 -47.10181 -130.95696  -3.06295   0.04091   0.00000 150.71763 -11.37384  -0.02739   0.00022   0.00941   0.00930 149.91305  -1.51195
  0.35980 149.86750   4.01336  -1.53883   0.00000 -47.10523 -130.10935  -3.08914   0.03148   0.00000 150.74760 -11.37465  -0.02771  -0.00011   0.00907   0.00897 149.92913  -1.53398
  0.36000 149.88329   4.01860  -1.55457   0.00000 -47.12381 -129.35780  -3.09514   0.02547   0.00000 150.77757 -11.37547  -0.02804   0.00022   0.00874   0.00863 149.94521  -1.53582
  0.36020 149.89702   4.07637  -1.57940   0.00000 -47.14733 -128.57943  -3.12101   0.01603   0.00000 150.80755 -11.37628  -0.02836  -0.00011   0.00840   0.00830 149.96076  -1.55774
  0.36040 149.91076   4.13388  -1.60424   0.00000 -47.17028 -127.81407  -3.14673   0.00659   0.00000 150.83753 -11.37710  -0.02868   0.00022   0.00807   0.00796 149.97633  -1.57956
  0.36060 149.92450   4.19112  -1.62908   0.00000 -47.19267 -127.06266  -3.17229  -0.00286   0.00000 150.86751 -11.37792  -0.02901  -0.00011   0.00773   0.00763 149.99191  -1.60128
  0.36080 149.93824   4.24806  -1.65394   0.00000 -47.21450 -126.31860  -3.19770  -0.01231   0.00000 150.89749 -11.37875  -0.02933   0.00022   0.00740   0.00729 150.00752  -1.62288
  0.36100 149.95198   4.30469  -1.67881   0.00000 -47.23577 -125.58212  -3.22296  -0.02177   0.00000 150.92748 -11.37957  -0.02966  -0.00011   0.00706   0.00696 150.02315  -1.64435
  0.36120 149.96726   4.31090  -1.69468   0.00000 -47.27234 -124.93532  -3.22896  -0.02778   0.00000 150.95747 -11.38040  -0.02998   0.00022   0.00673   0.00662 150.03878  -1.64655
  0.36140 149.97847   4.35716  -1.71574   0.00000 -46.88885 -123.17923  -3.25395  -0.03725   0.00000 150.98747 -11.38123  -0.03031  -0.00011   0.00639   0.00629 150.05156  -1.66408
  0.36160 149.98970   4.40255  -1.73660   0.00000 -46.50417 -121.42838  -3.27859  -0.04664   0.00000 151.01747 -11.38206  -0.03063   0.00022   0.00606   0.00595 150.06435  -1.68128
  0.36180 150.00096   4.44710  -1.75724   0.00000 -46.11829 -119.68367  -3.30287  -0.05596   0.00000 151.04746 -11.38289  -0.03095  -0.00011   0.00572   0.00562 150.07715  -1.69816
  0.36200 150.01224   4.49079  -1.77767   0.00000 -45.73119 -117.94400  -3.32681  -0.06520   0.00000 151.07747 -11.38373  -0.03127   0.00022   0.00539   0.00528 150.08997  -1.71470
  0.36220 150.02354   4.53362  -1.79789   0.00000 -45.34288 -116.21027  -3.35040  -0.07436   0.00000 151.10747 -11.38458  -0.03160  -0.00011   0.00505   0.00495 150.10280  -1.73092
  0.36240 150.03633   4.53040  -1.80988   0.00000 -44.96746 -114.55633  -3.35640  -0.08037   0.00000 151.13748 -11.38543  -0.03192   0.00022   0.00472   0.00461 150.11562  -1.72954
  0.36260 150.04035   4.54327  -1.81838   0.00000 -43.58267 -110.34464  -3.37931  -0.08938   0.00000 151.16749 -11.38628  -0.03224  -0.00011   0.00438   0.00428 150.12013  -1.73441
  0.36280 150.04444   4.55397  -1.82612   0.00000 -42.19513 -106.13450  -3.40138  -0.09811   0.00000 151.19750 -11.38714  -0.03255   0.00022   0.00405   0.00394 150.12464  -1.73844
  0.36300 150.04860   4.56247  -1.83311   0.00000 -40.80478 -101.92665  -3.42261  -0.10656   0.00000 151.22751 -11.38801  -0.03287  -0.00011   0.00371   0.00361 150.12914  -1.74164
  0.36320 150.05284   4.56880  -1.83934   0.00000 -39.41155 -97.71985  -3.44299  -0.11474   0.00000 151.25752 -11.38889  -0.03318   0.00022   0.00338   0.00327 150.13365  -1.74400
  0.36340 150.05715   4.57293  -1.84481   0.00000 -38.01540 -93.51483  -3.46254  -0.12264   0.00000 151.28753 -11.38978  -0.03349  -0.00011   0.00304   0.00294 150.13815  -1.74552
  0.36360 150.06260   4.54155  -1.84533   0.00000 -36.62365 -89.36555  -3.46854  -0.12865   0.00000 151.31754 -11.39068  -0.03379   0.00022   0.00271   0.00260 150.14265  -1.73349
  0.36380 150.05942   4.52190  -1.84132   0.00000 -34.85608 -84.27636  -3.48641  -0.13598   0.00000 151.34756 -11.39159  -0.03409  -0.00011   0.00237   0.00227 150.13883  -1.72603
  0.36400 150.05633   4.49959  -1.83635   0.00000 -33.08496 -79.18547  -3.50326  -0.14297   0.00000 151.37757 -11.39251  -0.03439   0.00022   0.00204   0.00193 150.13501  -1.71756
  0.36420 150.05334   4.47459  -1.83040   0.00000 -31.31019 -74.09358  -3.51910  -0.14960   0.00000 151.40758 -11.39345  -0.03468  -0.00011   0.00170   0.00160 150.13120  -1.70805
  0.36440 150.05043   4.44691  -1.82346   0.00000 -29.53164 -68.99940  -3.53392  -0.15587   0.00000 151.43759 -11.39440  -0.03497   0.00022   0.00137   0.00126 150.12738  -1.69753
  0.36460 150.04761   4.41655  -1.81555   0.00000 -27.74918 -63.90366  -3.54772  -0.16179   0.00000 151.46760 -11.39536  -0.03525  -0.00011   0.00103   0.00093 150.12357  -1.68598
  0.36480 150.04539   4.36571  -1.80666   0.00000 -25.96269 -58.83448  -3.55372  -0.16735   0.00000 151.49761 -11.39634  -0.03553   0.00022   0.00070   0.00059 150.11976  -1.66660
  0.36500 150.04540   4.32821  -1.79595   0.00000 -24.65672 -54.92014  -3.56549  -0.17255   0.00000 151.52761 -11.39733  -0.03580  -0.00011   0.00036   0.00026 150.11856  -1.65230
  0.36520 150.04547   4.28864  -1.78450   0.00000 -23.34748 -51.00155  -3.57647  -0.17749   0.00000 151.55762 -11.39833  -0.03607   0.00022   0.00003  -0.00008 150.11735  -1.63720
  0.36540 150.04559   4.24698  -1.77231   0.00000 -22.03487 -47.07949  -3.58667  -0.18217   0.00000 151.58762 -11.39934  -0.03634  -0.00011  -0.00031  -0.00041 150.11614  -1.62130
  0.36560 150.04577   4.20323  -1.75936   0.00000 -20.71876 -43.15275  -3.59609  -0.18659   0.00000 151.61763 -11.40037  -0.03660   0.00022  -0.00064  -0.00075 150.11494  -1.60461
  0.36580 150.04600   4.15740  -1.74565   0.00000 -19.39901 -39.22212  -3.60472  -0.19074   0.00000 151.64763 -11.40142  -0.03685  -0.00011  -0.00098  -0.00108 150.11373  -1.58712
  0.36600 150.04641   4.10461  -1.73119   0.00000 -18.07550 -35.29187  -3.61072  -0.19463   0.00000 151.67764 -11.40247  -0.03710   0.00022  -0.00131  -0.00142 150.11252  -1.56697
  0.36620 150.04675   4.05542  -1.71633   0.00000 -17.32967 -32.72563  -3.61778  -0.19825   0.00000 151.70764 -11.40354  -0.03734  -0.00011  -0.00165  -0.00175 150.11136  -1.54820
  0.36640 150.04713   4.00480  -1.70099   0.00000 -16.58143 -30.14779  -3.62432  -0.20172   0.00000 151.73764 -11.40463  -0.03758   0.00022  -0.00198  -0.00209 150.11020  -1.52888
  0.36660 150.04752   3.95273  -1.68519   0.00000 -15.83069 -27.55904  -3.63035  -0.20505   0.00000 151.76764 -11.40573  -0.03782  -0.00011  -0.00232  -0.00242 150.10904  -1.50900
  0.36680 150.04795   3.89921  -1.66892   0.00000 -15.07734 -24.95808  -3.63586  -0.20822   0.00000 151.79764 -11.40684  -0.03805   0.00022  -0.00266  -0.00276 150.10788  -1.48858
  0.36700 150.04839   3.84423  -1.65217   0.00000 -14.32128 -22.34562  -3.64085  -0.21124   0.00000 151.82764 -11.40796  -0.03827  -0.00011  -0.00299  -0.00310 150.10672  -1.46759
  0.36720 150.04886   3.78778  -1.63493   0.00000 -13.56238 -19.72037  -3.64532  -0.21411   0.00000 151.85764 -11.40910  -0.03849   0.00022  -0.00333  -0.00343 150.10557  -1.44605
  0.36740 150.04813   3.72728  -1.61609   0.00000 -13.07007 -17.70746  -3.64927  -0.21683   0.00000 151.88764 -11.41025  -0.03871  -0.00011  -0.00366  -0.00377 150.10312  -1.42297
  0.36760 150.04741   3.66563  -1.59690   0.00000 -12.57570 -15.68019  -3.65281  -0.21945   0.00000 151.91763 -11.41142  -0.03892   0.00022  -0.00400  -0.00410 150.10068  -1.39945
  0.36780 150.04670   3.60280  -1.57733   0.00000 -12.07921 -13.63934  -3.65594  -0.22197   0.00000 151.94763 -11.41260  -0.03912  -0.00011  -0.00433  -0.00444 150.09824  -1.37548
  0.36800 150.04602   3.53892  -1.55740   0.00000 -11.58048 -11.59494  -3.65867  -0.22439   0.00000 151.97763 -11.41379  -0.03932   0.00022  -0.00467  -0.00477 150.09583  -1.35110
  0.36820 150.04538   3.47397  -1.53709   0.00000 -11.07943  -9.54880  -3.66099  -0.22671   0.00000 152.00762 -11.41500  -0.03951  -0.00011  -0.00500  -0.00511 150.09346  -1.32632
  0.36840 150.04477   3.40798  -1.51640   0.00000 -10.57598  -7.49993  -3.66290  -0.22893   0.00000 152.03761 -11.41622  -0.03970   0.00022  -0.00534  -0.00544 150.09113  -1.30114
  0.36860 150.04376   3.33991  -1.49486   0.00000 -10.13732  -5.60055  -3.66440  -0.23105   0.00000 152.06761 -11.41746  -0.03989  -0.00011  -0.00567  -0.00578 150.08838  -1.27517
  0.36880 150.04279   3.27087  -1.47296   0.00000  -9.69639  -3.69823  -3.66552  -0.23308   0.00000 152.09760 -11.41871  -0.04007   0.00022  -0.00601  -0.00611 150.08566  -1.24883
  0.36900 150.04184   3.20086  -1.45068   0.00000  -9.25309  -1.79399  -3.66626  -0.23502   0.00000 152.12759 -11.41998  -0.04024  -0.00011  -0.00634  -0.00645 150.08299  -1.22211
  0.36920 150.04092   3.12988  -1.42802   0.00000  -8.80732   0.11319  -3.66662  -0.23688   0.00000 152.15758 -11.42126  -0.04040   0.00022  -0.00668  -0.00678 150.08036  -1.19503
  0.36940 150.04003   3.05795  -1.40498   0.00000  -8.35898   2.02090  -3.66660  -0.23864   0.00000 152.18756 -11.42255  -0.04057  -0.00011  -0.00701  -0.00712 150.07777  -1.16758
  0.36960 150.03917   2.98514  -1.38154   0.00000  -7.90796   3.92383  -3.66619  -0.24032   0.00000 152.21755 -11.42386  -0.04072   0.00022  -0.00735  -0.00745 150.07523  -1.13979
  0.36980 150.03814   2.91074  -1.35737   0.00000  -7.46825   5.79039  -3.66541  -0.24190   0.00000 152.24754 -11.42518  -0.04087  -0.00011  -0.00768  -0.00779 150.07251  -1.11140
  0.37000 150.03713   2.83550  -1.33280   0.00000  -7.02572   7.65195  -3.66425  -0.24340   0.00000 152.27752 -11.42652  -0.04102   0.00022  -0.00802  -0.00812 150.06984  -1.08268
  0.37020 150.03616   2.75940  -1.30780   0.00000  -6.58026   9.50739  -3.66272  -0.24481   0.00000 152.30750 -11.42787  -0.04116  -0.00011  -0.00835  -0.00846 150.06723  -1.05364
  0.37040 150.03521   2.68247  -1.28238   0.00000  -6.13172  11.35758  -3.66082  -0.24613   0.00000 152.33748 -11.42924  -0.04129   0.00022  -0.00869  -0.00879 150.06467  -1.02428
  0.37060 150.03430   2.60471  -1.25651   0.00000  -5.67999  13.20141  -3.65855  -0.24736   0.00000 152.36747 -11.43062  -0.04142  -0.00011  -0.00902  -0.00913 150.06217  -0.99460
  0.37080 150.03341   2.52613  -1.23020   0.00000  -5.22489  15.03965  -3.65591  -0.24849   0.00000 152.39745 -11.43202  -0.04154   0.00022  -0.00936  -0.00946 150.05972  -0.96460
  0.37100 150.03211   2.44514  -1.20263   0.00000  -4.77688  16.84910  -3.65290  -0.24954   0.00000 152.42742 -11.43342  -0.04166  -0.00011  -0.00969  -0.00980 150.05685  -0.93369
  0.37120 150.03083   2.36337  -1.17459   0.00000  -4.32527  18.65230  -3.64953  -0.25050   0.00000 152.45740 -11.43485  -0.04177   0.00022  -0.01003  -0.01013 150.05404  -0.90248
  0.37140 150.02957   2.28083  -1.14606   0.00000  -3.86989  20.44809  -3.64580  -0.25136   0.00000 152.48738 -11.43629  -0.04187  -0.00011  -0.01036  -0.01047 150.05128  -0.87097
  0.37160 150.02833   2.19754  -1.11701   0.00000  -3.41054  22.23730  -3.64171  -0.25214   0.00000 152.51735 -11.43774  -0.04197   0.00022  -0.01070  -0.01080 150.04858  -0.83918
  0.37180 150.02711   2.11350  -1.08744   0.00000  -2.94700  24.01876  -3.63726  -0.25282   0.00000 152.54733 -11.43921  -0.04206  -0.00011  -0.01103  -0.01114 150.04594  -0.80710
  0.37200 150.02592   2.02874  -1.05732   0.00000  -2.47905  25.79327  -3.63246  -0.25341   0.00000 152.57730 -11.44069  -0.04214   0.00022  -0.01137  -0.01147 150.04336  -0.77474
  0.37220 150.02413   1.94160  -1.02527   0.00000  -2.02490  27.42992  -3.62730  -0.25391   0.00000 152.60727 -11.44218  -0.04222  -0.00011  -0.01170  -0.01181 150.04020  -0.74148
  0.37240 150.02250   1.85493  -0.99263   0.00000  -1.56618  28.94988  -3.62181  -0.25432   0.00000 152.63724 -11.44370  -0.04230   0.00022  -0.01204  -0.01214 150.03725  -0.70839
  0.37260 150.02103   1.76879  -0.95941   0.00000  -1.10280  30.35276  -3.61602  -0.25463   0.00000 152.66721 -11.44522  -0.04236  -0.00011  -0.01237  -0.01248 150.03453  -0.67550
  0.37280 150.01971   1.68325  -0.92558   0.00000  -0.63468  31.64024  -3.60995  -0.25485   0.00000 152.69718 -11.44676  -0.04242   0.00022  -0.01271  -0.01281 150.03201  -0.64284
  0.37300 150.01854   1.59835  -0.89114   0.00000  -0.16140  32.81209  -3.60362  -0.25498   0.00000 152.72714 -11.44831  -0.04247  -0.00011  -0.01304  -0.01315 150.02970  -0.61043
  0.37320 150.01747   1.51563  -0.85608   0.00000   0.31777  33.87403  -3.59762  -0.25501   0.00000 152.75711 -11.44988  -0.04252   0.00022  -0.01271  -0.01281 150.02757  -0.57884
  0.37340 150.01574   1.42895  -0.81901   0.00000   0.78359  34.86195  -3.59085  -0.25495   0.00000 152.78707 -11.45146  -0.04255  -0.00011  -0.01237  -0.01248 150.02478  -0.54575
  0.37360 150.01402   1.34217  -0.78128   0.00000   1.25479  35.82994  -3.58388  -0.25479   0.00000 152.81703 -11.45305  -0.04258   0.00022  -0.01204  -0.01214 150.02206  -0.51261
  0.37380 150.01231   1.25531  -0.74287   0.00000   1.73159  36.77676  -3.57671  -0.25454   0.00000 152.84699 -11.45466  -0.04261  -0.00011  -0.01170  -0.01181 150.01940  -0.47944
  0.37400 150.01062   1.16840  -0.70375   0.00000   2.21339  37.70312  -3.56936  -0.25419   0.00000 152.87695 -11.45628  -0.04262   0.00022  -0.01137  -0.01147 150.01682  -0.44626
  0.37420 150.00897   1.08148  -0.66389   0.00000   2.69996  38.60773  -3.56181  -0.25375   0.00000 152.90691 -11.45792  -0.04263  -0.00011  -0.01103  -0.01114 150.01434  -0.41306
  0.37440 150.00733   0.99909  -0.62324   0.00000   3.19201  39.49967  -3.55581  -0.25321   0.00000 152.93687 -11.45956  -0.04263   0.00022  -0.01070  -0.01080 150.01195  -0.38160
  0.37460 150.00593   0.91279  -0.58231   0.00000   3.69375  40.37695  -3.54791  -0.25257   0.00000 152.96683 -11.46123  -0.04262  -0.00011  -0.01036  -0.01047 150.00984  -0.34864
  0.37480 150.00455   0.82653  -0.54050   0.00000   4.20211  41.23984  -3.53984  -0.25183   0.00000 152.99678 -11.46290  -0.04261   0.00022  -0.01003  -0.01013 150.00780  -0.31570
  0.37500 150.00317   0.74037  -0.49773   0.00000   4.71800  42.08670  -3.53159  -0.25099   0.00000 153.02674 -11.46459  -0.04258  -0.00011  -0.00969  -0.00980 150.00582  -0.28279
  0.37520 150.00179   0.65439  -0.45391   0.00000   5.24285  42.91769  -3.52317  -0.25004   0.00000 153.05669 -11.46629  -0.04255   0.00022  -0.00936  -0.00946 150.00390  -0.24995
  0.37540 150.00041   0.56867  -0.40893   0.00000   5.77785  43.73079  -3.51459  -0.24899   0.00000 153.08664 -11.46800  -0.04251  -0.00011  -0.00902  -0.00913 150.00204  -0.21721
  0.37560 149.99900   0.49054  -0.36266   0.00000   6.32457  44.53858  -3.50859  -0.24783   0.00000 153.11659 -11.46973  -0.04246   0.00022  -0.00869  -0.00879 150.00024  -0.18737
  0.37580 149.99867   0.40888  -0.31786   0.00000   6.91433  45.36372  -3.49968  -0.24657   0.00000 153.14654 -11.47146  -0.04241  -0.00011  -0.00835  -0.00846 149.99956  -0.15618
  0.37600 149.99833   0.32789  -0.27142   0.00000   7.52159  46.16671  -3.49061  -0.24518   0.00000 153.17649 -11.47321  -0.04234   0.00022  -0.00802  -0.00812 149.99894  -0.12525
  0.37620 149.99800   0.24790  -0.22301   0.00000   8.15073  46.94222  -3.48138  -0.24367   0.00000 153.20644 -11.47498  -0.04227  -0.00011  -0.00768  -0.00779 149.99837  -0.09469
  0.37640 149.99766   0.16946  -0.17211   0.00000   8.80871  47.68392  -3.47199  -0.24204   0.00000 153.23639 -11.47675  -0.04219   0.00022  -0.00735  -0.00745 149.99786  -0.06473
  0.37660 149.99732   0.09361  -0.11783   0.00000   9.50784  48.37657  -3.46245  -0.24027   0.00000 153.26633 -11.47853  -0.04209  -0.00011  -0.00701  -0.00712 149.99740  -0.03576
  0.37680 149.99695   0.03264  -0.05830   0.00000  10.27402  49.00245  -3.45645  -0.23837   0.00000 153.29628 -11.48032  -0.04199   0.00022  -0.00668  -0.00678 149.99697  -0.01247
  0.37700 149.99773  -0.02694   0.00429   0.00000  11.28776  49.56622  -3.44665  -0.23631   0.00000 153.32622 -11.48213  -0.04188  -0.00011  -0.00634  -0.00645 149.99773   0.01029
  0.37720 149.99848  -0.11942   0.02058   0.00000  11.47833  50.69745  -3.43674  -0.23405   0.00000 153.35617 -11.48393  -0.04175   0.00022  -0.00601  -0.00611 149.99853   0.04562
  0.37740 149.99921  -0.21226   0.03778   0.00000  11.68271  51.81609  -3.42660  -0.23175   0.00000 153.38611 -11.48576  -0.04163  -0.00011  -0.00567  -0.00578 149.99936   0.08108
  0.37760 149.99990  -0.30553   0.05543   0.00000  11.89273  52.92440  -3.41624  -0.22941   0.00000 153.41605 -11.48759  -0.04150   0.00022  -0.00534  -0.00544 150.00022   0.11670
  0.37780 150.00060  -0.39925   0.07340   0.00000  12.10550  54.02173  -3.40565  -0.22703   0.00000 153.44600 -11.48944  -0.04137  -0.00011  -0.00500  -0.00511 150.00115   0.15250
  0.37800 150.00129  -0.48084   0.09163   0.00000  12.32045  55.13185  -3.39965  -0.22460   0.00000 153.47594 -11.49130  -0.04123   0.00022  -0.00467  -0.00477 150.00209   0.18367
  0.37820 150.00306  -0.57267   0.10985   0.00000  12.61882  56.61603  -3.38862  -0.22213   0.00000 153.50588 -11.49318  -0.04110  -0.00011  -0.00433  -0.00444 150.00419   0.21874
  0.37840 150.00482  -0.66516   0.12829   0.00000  12.91817  58.08999  -3.37730  -0.21960   0.00000 153.53582 -11.49507  -0.04096   0.00022  -0.00400  -0.00410 150.00635   0.25406
  0.37860 150.00657  -0.75831   0.14694   0.00000  13.21835  59.55246  -3.36568  -0.21702   0.00000 153.56576 -11.49697  -0.04082  -0.00011  -0.00366  -0.00377 150.00856   0.28964
  0.37880 150.00828  -0.85211   0.16580   0.00000  13.51932  61.00443  -3.35377  -0.21437   0.00000 153.59570 -11.49888  -0.04068   0.00022  -0.00333  -0.00343 150.01079   0.32546
  0.37900 150.00995  -0.94656   0.18487   0.00000  13.82094  62.44484  -3.34157  -0.21166   0.00000 153.62564 -11.50080  -0.04053  -0.00011  -0.00299  -0.00310 150.01305   0.36153
  0.37920 150.01167  -1.02467   0.20412   0.00000  14.12321  63.90527  -3.33557  -0.20889   0.00000 153.65558 -11.50274  -0.04039   0.00022  -0.00266  -0.00276 150.01531   0.39136
  0.37940 150.01383  -1.12016   0.22372   0.00000  14.59915  66.17070  -3.32279  -0.20606   0.00000 153.68552 -11.50469  -0.04024  -0.00011  -0.00232  -0.00242 150.01818   0.42782
  0.37960 150.01592  -1.21665   0.24360   0.00000  15.07573  68.41698  -3.30956  -0.20314   0.00000 153.71546 -11.50665  -0.04008   0.00022  -0.00198  -0.00209 150.02105   0.46467
  0.37980 150.01793  -1.31411   0.26375   0.00000  15.55291  70.64294  -3.29587  -0.20012   0.00000 153.74540 -11.50863  -0.03993  -0.00011  -0.00165  -0.00175 150.02392   0.50188
  0.38000 150.01986  -1.41254   0.28417   0.00000  16.03078  72.84937  -3.28174  -0.19700   0.00000 153.77534 -11.51062  -0.03977   0.00022  -0.00131  -0.00142 150.02678   0.53946
  0.38020 150.02171  -1.51193   0.30487   0.00000  16.50920  75.03509  -3.26717  -0.19379   0.00000 153.80528 -11.51262  -0.03961  -0.00011  -0.00098  -0.00108 150.02964   0.57741
  0.38040 150.02373  -1.58869   0.32584   0.00000  16.98814  77.24482  -3.26117  -0.19048   0.00000 153.83521 -11.51463  -0.03945   0.00022  -0.00064  -0.00075 150.03249   0.60672
  0.38060 150.02486  -1.69075   0.34752   0.00000  17.72006  80.53970  -3.24573  -0.18708   0.00000 153.86515 -11.51665  -0.03928  -0.00011  -0.00031  -0.00041 150.03479   0.64568
  0.38080 150.02578  -1.79317   0.36961   0.00000  18.45296  83.69983  -3.22962  -0.18353   0.00000 153.89509 -11.51869  -0.03912   0.00022   0.00003  -0.00008 150.03695   0.68479
  0.38100 150.02646  -1.89588   0.39211   0.00000  19.18730  86.72369  -3.21288  -0.17983   0.00000 153.92503 -11.52074  -0.03895  -0.00011   0.00036   0.00026 150.03895   0.72401
  0.38120 150.02692  -1.99881   0.41504   0.00000  19.92350  89.61185  -3.19553  -0.17599   0.00000 153.95496 -11.52280  -0.03877   0.00022   0.00070   0.00059 150.04081   0.76331
  0.38140 150.02716  -2.10189   0.43839   0.00000  20.66196  92.36300  -3.17761  -0.17200   0.00000 153.98490 -11.52487  -0.03860  -0.00011   0.00103   0.00093 150.04252   0.80266
  0.38160 150.02768  -2.17288   0.46217   0.00000  21.40303  95.08631  -3.17161  -0.16786   0.00000 154.01483 -11.52695  -0.03842   0.00022   0.00137   0.00126 150.04413   0.82977
  0.38180 150.02534  -2.27577   0.48615   0.00000  22.36014  98.69570  -3.15259  -0.16357   0.00000 154.04477 -11.52905  -0.03824  -0.00011   0.00170   0.00160 150.04338   0.86907
  0.38200 150.02291  -2.38047   0.51068   0.00000  23.32062 102.29831  -3.13285  -0.15909   0.00000 154.07470 -11.53115  -0.03806   0.00022   0.00204   0.00193 150.04266   0.90906
  0.38220 150.02040  -2.48698   0.53575   0.00000  24.28441 105.89303  -3.11239  -0.15442   0.00000 154.10464 -11.53327  -0.03787  -0.00011   0.00237   0.00227 150.04197   0.94974
  0.38240 150.01780  -2.59530   0.56138   0.00000  25.25146 109.48076  -3.09122  -0.14956   0.00000 154.13457 -11.53539  -0.03769   0.00022   0.00271   0.00260 150.04130   0.99111
  0.38260 150.01512  -2.70542   0.58756   0.00000  26.22171 113.06048  -3.06932  -0.14450   0.00000 154.16450 -11.53753  -0.03750  -0.00011   0.00304   0.00294 150.04066   1.03318
  0.38280 150.01313  -2.77386   0.61427   0.00000  27.19509 116.70991  -3.06332  -0.13925   0.00000 154.19443 -11.53967  -0.03730   0.00022   0.00338   0.00327 150.04003   1.05932
  0.38300 150.01640  -2.87150   0.63819   0.00000  28.06470 119.72695  -3.03998  -0.13380   0.00000 154.22436 -11.54183  -0.03711  -0.00011   0.00371   0.00361 150.04524   1.09658
  0.38320 150.01958  -2.97067   0.66259   0.00000  28.93679 122.73848  -3.01603  -0.12818   0.00000 154.25429 -11.54400  -0.03691   0.00022   0.00405   0.00394 150.05045   1.13442
  0.38340 150.02266  -3.07136   0.68748   0.00000  29.81135 125.74340  -2.99148  -0.12239   0.00000 154.28422 -11.54617  -0.03671  -0.00011   0.00438   0.00428 150.05567   1.17283
  0.38360 150.02564  -3.17356   0.71286   0.00000  30.68836 128.74263  -2.96634  -0.11641   0.00000 154.31415 -11.54835  -0.03651   0.00022   0.00472   0.00461 150.06090   1.21182
  0.38380 150.02853  -3.27735   0.73873   0.00000  31.56780 131.74337  -2.94059  -0.11027   0.00000 154.34409 -11.55053  -0.03631  -0.00011   0.00505   0.00495 150.06614   1.25142
  0.38400 150.03251  -3.32946   0.76423   0.00000  32.45104 134.83879  -2.93459  -0.10426   0.00000 154.37402 -11.55273  -0.03610   0.00022   0.00539   0.00528 150.07139   1.27127
  0.38420 150.04331  -3.40586   0.78419   0.00000  32.74987 135.23996  -2.90762  -0.09776   0.00000 154.40395 -11.55493  -0.03589  -0.00011   0.00572   0.00562 150.08401   1.30035
  0.38440 150.05407  -3.48252   0.80431   0.00000  33.04910 135.64527  -2.88057  -0.09120   0.00000 154.43389 -11.55713  -0.03568   0.00022   0.00606   0.00595 150.09663   1.32951
  0.38460 150.06477  -3.55944   0.82460   0.00000  33.34874 136.05372  -2.85344  -0.08459   0.00000 154.46382 -11.55934  -0.03548  -0.00011   0.00639   0.00629 150.10924   1.35876
  0.38480 150.07542  -3.63661   0.84505   0.00000  33.64877 136.46634  -2.82623  -0.07791   0.00000 154.49376 -11.56154  -0.03527   0.00022   0.00673   0.00662 150.12185   1.38811
  0.38500 150.08602  -3.71408   0.86566   0.00000  33.94919 136.88572  -2.79894  -0.07117   0.00000 154.52371 -11.56375  -0.03506  -0.00011   0.00706   0.00696 150.13447   1.41757
  0.38520 150.09800  -3.73585   0.88433   0.00000  34.25355 137.41043  -2.79294  -0.06516   0.00000 154.55365 -11.56596  -0.03485   0.00022   0.00740   0.00729 150.14709   1.42576
  0.38540 150.11173  -3.80117   0.90226   0.00000  34.25330 136.56352  -2.76546  -0.05830   0.00000 154.58360 -11.56816  -0.03464  -0.00011   0.00773   0.00763 150.16256   1.45055
  0.38560 150.12546  -3.86620   0.92018   0.00000  34.25254 135.73243  -2.73814  -0.05144   0.00000 154.61355 -11.57037  -0.03443   0.00022   0.00807   0.00796 150.17805   1.47522
  0.38580 150.13918  -3.93097   0.93810   0.00000  34.25127 134.91610  -2.71100  -0.04459   0.00000 154.64350 -11.57258  -0.03421  -0.00011   0.00840   0.00830 150.19357   1.49978
  0.38600 150.15291  -3.99546   0.95602   0.00000  34.24949 134.11547  -2.68401  -0.03773   0.00000 154.67346 -11.57478  -0.03400   0.00022   0.00874   0.00863 150.20910   1.52424
  0.38620 150.16663  -4.05970   0.97394   0.00000  34.24721 133.32948  -2.65719  -0.03087   0.00000 154.70342 -11.57699  -0.03379  -0.00011   0.00907   0.00897 150.22465   1.54859
  0.38640 150.18182  -4.06941   0.98959   0.00000  34.24822 132.64255  -2.65119  -0.02486   0.00000 154.73338 -11.57919  -0.03358   0.00022   0.00941   0.00930 150.24020   1.55214
  0.38660 150.19615  -4.13259   1.00738   0.00000  34.22987 131.81102  -2.62466  -0.01801   0.00000 154.76335 -11.58139  -0.03337  -0.00011   0.00974   0.00964 150.25637   1.57607
  0.38680 150.21048  -4.19549   1.02516   0.00000  34.21097 130.99480  -2.59830  -0.01115   0.00000 154.79332 -11.58360  -0.03316   0.00022   0.01008   0.00997 150.27256   1.59990
  0.38700 150.22482  -4.25806   1.04293   0.00000  34.19152 130.18753  -2.57210  -0.00431   0.00000 154.82329 -11.58580  -0.03295  -0.00011   0.01041   0.01031 150.28877   1.62359
  0.38720 150.23915  -4.32030   1.06069   0.00000  34.17152 129.38857  -2.54606   0.00254   0.00000 154.85327 -11.58800  -0.03274   0.00022   0.01075   0.01064 150.30500   1.64715
  0.38740 150.25350  -4.38220   1.07843   0.00000  34.15096 128.59687  -2.52019   0.00938   0.00000 154.88325 -11.59019  -0.03253  -0.00011   0.01108   0.01098 150.32126   1.67058
  0.38760 150.26936  -4.39200   1.09395   0.00000  34.13358 127.89701  -2.51419   0.01539   0.00000 154.91323 -11.59239  -0.03232   0.00022   0.01142   0.01131 150.33751   1.67414
  0.38780 150.28298  -4.45382   1.11181   0.00000  34.13123 127.19121  -2.48861   0.02222   0.00000 154.94322 -11.59459  -0.03211  -0.00011   0.01175   0.01165 150.35307   1.69753
  0.38800 150.29660  -4.51534   1.12967   0.00000  34.12836 126.49364  -2.46317   0.02905   0.00000 154.97321 -11.59678  -0.03189   0.00022   0.01209   0.01198 150.36865   1.72081
  0.38820 150.31023  -4.57659   1.14752   0.00000  34.12499 125.80327  -2.43787   0.03588   0.00000 155.00320 -11.59898  -0.03168  -0.00011   0.01242   0.01232 150.38426   1.74398
  0.38840 150.32386  -4.63756   1.16537   0.00000  34.12111 125.12107  -2.41271   0.04272   0.00000 155.03320 -11.60117  -0.03147   0.00022   0.01276   0.01265 150.39989   1.76704
  0.38860 150.33749  -4.69825   1.18321   0.00000  34.11672 124.44599  -2.38768   0.04955   0.00000 155.06320 -11.60336  -0.03126  -0.00011   0.01309   0.01299 150.41554   1.78999
  0.38880 150.35269  -4.70906   1.19886   0.00000  34.11551 123.85906  -2.38168   0.05555   0.00000 155.09320 -11.60555  -0.03105   0.00022   0.01343   0.01332 150.43119   1.79392
  0.38900 150.36298  -4.75298   1.21263   0.00000  33.69231 121.52855  -2.35691   0.06238   0.00000 155.12320 -11.60774  -0.03084  -0.00011   0.01376   0.01366 150.44297   1.81052
  0.38920 150.37326  -4.79543   1.22616   0.00000  33.26773 119.17223  -2.33261   0.06912   0.00000 155.15321 -11.60993  -0.03063   0.00022   0.01410   0.01400 150.45470   1.82655
  0.38940 150.38355  -4.83638   1.23946   0.00000  32.84175 116.79000  -2.30877   0.07578   0.00000 155.18322 -11.61211  -0.03042  -0.00011   0.01444   0.01433 150.46640   1.84202
  0.38960 150.39383  -4.87585   1.25252   0.00000  32.41433 114.38379  -2.28541   0.08236   0.00000 155.21324 -11.61429  -0.03021   0.00022   0.01477   0.01467 150.47806   1.85691
  0.38980 150.40412  -4.91382   1.26535   0.00000  31.98546 111.95353  -2.26254   0.08885   0.00000 155.24325 -11.61646  -0.03001  -0.00011   0.01511   0.01500 150.48969   1.87123
  0.39000 150.41585  -4.90744   1.27687   0.00000  31.55685 109.59282  -2.25654   0.09485   0.00000 155.27327 -11.61863  -0.02980   0.00022   0.01544   0.01534 150.50130   1.86866
  0.39020 150.41789  -4.91188   1.28116   0.00000  30.45234 104.57028  -2.23462   0.10117   0.00000 155.30329 -11.62080  -0.02959  -0.00011   0.01578   0.01567 150.50352   1.87032
  0.39040 150.42001  -4.91366   1.28484   0.00000  29.34489  99.54718  -2.21371   0.10726   0.00000 155.33332 -11.62295  -0.02939   0.00022   0.01611   0.01601 150.50573   1.87097
  0.39060 150.42223  -4.91282   1.28791   0.00000  28.23443  94.52414  -2.19380   0.11313   0.00000 155.36334 -11.62510  -0.02919  -0.00011   0.01645   0.01634 150.50794   1.87063
  0.39080 150.42454  -4.90936   1.29036   0.00000  27.12091  89.50381  -2.17489   0.11879   0.00000 155.39337 -11.62723  -0.02899   0.00022   0.01678   0.01668 150.51016   1.86928
  0.39100 150.42693  -4.90330   1.29220   0.00000  26.00430  84.48679  -2.15699   0.12421   0.00000 155.42339 -11.62935  -0.02880  -0.00011   0.01712   0.01701 150.51237   1.86695
  0.39120 150.43037  -4.86617   1.29339   0.00000  24.88451  79.53662  -2.15099   0.12942   0.00000 155.45342 -11.63147  -0.02860   0.00022   0.01745   0.01735 150.51462   1.85278
  0.39140 150.42822  -4.84057   1.29003   0.00000  23.71010  74.37926  -2.13508   0.13440   0.00000 155.48345 -11.63357  -0.02841  -0.00011   0.01779   0.01768 150.51161   1.84306
  0.39160 150.42619  -4.81244   1.28600   0.00000  22.53250  69.24013  -2.12021   0.13914   0.00000 155.51348 -11.63566  -0.02822   0.00022   0.01812   0.01802 150.50864   1.83238
  0.39180 150.42427  -4.78180   1.28131   0.00000  21.35168  64.11977  -2.10636   0.14365   0.00000 155.54351 -11.63773  -0.02804  -0.00011   0.01846   0.01835 150.50571   1.82075
  0.39200 150.42246  -4.74869   1.27596   0.00000  20.16760  59.02074  -2.09354   0.14793   0.00000 155.57354 -11.63979  -0.02786   0.00022   0.01879   0.01869 150.50280   1.80817
  0.39220 150.42076  -4.71312   1.26994   0.00000  18.98023  53.94355  -2.08173   0.15196   0.00000 155.60357 -11.64184  -0.02768  -0.00011   0.01913   0.01902 150.49994   1.79466
  0.39240 150.41958  -4.66259   1.26325   0.00000  17.78953  48.91521  -2.07573   0.15576   0.00000 155.63360 -11.64388  -0.02751   0.00022   0.01946   0.01936 150.49713   1.77544
  0.39260 150.42009  -4.62150   1.25572   0.00000  16.95266  45.19037  -2.06595   0.15932   0.00000 155.66363 -11.64590  -0.02734  -0.00011   0.01980   0.01969 150.49631   1.75980
  0.39280 150.42066  -4.57841   1.24770   0.00000  16.11330  41.46115  -2.05691   0.16271   0.00000 155.69366 -11.64790  -0.02717   0.00022   0.02013   0.02003 150.49549   1.74339
  0.39300 150.42127  -4.53331   1.23920   0.00000  15.27139  37.72631  -2.04862   0.16594   0.00000 155.72369 -11.64990  -0.02700  -0.00011   0.02047   0.02036 150.49467   1.72622
  0.39320 150.42193  -4.48620   1.23020   0.00000  14.42685  33.98662  -2.04107   0.16900   0.00000 155.75373 -11.65188  -0.02684   0.00022   0.02080   0.02070 150.49384   1.70829
  0.39340 150.42263  -4.43708   1.22071   0.00000  13.57960  30.24084  -2.03428   0.17188   0.00000 155.78376 -11.65385  -0.02669  -0.00011   0.02114   0.02103 150.49301   1.68959
  0.39360 150.42338  -4.38581   1.21071   0.00000  12.72957  26.48993  -2.02828   0.17460   0.00000 155.81379 -11.65580  -0.02653   0.00022   0.02147   0.02137 150.49218   1.67007
  0.39380 150.42374  -4.33322   1.20038   0.00000  12.25283  24.09489  -2.02298   0.17715   0.00000 155.84383 -11.65775  -0.02638  -0.00011   0.02181   0.02170 150.49092   1.65005
  0.39400 150.42411  -4.27932   1.18973   0.00000  11.77434  21.69386  -2.01816   0.17960   0.00000 155.87387 -11.65967  -0.02623   0.00022   0.02214   0.02204 150.48967   1.62953
  0.39420 150.42450  -4.22410   1.17878   0.00000  11.29407  19.28568  -2.01382   0.18196   0.00000 155.90390 -11.66159  -0.02609  -0.00011   0.02248   0.02237 150.48841   1.60851
  0.39440 150.42490  -4.16756   1.16751   0.00000  10.81194  16.87121  -2.00996   0.18422   0.00000 155.93394 -11.66349  -0.02595   0.00022   0.02281   0.02271 150.48715   1.58699
  0.39460 150.42532  -4.10966   1.15592   0.00000  10.32790  14.44617  -2.00659   0.18638   0.00000 155.96398 -11.66538  -0.02581  -0.00011   0.02315   0.02304 150.48589   1.56495
  0.39480 150.42575  -4.05035   1.14401   0.00000   9.84189  12.00800  -2.00370   0.18845   0.00000 155.99402 -11.66725  -0.02568   0.00022   0.02348   0.02338 150.48462   1.54237
  0.39500 150.42499  -3.98670   1.13095   0.00000   9.48523  10.02036  -2.00130   0.19042   0.00000 156.02406 -11.66911  -0.02555  -0.00011   0.02382   0.02371 150.48206   1.51815
  0.39520 150.42424  -3.92187   1.11763   0.00000   9.12699   8.01817  -1.99929   0.19231   0.00000 156.05409 -11.67096  -0.02542   0.00022   0.02415   0.02405 150.47950   1.49348
  0.39540 150.42349  -3.85585   1.10403   0.00000   8.76711   6.00015  -1.99769   0.19414   0.00000 156.08413 -11.67280  -0.02530  -0.00011   0.02449   0.02438 150.47695   1.46836
  0.39560 150.42274  -3.78862   1.09017   0.00000   8.40554   3.96704  -1.99649   0.19590   0.00000 156.11417 -11.67461  -0.02518   0.00022   0.02482   0.02472 150.47439   1.44278
  0.39580 150.42200  -3.72020   1.07603   0.00000   8.04221   1.91758  -1.99570   0.19758   0.00000 156.14421 -11.67642  -0.02507  -0.00011   0.02516   0.02505 150.47184   1.41673
  0.39600 150.42126  -3.65054   1.06161   0.00000   7.67704  -0.14751  -1.99531   0.19919   0.00000 156.17426 -11.67821  -0.02495   0.00022   0.02549   0.02539 150.46930   1.39023
  0.39620 150.42014  -3.57876   1.04663   0.00000   7.35117  -2.08297  -1.99534   0.20072   0.00000 156.20430 -11.67999  -0.02485  -0.00011   0.02583   0.02572 150.46635   1.36291
  0.39640 150.41905  -3.50594   1.03137   0.00000   7.02352  -4.02102  -1.99576   0.20219   0.00000 156.23434 -11.68175  -0.02474   0.00022   0.02616   0.02606 150.46344   1.33520
  0.39660 150.41799  -3.43210   1.01584   0.00000   6.69405  -5.96271  -1.99656   0.20360   0.00000 156.26438 -11.68350  -0.02464  -0.00011   0.02650   0.02639 150.46057   1.30710
  0.39680 150.41695  -3.35724   1.00002   0.00000   6.36267  -7.90706  -1.99776   0.20494   0.00000 156.29442 -11.68523  -0.02455   0.00022   0.02683   0.02673 150.45774   1.27860
  0.39700 150.41594  -3.28135   0.98392   0.00000   6.02931  -9.85510  -1.99934   0.20621   0.00000 156.32446 -11.68695  -0.02445  -0.00011   0.02717   0.02706 150.45495   1.24972
  0.39720 150.41495  -3.20443   0.96752   0.00000   5.69390 -11.80585  -2.00131   0.20742   0.00000 156.35451 -11.68866  -0.02436   0.00022   0.02750   0.02740 150.45219   1.22044
  0.39740 150.41369  -3.12535   0.95048   0.00000   5.36472 -13.73263  -2.00367   0.20856   0.00000 156.38455 -11.69035  -0.02428  -0.00011   0.02784   0.02773 150.44915   1.19034
  0.39760 150.41244  -3.04530   0.93314   0.00000   5.03337 -15.65901  -2.00642   0.20963   0.00000 156.41459 -11.69203  -0.02420   0.00022   0.02817   0.02807 150.44616   1.15987
  0.39780 150.41123  -2.96433   0.91548   0.00000   4.69976 -17.58065  -2.00955   0.21064   0.00000 156.44464 -11.69369  -0.02412  -0.00011   0.02851   0.02840 150.44322   1.12905
  0.39800 150.41005  -2.88243   0.89750   0.00000   4.36380 -19.49646  -2.01306   0.21158   0.00000 156.47468 -11.69534  -0.02405   0.00022   0.02884   0.02874 150.44034   1.09787
  0.39820 150.40889  -2.79962   0.87919   0.00000   4.02538 -21.40736  -2.01696   0.21245   0.00000 156.50472 -11.69697  -0.02398  -0.00011   0.02918   0.02907 150.43751   1.06635
  0.39840 150.40776  -2.71591   0.86054   0.00000   3.68440 -23.31225  -2.02124   0.21326   0.00000 156.53477 -11.69859  -0.02392   0.00022   0.02884   0.02874 150.43474   1.03448
  0.39860 150.40591  -2.62839   0.84064   0.00000   3.35405 -25.17266  -2.02591   0.21400   0.00000 156.56481 -11.70019  -0.02386  -0.00011   0.02851   0.02840 150.43122   1.00116
  0.39880 150.40408  -2.54001   0.82038   0.00000   3.02181 -27.02669  -2.03094   0.21467   0.00000 156.59485 -11.70178  -0.02380   0.00022   0.02817   0.02807 150.42776   0.96751
  0.39900 150.40227  -2.45077   0.79976   0.00000   2.68755 -28.87483  -2.03635   0.21527   0.00000 156.62490 -11.70335  -0.02375  -0.00011   0.02784   0.02840 150.42436   0.93354
  0.39920 150.40048  -2.36069   0.77876   0.00000   2.35031 -30.71595  -2.04212   0.21581   0.00000 156.65494 -11.70491  -0.02370   0.00022   0.02817   0.02807 150.42102   0.89924
  0.39940 150.39871  -2.26976   0.75737   0.00000   2.01073 -32.55096  -2.04826   0.21628   0.00000 156.68499 -11.70646  -0.02366  -0.00011   0.02784   0.02840 150.41774   0.86462
  0.39960 150.39693  -2.17935   0.73557   0.00000   1.66784 -34.38105  -2.05426   0.21668   0.00000 156.71503 -11.70798  -0.02362   0.00022   0.02750   0.02807 150.41452   0.83019
  0.39980 150.39424  -2.08310   0.71212   0.00000   1.33926 -36.15275  -2.06114   0.21702   0.00000 156.74508 -11.70950  -0.02359  -0.00011   0.02717   0.02773 150.41035   0.79355
  0.40000 150.39160  -1.98645   0.68823   0.00000   1.00794 -37.87901  -2.06837   0.21729   0.00000 156.77512 -11.71100  -0.02356   0.00022   0.02683   0.02740 150.40630   0.75675
  0.40020 150.38913  -1.89028   0.66389   0.00000   0.67371 -39.47696  -2.07595   0.21749   0.00000 156.80517 -11.71248  -0.02354  -0.00011   0.02650   0.02706 150.40248   0.72013
  0.40040 150.38681  -1.79465   0.63905   0.00000   0.33477 -40.94623  -2.08384   0.21762   0.00000 156.83521 -11.71395  -0.02352   0.00022   0.02616   0.02673 150.39887   0.68371
  0.40060 150.38461  -1.69963   0.61371   0.00000  -0.00977 -42.28855  -2.09203   0.21769   0.00000 156.86526 -11.71540  -0.02350  -0.00011   0.02583   0.02639 150.39546   0.64752
  0.40080 150.38249  -1.61167   0.58789   0.00000  -0.35673 -43.52059  -2.09803   0.21769   0.00000 156.89530 -11.71684  -0.02349   0.00022   0.02549   0.02606 150.39228   0.61402
  0.40100 150.38021  -1.51674   0.56117   0.00000  -0.70528 -44.60325  -2.10674   0.21762   0.00000 156.92535 -11.71826  -0.02349  -0.00011   0.02516   0.02572 150.38891   0.57787
  0.40120 150.37798  -1.42179   0.53394   0.00000  -1.05793 -45.64150  -2.11566   0.21747   0.00000 156.95539 -11.71967  -0.02349   0.00022   0.02482   0.02539 150.38565   0.54170
  0.40140 150.37580  -1.32662   0.50619   0.00000  -1.41327 -46.65935  -2.12478   0.21726   0.00000 156.98544 -11.72106  -0.02350  -0.00011   0.02449   0.02505 150.38250   0.50545
  0.40160 150.37365  -1.23124   0.47789   0.00000  -1.77167 -47.65563  -2.13412   0.21698   0.00000 157.01548 -11.72244  -0.02351   0.00022   0.02415   0.02472 150.37945   0.46912
  0.40180 150.37154  -1.13571   0.44900   0.00000  -2.13352 -48.63113  -2.14365   0.21663   0.00000 157.04553 -11.72381  -0.02353  -0.00011   0.02382   0.02438 150.37650   0.43273
  0.40200 150.36938  -1.04979   0.41949   0.00000  -2.50028 -49.60256  -2.14965   0.21620   0.00000 157.07557 -11.72516  -0.02356   0.00022   0.02348   0.02405 150.37363   0.40000
  0.40220 150.36745  -0.95428   0.38970   0.00000  -2.87073 -50.54510  -2.15957   0.21570   0.00000 157.10561 -11.72650  -0.02358  -0.00011   0.02315   0.02371 150.37098   0.36361
  0.40240 150.36551  -0.85861   0.35919   0.00000  -3.24724 -51.47351  -2.16968   0.21512   0.00000 157.13566 -11.72782  -0.02362   0.00022   0.02281   0.02338 150.36839   0.32716
  0.40260 150.36356  -0.76280   0.32789   0.00000  -3.63044 -52.38840  -2.17997   0.21447   0.00000 157.16570 -11.72913  -0.02366  -0.00011   0.02248   0.02304 150.36585   0.29066
  0.40280 150.36161  -0.66691   0.29571   0.00000  -4.02107 -53.28824  -2.19045   0.21375   0.00000 157.19575 -11.73043  -0.02371   0.00022   0.02214   0.02271 150.36338   0.25413
  0.40300 150.35966  -0.57101   0.26254   0.00000  -4.42012 -54.17338  -2.20111   0.21294   0.00000 157.22580 -11.73171  -0.02376  -0.00011   0.02181   0.02237 150.36097   0.21759
  0.40320 150.35765  -0.48786   0.22823   0.00000  -4.82978 -55.06437  -2.20711   0.21206   0.00000 157.25584 -11.73298  -0.02382   0.00022   0.02147   0.02204 150.35862   0.18590
  0.40340 150.35687  -0.39609   0.19526   0.00000  -5.26971 -55.97930  -2.21812   0.21109   0.00000 157.28589 -11.73424  -0.02389  -0.00011   0.02114   0.02170 150.35752   0.15094
  0.40360 150.35609  -0.30457   0.16075   0.00000  -5.72586 -56.87561  -2.22932   0.21004   0.00000 157.31593 -11.73548  -0.02396   0.00022   0.02080   0.02137 150.35648   0.11606
  0.40380 150.35529  -0.21357   0.12427   0.00000  -6.20470 -57.75074  -2.24069   0.20889   0.00000 157.34598 -11.73671  -0.02404  -0.00011   0.02047   0.02103 150.35550   0.08138
  0.40400 150.35448  -0.12362   0.08497   0.00000  -6.71761 -58.59661  -2.25224   0.20765   0.00000 157.37602 -11.73793  -0.02412   0.00022   0.02013   0.02070 150.35456   0.04711
  0.40420 150.35365  -0.03619   0.04089   0.00000  -7.29073 -59.39503  -2.26396   0.20630   0.00000 157.40607 -11.73914  -0.02421  -0.00011   0.01980   0.02036 150.35366   0.01379
  0.40440 150.35281   0.02469  -0.01645   0.00000  -8.03693 -60.05665  -2.26996   0.20484   0.00000 157.43612 -11.74033  -0.02431   0.00022   0.01946   0.02003 150.35281  -0.00941
  0.40460 150.35323   0.10931  -0.05770   0.00000  -8.68312 -60.97579  -2.28197   0.20324   0.00000 157.46616 -11.74152  -0.02442  -0.00011   0.01913   0.01969 150.35328  -0.04166
  0.40480 150.35362   0.19780  -0.09346   0.00000  -9.23092 -61.94349  -2.29417   0.20150   0.00000 157.49621 -11.74269  -0.02454   0.00022   0.01879   0.01936 150.35378  -0.07538
  0.40500 150.35402   0.28801  -0.12687   0.00000  -9.73258 -62.92435  -2.30656   0.19965   0.00000 157.52626 -11.74386  -0.02466  -0.00011   0.01846   0.01902 150.35435  -0.10975
  0.40520 150.35442   0.37937  -0.15893   0.00000 -10.20538 -63.90743  -2.31914   0.19770   0.00000 157.55631 -11.74501  -0.02479   0.00022   0.01812   0.01869 150.35498  -0.14457
  0.40540 150.35482   0.47163  -0.19011   0.00000 -10.65756 -64.88939  -2.33192   0.19566   0.00000 157.58636 -11.74615  -0.02493  -0.00011   0.01779   0.01835 150.35568  -0.17972
  0.40560 150.35516   0.54635  -0.22073   0.00000 -11.09880 -65.89917  -2.33792   0.19353   0.00000 157.61641 -11.74728  -0.02507   0.00022   0.01745   0.01802 150.35632  -0.20820
  0.40580 150.35670   0.63707  -0.25046   0.00000 -11.69715 -67.27054  -2.35110   0.19130   0.00000 157.64646 -11.74840  -0.02522  -0.00011   0.01712   0.01768 150.35826  -0.24276
  0.40600 150.35819   0.72863  -0.27995   0.00000 -12.28142 -68.63625  -2.36456   0.18896   0.00000 157.67651 -11.74950  -0.02537   0.00022   0.01678   0.01735 150.36022  -0.27765
  0.40620 150.35965   0.82099  -0.30928   0.00000 -12.85389 -69.99621  -2.37828   0.18650   0.00000 157.70656 -11.75060  -0.02552  -0.00011   0.01645   0.01701 150.36221  -0.31284
  0.40640 150.36106   0.91410  -0.33852   0.00000 -13.41628 -71.34856  -2.39228   0.18393   0.00000 157.73661 -11.75168  -0.02568   0.00022   0.01611   0.01668 150.36422  -0.34832
  0.40660 150.36243   1.00794  -0.36772   0.00000 -13.96993 -72.69366  -2.40655   0.18125   0.00000 157.76667 -11.75275  -0.02585  -0.00011   0.01578   0.01634 150.36626  -0.38407
  0.40680 150.36392   1.08009  -0.39692   0.00000 -14.51592 -74.06968  -2.41255   0.17845   0.00000 157.79672 -11.75382  -0.02601   0.00022   0.01544   0.01601 150.36832  -0.41156
  0.40700 150.36589   1.17478  -0.42639   0.00000 -15.37341 -76.23189  -2.42737   0.17554   0.00000 157.82677 -11.75487  -0.02619  -0.00011   0.01511   0.01567 150.37108  -0.44763
  0.40720 150.36778   1.27050  -0.45608   0.00000 -16.22112 -78.37764  -2.44261   0.17247   0.00000 157.85683 -11.75590  -0.02637   0.00022   0.01477   0.01534 150.37384  -0.48410
  0.40740 150.36960   1.36724  -0.48599   0.00000 -17.06013 -80.50730  -2.45829   0.16922   0.00000 157.88689 -11.75693  -0.02655  -0.00011   0.01444   0.01500 150.37660  -0.52095
  0.40760 150.37133   1.46496  -0.51615   0.00000 -17.89134 -82.61928  -2.47439   0.16580   0.00000 157.91694 -11.75795  -0.02673   0.00022   0.01410   0.01467 150.37935  -0.55817
  0.40780 150.37297   1.56365  -0.54659   0.00000 -18.71555 -84.71411  -2.49091   0.16222   0.00000 157.94700 -11.75896  -0.02692  -0.00011   0.01376   0.01433 150.38210  -0.59577
  0.40800 150.37485   1.63461  -0.57731   0.00000 -19.53344 -86.84293  -2.49691   0.15848   0.00000 157.97706 -11.75995  -0.02712   0.00022   0.01343   0.01400 150.38484  -0.62279
  0.40820 150.37573   1.73548  -0.60912   0.00000 -20.79457 -90.03667  -2.51428   0.15457   0.00000 158.00712 -11.76093  -0.02732  -0.00011   0.01309   0.01366 150.38698  -0.66122
  0.40840 150.37639   1.83674  -0.64146   0.00000 -22.04812 -93.09856  -2.53229   0.15040   0.00000 158.03718 -11.76191  -0.02752   0.00022   0.01276   0.01332 150.38897  -0.69979
  0.40860 150.37681   1.93828  -0.67436   0.00000 -23.29553 -96.02865  -2.55091   0.14599   0.00000 158.06725 -11.76287  -0.02773  -0.00011   0.01242   0.01299 150.39081  -0.73847
  0.40880 150.37699   2.04005  -0.70784   0.00000 -24.53811 -98.82512  -2.57011   0.14132   0.00000 158.09731 -11.76382  -0.02794   0.00022   0.01209   0.01265 150.39250  -0.77724
  0.40900 150.37694   2.14194  -0.74192   0.00000 -25.77704 -101.48834  -2.58988   0.13641   0.00000 158.12737 -11.76476  -0.02815  -0.00011   0.01175   0.01232 150.39402  -0.81605
  0.40920 150.37732   2.20735  -0.77663   0.00000 -27.01342 -104.18104  -2.59588   0.13125   0.00000 158.15743 -11.76569  -0.02837   0.00022   0.01142   0.01198 150.39552  -0.84097
  0.40940 150.37461   2.30887  -0.81131   0.00000 -28.59159 -107.72360  -2.61672   0.12584   0.00000 158.18750 -11.76661  -0.02860  -0.00011   0.01108   0.01165 150.39452  -0.87966
  0.40960 150.37183   2.41219  -0.84679   0.00000 -30.16726 -111.25991  -2.63826   0.12012   0.00000 158.21756 -11.76752  -0.02883   0.00022   0.01075   0.01131 150.39356  -0.91903
  0.40980 150.36895   2.51731  -0.88307   0.00000 -31.74085 -114.79070  -2.66051   0.11408   0.00000 158.24763 -11.76843  -0.02906  -0.00011   0.01041   0.01098 150.39261  -0.95909
  0.41000 150.36599   2.62423  -0.92016   0.00000 -33.31274 -118.31472  -2.68347   0.10772   0.00000 158.27769 -11.76932  -0.02929   0.00022   0.01008   0.01064 150.39170  -0.99984
  0.41020 150.36293   2.73293  -0.95806   0.00000 -34.88328 -121.83296  -2.70713   0.10105   0.00000 158.30776 -11.77020  -0.02954  -0.00011   0.00974   0.01031 150.39081  -1.04127
  0.41040 150.36068   2.79521  -0.99424   0.00000 -36.45711 -125.42789  -2.71313   0.09505   0.00000 158.33782 -11.77108  -0.02978   0.00022   0.00941   0.00997 150.38994  -1.06501
  0.41060 150.36556   2.88673  -1.02667   0.00000 -37.67478 -127.88438  -2.73822   0.08775   0.00000 158.36788 -11.77194  -0.03003  -0.00011   0.00907   0.00964 150.39677  -1.09983
  0.41080 150.37036   2.97950  -1.05973   0.00000 -38.89175 -130.33542  -2.76380   0.08020   0.00000 158.39795 -11.77280  -0.03028   0.00022   0.00874   0.00930 150.40361  -1.13513
  0.41100 150.37507   3.07350  -1.09343   0.00000 -40.10822 -132.78187  -2.78986   0.07242   0.00000 158.42802 -11.77366  -0.03053  -0.00011   0.00840   0.00897 150.41045  -1.17090
  0.41120 150.37968   3.16875  -1.12777   0.00000 -41.32438 -135.22258  -2.81642   0.06439   0.00000 158.45809 -11.77451  -0.03079   0.00022   0.00807   0.00863 150.41729  -1.20714
  0.41140 150.38420   3.26529  -1.16274   0.00000 -42.54040 -137.66568  -2.84346   0.05611   0.00000 158.48816 -11.77535  -0.03105  -0.00011   0.00773   0.00830 150.42414  -1.24387
  0.41160 150.38994   3.30661  -1.19180   0.00000 -43.76757 -140.20661  -2.84946   0.05010   0.00000 158.51823 -11.77619  -0.03131   0.00022   0.00740   0.00796 150.43101  -1.25955
  0.41180 150.40209   3.37298  -1.21638   0.00000 -43.93950 -139.71979  -2.87751   0.04134   0.00000 158.54830 -11.77703  -0.03158  -0.00011   0.00706   0.00763 150.44482  -1.28472
  0.41200 150.41420   3.43914  -1.24104   0.00000 -44.11094 -139.23562  -2.90545   0.03254   0.00000 158.57838 -11.77786  -0.03184   0.00022   0.00673   0.00729 150.45863  -1.30981
  0.41220 150.42627   3.50509  -1.26579   0.00000 -44.28189 -138.75507  -2.93330   0.02371   0.00000 158.60846 -11.77870  -0.03211  -0.00011   0.00639   0.00696 150.47243  -1.33481
  0.41240 150.43831   3.57082  -1.29063   0.00000 -44.45239 -138.27715  -2.96105   0.01484   0.00000 158.63854 -11.77954  -0.03237   0.00022   0.00606   0.00662 150.48622  -1.35972
  0.41260 150.45031   3.63634  -1.31556   0.00000 -44.62243 -137.80282  -2.98870   0.00594   0.00000 158.66862 -11.78038  -0.03264  -0.00011   0.00572   0.00629 150.50000  -1.38455
  0.41280 150.46373   3.64498  -1.33292   0.00000 -44.80506 -137.42467  -2.99470  -0.00007   0.00000 158.69871 -11.78122  -0.03290   0.00022   0.00539   0.00595 150.51378  -1.38772
  0.41300 150.47772   3.70577  -1.35645   0.00000 -44.80682 -136.49444  -3.02219  -0.00905   0.00000 158.72880 -11.78207  -0.03317  -0.00011   0.00505   0.00562 150.52946  -1.41072
  0.41320 150.49172   3.76622  -1.37998   0.00000 -44.80798 -135.57798  -3.04949  -0.01802   0.00000 158.75889 -11.78291  -0.03344   0.00022   0.00472   0.00528 150.54516  -1.43359
  0.41340 150.50571   3.82635  -1.40350   0.00000 -44.80856 -134.67621  -3.07660  -0.02699   0.00000 158.78899 -11.78376  -0.03370  -0.00011   0.00438   0.00495 150.56088  -1.45633
  0.41360 150.51970   3.88615  -1.42703   0.00000 -44.80854 -133.78805  -3.10354  -0.03597   0.00000 158.81909 -11.78462  -0.03397   0.00022   0.00405   0.00461 150.57662  -1.47895
  0.41380 150.53369   3.94564  -1.45054   0.00000 -44.80793 -132.91443  -3.13030  -0.04494   0.00000 158.84919 -11.78547  -0.03424  -0.00011   0.00371   0.00428 150.59238  -1.50144
  0.41400 150.54918   3.95061  -1.46630   0.00000 -44.81991 -132.13641  -3.13630  -0.05095   0.00000 158.87930 -11.78633  -0.03450   0.00022   0.00338   0.00394 150.60814  -1.50317
  0.41420 150.56323   4.00939  -1.48982   0.00000 -44.81749 -131.27565  -3.16272  -0.05993   0.00000 158.90940 -11.78718  -0.03477  -0.00011   0.00304   0.00361 150.62397  -1.52538
  0.41440 150.57728   4.06786  -1.51334   0.00000 -44.81448 -130.42820  -3.18898  -0.06891   0.00000 158.93951 -11.78804  -0.03504   0.00022   0.00271   0.00327 150.63982  -1.54748
  0.41460 150.59134   4.12604  -1.53685   0.00000 -44.81087 -129.59498  -3.21506  -0.07788   0.00000 158.96963 -11.78891  -0.03530  -0.00011   0.00237   0.00294 150.65569  -1.56945
  0.41480 150.60539   4.18392  -1.56035   0.00000 -44.80667 -128.77493  -3.24098  -0.08686   0.00000 158.99975 -11.78977  -0.03557   0.00022   0.00204   0.00260 150.67158  -1.59131
  0.41500 150.61945   4.24149  -1.58385   0.00000 -44.80188 -127.96627  -3.26674  -0.09584   0.00000 159.02987 -11.79064  -0.03584  -0.00011   0.00170   0.00227 150.68748  -1.61304
  0.41520 150.63504   4.24712  -1.59959   0.00000 -44.80967 -127.24646  -3.27274  -0.10185   0.00000 159.05999 -11.79151  -0.03610   0.00022   0.00137   0.00193 150.70339  -1.61501
  0.41540 150.64777   4.30277  -1.62263   0.00000 -44.73983 -126.27574  -3.29819  -0.11082   0.00000 159.09012 -11.79238  -0.03637  -0.00011   0.00103   0.00160 150.71794  -1.63602
  0.41560 150.66052   4.35798  -1.64563   0.00000 -44.66932 -125.31146  -3.32344  -0.11978   0.00000 159.12025 -11.79326  -0.03664   0.00022   0.00070   0.00126 150.73251  -1.65686
  0.41580 150.67326   4.41276  -1.66859   0.00000 -44.59813 -124.35458  -3.34850  -0.12873   0.00000 159.15038 -11.79413  -0.03690  -0.00011   0.00036   0.00093 150.74710  -1.67754
  0.41600 150.68602   4.46711  -1.69150   0.00000 -44.52626 -123.40405  -3.37338  -0.13767   0.00000 159.18052 -11.79501  -0.03717   0.00022   0.00003   0.00059 150.76171  -1.69804
  0.41620 150.69879   4.52103  -1.71438   0.00000 -44.45371 -122.46080  -3.39806  -0.14659   0.00000 159.21065 -11.79589  -0.03743  -0.00011  -0.00031   0.00026 150.77634  -1.71838
  0.41640 150.71311   4.52583  -1.72963   0.00000 -44.39336 -121.60133  -3.40406  -0.15260   0.00000 159.24080 -11.79678  -0.03770   0.00022  -0.00064  -0.00008 150.79097  -1.72004
  0.41660 150.72083   4.55457  -1.74313   0.00000 -43.42285 -118.32027  -3.42838  -0.16149   0.00000 159.27094 -11.79766  -0.03796  -0.00011  -0.00098  -0.00041 150.79971  -1.73087
  0.41680 150.72860   4.58163  -1.75611   0.00000 -42.45051 -115.04232  -3.45204  -0.17019   0.00000 159.30108 -11.79856  -0.03823   0.00022  -0.00131  -0.00075 150.80844  -1.74106
  0.41700 150.73643   4.60700  -1.76856   0.00000 -41.47629 -111.76828  -3.47505  -0.17870   0.00000 159.33123 -11.79946  -0.03849  -0.00011  -0.00165  -0.00108 150.81718  -1.75060
  0.41720 150.74431   4.63069  -1.78047   0.00000 -40.50016 -108.49695  -3.49740  -0.18701   0.00000 159.36138 -11.80036  -0.03875   0.00022  -0.00198  -0.00142 150.82592  -1.75951
  0.41740 150.75224   4.65269  -1.79186   0.00000 -39.52209 -105.22913  -3.51910  -0.19513   0.00000 159.39153 -11.80128  -0.03901  -0.00011  -0.00232  -0.00175 150.83467  -1.76777
  0.41760 150.76152   4.63335  -1.79771   0.00000 -38.55052 -102.02666  -3.52510  -0.20114   0.00000 159.42168 -11.80220  -0.03926   0.00022  -0.00266  -0.00209 150.84341  -1.76032
  0.41780 150.76062   4.62635  -1.79805   0.00000 -36.88342 -97.00820  -3.54551  -0.20886   0.00000 159.45184 -11.80313  -0.03952  -0.00011  -0.00299  -0.00242 150.84230  -1.75767
  0.41800 150.75982   4.61670  -1.79747   0.00000 -35.21349 -91.98910  -3.56491  -0.21625   0.00000 159.48199 -11.80407  -0.03977   0.00022  -0.00333  -0.00276 150.84120  -1.75402
  0.41820 150.75910   4.60441  -1.79598   0.00000 -33.54066 -86.97006  -3.58331  -0.22331   0.00000 159.51214 -11.80502  -0.04001  -0.00011  -0.00366  -0.00310 150.84009  -1.74936
  0.41840 150.75848   4.58948  -1.79357   0.00000 -31.86481 -81.94978  -3.60070  -0.23003   0.00000 159.54229 -11.80599  -0.04025   0.00022  -0.00400  -0.00343 150.83899  -1.74369
  0.41860 150.75795   4.57189  -1.79024   0.00000 -30.18586 -76.92895  -3.61709  -0.23642   0.00000 159.57244 -11.80697  -0.04049  -0.00011  -0.00433  -0.00377 150.83788  -1.73702
  0.41880 150.75825   4.52691  -1.78591   0.00000 -28.50389 -71.94557  -3.62309  -0.24243   0.00000 159.60259 -11.80796  -0.04072   0.00022  -0.00467  -0.00410 150.83677  -1.71994
  0.41900 150.75678   4.49486  -1.77702   0.00000 -26.95373 -67.28448  -3.63748  -0.24814   0.00000 159.63274 -11.80896  -0.04095  -0.00011  -0.00500  -0.00444 150.83424  -1.70778
  0.41920 150.75540   4.46032  -1.76727   0.00000 -25.40048 -62.61977  -3.65094  -0.25354   0.00000 159.66289 -11.80997  -0.04118   0.00022  -0.00534  -0.00477 150.83172  -1.69469
  0.41940 150.75408   4.42330  -1.75666   0.00000 -23.84401 -57.95216  -3.66346  -0.25863   0.00000 159.69304 -11.81100  -0.04140  -0.00011  -0.00567  -0.00511 150.82919  -1.68064
  0.41960 150.75285   4.38380  -1.74517   0.00000 -22.28422 -53.28039  -3.67505  -0.26341   0.00000 159.72319 -11.81205  -0.04161   0.00022  -0.00601  -0.00544 150.82667  -1.66566
  0.41980 150.75168   4.34180  -1.73281   0.00000 -20.72095 -48.60520  -3.68571  -0.26788   0.00000 159.75333 -11.81311  -0.04183  -0.00011  -0.00634  -0.00578 150.82414  -1.64972
  0.42000 150.75086   4.28749  -1.71958   0.00000 -19.15408 -43.94087  -3.69171  -0.27203   0.00000 159.78348 -11.81418  -0.04203   0.00022  -0.00668  -0.00611 150.82162  -1.62911
  0.42020 150.75107   4.24172  -1.70590   0.00000 -18.16085 -40.70423  -3.70050  -0.27587   0.00000 159.81362 -11.81526  -0.04223  -0.00011  -0.00701  -0.00645 150.82038  -1.61172
  0.42040 150.75132   4.19420  -1.69163   0.00000 -17.16505 -37.46195  -3.70864  -0.27951   0.00000 159.84377 -11.81636  -0.04243   0.00022  -0.00735  -0.00678 150.81914  -1.59367
  0.42060 150.75161   4.14493  -1.67678   0.00000 -16.16655 -34.21454  -3.71613  -0.28295   0.00000 159.87391 -11.81748  -0.04262  -0.00011  -0.00768  -0.00712 150.81790  -1.57495
  0.42080 150.75194   4.09385  -1.66134   0.00000 -15.16527 -30.95551  -3.72297  -0.28619   0.00000 159.90405 -11.81860  -0.04281   0.00022  -0.00802  -0.00745 150.81667  -1.55555
  0.42100 150.75230   4.04095  -1.64531   0.00000 -14.16107 -27.68548  -3.72916  -0.28923   0.00000 159.93419 -11.81974  -0.04299  -0.00011  -0.00835  -0.00779 150.81543  -1.53546
  0.42120 150.75270   3.98623  -1.62868   0.00000 -13.15381 -24.40308  -3.73470  -0.29207   0.00000 159.96433 -11.82090  -0.04316   0.00022  -0.00869  -0.00812 150.81419  -1.51467
  0.42140 150.75215   3.92866  -1.61103   0.00000 -12.58022 -22.17814  -3.73958  -0.29470   0.00000 159.99447 -11.82207  -0.04334  -0.00011  -0.00902  -0.00846 150.81194  -1.49281
  0.42160 150.75161   3.86981  -1.59300   0.00000 -12.00465 -19.93937  -3.74402  -0.29722   0.00000 160.02461 -11.82325  -0.04350   0.00022  -0.00936  -0.00879 150.80968  -1.47046
  0.42180 150.75108   3.80966  -1.57458   0.00000 -11.42703 -17.68752  -3.74800  -0.29963   0.00000 160.05475 -11.82444  -0.04367  -0.00011  -0.00969  -0.00913 150.80743  -1.44763
  0.42200 150.75056   3.74822  -1.55577   0.00000 -10.84724 -15.42130  -3.75154  -0.30192   0.00000 160.08489 -11.82566  -0.04382   0.00022  -0.01003  -0.00946 150.80518  -1.42429
  0.42220 150.75006   3.68547  -1.53657   0.00000 -10.26521 -13.14146  -3.75463  -0.30409   0.00000 160.11502 -11.82688  -0.04398  -0.00011  -0.01036  -0.00980 150.80293  -1.40046
  0.42240 150.74957   3.62141  -1.51696   0.00000  -9.68081 -10.84673  -3.75725  -0.30615   0.00000 160.14516 -11.82812  -0.04412   0.00022  -0.01070  -0.01013 150.80069  -1.37613
  0.42260 150.74816   3.55381  -1.49597   0.00000  -9.23647  -8.88938  -3.75942  -0.30809   0.00000 160.17529 -11.82937  -0.04426  -0.00011  -0.01103  -0.01047 150.79746  -1.35047
  0.42280 150.74678   3.48520  -1.47464   0.00000  -8.79016  -6.92894  -3.76120  -0.30994   0.00000 160.20542 -11.83064  -0.04440   0.00022  -0.01137  -0.01080 150.79427  -1.32442
  0.42300 150.74543   3.41556  -1.45295   0.00000  -8.34180  -4.96640  -3.76259  -0.31170   0.00000 160.23555 -11.83192  -0.04453  -0.00011  -0.01170  -0.01114 150.79112  -1.29798
  0.42320 150.74411   3.34491  -1.43091   0.00000  -7.89130  -3.00075  -3.76358  -0.31338   0.00000 160.26568 -11.83322  -0.04466   0.00022  -0.01204  -0.01147 150.78801  -1.27115
  0.42340 150.74283   3.27325  -1.40851   0.00000  -7.43856  -1.03298  -3.76418  -0.31496   0.00000 160.29581 -11.83453  -0.04478  -0.00011  -0.01237  -0.01181 150.78494  -1.24393
  0.42360 150.74157   3.20056  -1.38573   0.00000  -6.98349   0.93792  -3.76439  -0.31645   0.00000 160.32594 -11.83586  -0.04490   0.00022  -0.01271  -0.01214 150.78191  -1.21633
  0.42380 150.74012   3.12627  -1.36232   0.00000  -6.55306   2.84842  -3.76420  -0.31785   0.00000 160.35607 -11.83720  -0.04501  -0.00011  -0.01304  -0.01248 150.77869  -1.18811
  0.42400 150.73870   3.05103  -1.33853   0.00000  -6.12023   4.75868  -3.76363  -0.31916   0.00000 160.38619 -11.83855  -0.04511   0.00022  -0.01338  -0.01281 150.77551  -1.15954
  0.42420 150.73731   2.97489  -1.31435   0.00000  -5.68491   6.66306  -3.76268  -0.32039   0.00000 160.41632 -11.83992  -0.04521  -0.00011  -0.01371  -0.01315 150.77239  -1.13062
  0.42440 150.73596   2.89787  -1.28979   0.00000  -5.24697   8.56245  -3.76135  -0.32153   0.00000 160.44644 -11.84131  -0.04531   0.00022  -0.01405  -0.01348 150.76933  -1.10137
  0.42460 150.73464   2.81997  -1.26482   0.00000  -4.80630  10.45574  -3.75963  -0.32258   0.00000 160.47656 -11.84271  -0.04540  -0.00011  -0.01438  -0.01382 150.76632  -1.07177
  0.42480 150.73334   2.74120  -1.23945   0.00000  -4.36279  12.34382  -3.75754  -0.32354   0.00000 160.50668 -11.84412  -0.04548   0.00022  -0.01472  -0.01415 150.76336  -1.04185
  0.42500 150.73179   2.66049  -1.21317   0.00000  -3.92277  14.21124  -3.75507  -0.32442   0.00000 160.53680 -11.84555  -0.04556  -0.00011  -0.01505  -0.01449 150.76015  -1.01119
  0.42520 150.73027   2.57894  -1.18645   0.00000  -3.47967  16.07317  -3.75223  -0.32520   0.00000 160.56692 -11.84699  -0.04563   0.00022  -0.01539  -0.01482 150.75700  -0.98021
  0.42540 150.72878   2.49655  -1.15930   0.00000  -3.03335  17.92817  -3.74902  -0.32590   0.00000 160.59703 -11.84845  -0.04570  -0.00011  -0.01572  -0.01516 150.75391  -0.94892
  0.42560 150.72730   2.41335  -1.13168   0.00000  -2.58364  19.77698  -3.74543  -0.32651   0.00000 160.62715 -11.84992  -0.04576   0.00022  -0.01606  -0.01549 150.75087  -0.91730
  0.42580 150.72586   2.32933  -1.10359   0.00000  -2.13037  21.61845  -3.74147  -0.32703   0.00000 160.65726 -11.85141  -0.04581  -0.00011  -0.01639  -0.01583 150.74789  -0.88538
  0.42600 150.72443   2.24451  -1.07501   0.00000  -1.67334  23.45343  -3.73715  -0.32745   0.00000 160.68737 -11.85291  -0.04586   0.00022  -0.01673  -0.01616 150.74497  -0.85316
  0.42620 150.72230   2.15628  -1.04467   0.00000  -1.22923  25.24548  -3.73246  -0.32779   0.00000 160.71748 -11.85443  -0.04590  -0.00011  -0.01706  -0.01650 150.74134  -0.81963
  0.42640 150.72019   2.06730  -1.01381   0.00000  -0.78110  27.03060  -3.72741  -0.32804   0.00000 160.74759 -11.85596  -0.04594   0.00022  -0.01740  -0.01683 150.73778  -0.78583
  0.42660 150.71818   1.97818  -0.98240   0.00000  -0.32871  28.74841  -3.72201  -0.32819   0.00000 160.77770 -11.85751  -0.04597  -0.00011  -0.01773  -0.01717 150.73436  -0.75197
  0.42680 150.71633   1.88951  -0.95043   0.00000   0.12811  30.34652  -3.71626  -0.32826   0.00000 160.80781 -11.85907  -0.04600   0.00022  -0.01740  -0.01750 150.73117  -0.71827
  0.42700 150.71465   1.80134  -0.91789   0.00000   0.58943  31.82451  -3.71019  -0.32823   0.00000 160.83791 -11.86065  -0.04601  -0.00011  -0.01773  -0.01784 150.72821  -0.68477
  0.42720 150.71310   1.71469  -0.88477   0.00000   1.05534  33.18650  -3.70419  -0.32811   0.00000 160.86801 -11.86224  -0.04602   0.00022  -0.01740  -0.01750 150.72546  -0.65184
  0.42740 150.71087   1.62468  -0.84951   0.00000   1.50504  34.38818  -3.69755  -0.32790   0.00000 160.89812 -11.86384  -0.04603  -0.00011  -0.01706  -0.01717 150.72202  -0.61763
  0.42760 150.70877   1.53543  -0.81365   0.00000   1.96018  35.46909  -3.69067  -0.32760   0.00000 160.92822 -11.86546  -0.04603   0.00022  -0.01673  -0.01683 150.71879  -0.58371
  0.42780 150.70672   1.44636  -0.77717   0.00000   2.42072  36.49131  -3.68358  -0.32721   0.00000 160.95832 -11.86710  -0.04602  -0.00011  -0.01639  -0.01650 150.71566  -0.54986
  0.42800 150.70467   1.35714  -0.74006   0.00000   2.88674  37.49331  -3.67628  -0.32672   0.00000 160.98841 -11.86874  -0.04600   0.00022  -0.01606  -0.01616 150.71260  -0.51595
  0.42820 150.70264   1.26779  -0.70229   0.00000   3.35822  38.47385  -3.66878  -0.32615   0.00000 161.01851 -11.87041  -0.04598  -0.00011  -0.01572  -0.01583 150.70961  -0.48199
  0.42840 150.70060   1.18282  -0.66384   0.00000   3.83407  39.44173  -3.66278  -0.32547   0.00000 161.04861 -11.87208  -0.04595   0.00022  -0.01539  -0.01549 150.70670  -0.44969
  0.42860 150.69839   1.09235  -0.62429   0.00000   4.30602  40.36915  -3.65489  -0.32470   0.00000 161.07870 -11.87377  -0.04591  -0.00011  -0.01505  -0.01516 150.70364  -0.41531
  0.42880 150.69622   1.00189  -0.58398   0.00000   4.78280  41.27510  -3.64682  -0.32384   0.00000 161.10879 -11.87547  -0.04586   0.00022  -0.01472  -0.01482 150.70069  -0.38092
  0.42900 150.69408   0.91139  -0.54288   0.00000   5.26502  42.16392  -3.63856  -0.32288   0.00000 161.13888 -11.87719  -0.04581  -0.00011  -0.01438  -0.01449 150.69781  -0.34652
  0.42920 150.69195   0.82091  -0.50091   0.00000   5.75338  43.03834  -3.63013  -0.32183   0.00000 161.16897 -11.87892  -0.04575   0.00022  -0.01405  -0.01415 150.69501  -0.31212
  0.42940 150.68981   0.73048  -0.45799   0.00000   6.24945  43.89675  -3.62152  -0.32067   0.00000 161.19906 -11.88067  -0.04568  -0.00011  -0.01371  -0.01382 150.69227  -0.27774
  0.42960 150.68764   0.64751  -0.41403   0.00000   6.75383  44.75211  -3.61552  -0.31942   0.00000 161.22915 -11.88242  -0.04560   0.00022  -0.01338  -0.01348 150.68960  -0.24620
  0.42980 150.68624   0.55978  -0.37087   0.00000   7.28646  45.61436  -3.60657  -0.31807   0.00000 161.25924 -11.88420  -0.04552  -0.00011  -0.01304  -0.01315 150.68773  -0.21284
  0.43000 150.68484   0.47235  -0.32644   0.00000   7.83098  46.45855  -3.59745  -0.31661   0.00000 161.28932 -11.88598  -0.04542   0.00022  -0.01271  -0.01281 150.68594  -0.17960
  0.43020 150.68344   0.38536  -0.28055   0.00000   8.38971  47.28245  -3.58816  -0.31504   0.00000 161.31940 -11.88778  -0.04532  -0.00011  -0.01237  -0.01248 150.68420  -0.14653
  0.43040 150.68204   0.29908  -0.23291   0.00000   8.96606  48.08428  -3.57870  -0.31336   0.00000 161.34949 -11.88959  -0.04521   0.00022  -0.01204  -0.01214 150.68252  -0.11372
  0.43060 150.68064   0.21389  -0.18308   0.00000   9.56548  48.85814  -3.56908  -0.31156   0.00000 161.37957 -11.89141  -0.04510  -0.00011  -0.01170  -0.01181 150.68090  -0.08133
  0.43080 150.67920   0.14043  -0.13033   0.00000  10.19839  49.61310  -3.56308  -0.30964   0.00000 161.40965 -11.89324  -0.04497   0.00022  -0.01137  -0.01147 150.67932  -0.05340
  0.43100 150.67908   0.06253  -0.07863   0.00000  10.90554  50.36883  -3.55316  -0.30760   0.00000 161.43973 -11.89509  -0.04483  -0.00011  -0.01103  -0.01114 150.67911  -0.02378
  0.43120 150.67894  -0.00818  -0.01961   0.00000  11.71551  51.00494  -3.54309  -0.30542   0.00000 161.46980 -11.89694  -0.04469   0.00022  -0.01070  -0.01080 150.67895   0.00311
  0.43140 150.67880  -0.06305   0.04935   0.00000  12.66648  51.39239  -3.53289  -0.30307   0.00000 161.49988 -11.89880  -0.04453  -0.00011  -0.01036  -0.01047 150.67882   0.02397
  0.43160 150.67862  -0.14537   0.09799   0.00000  13.30610  52.18185  -3.52261  -0.30053   0.00000 161.52996 -11.90067  -0.04436   0.00022  -0.01003  -0.01013 150.67873   0.05528
  0.43180 150.67842  -0.23085   0.14306   0.00000  13.88675  53.00437  -3.51217  -0.29786   0.00000 161.56004 -11.90255  -0.04418  -0.00011  -0.00969  -0.00980 150.67867   0.08778
  0.43200 150.67823  -0.30599   0.18624   0.00000  14.43351  53.86039  -3.50617  -0.29508   0.00000 161.59011 -11.90445  -0.04400   0.00022  -0.00936  -0.00946 150.67866   0.11636
  0.43220 150.67910  -0.39133   0.22766   0.00000  15.16979  55.01634  -3.49540  -0.29219   0.00000 161.62019 -11.90635  -0.04381  -0.00011  -0.00902  -0.00913 150.67978   0.14880
  0.43240 150.67998  -0.47783   0.26836   0.00000  15.88087  56.17792  -3.48440  -0.28915   0.00000 161.65026 -11.90827  -0.04361   0.00022  -0.00869  -0.00879 150.68098   0.18169
  0.43260 150.68086  -0.56535   0.30856   0.00000  16.57223  57.34036  -3.47316  -0.28597   0.00000 161.68033 -11.91019  -0.04340  -0.00011  -0.00835  -0.00846 150.68224   0.21497
  0.43280 150.68174  -0.65377   0.34842   0.00000  17.24756  58.50160  -3.46169  -0.28265   0.00000 161.71041 -11.91213  -0.04319   0.00022  -0.00802  -0.00812 150.68356   0.24859
  0.43300 150.68259  -0.74301   0.38807   0.00000  17.90992  59.65865  -3.44999  -0.27919   0.00000 161.74048 -11.91408  -0.04297  -0.00011  -0.00768  -0.00779 150.68492   0.28252
  0.43320 150.68343  -0.81741   0.42759   0.00000  18.56195  60.83836  -3.44399  -0.27560   0.00000 161.77055 -11.91604  -0.04275   0.00022  -0.00735  -0.00745 150.68625   0.31081
  0.43340 150.68506  -0.90653   0.46675   0.00000  19.52538  62.57780  -3.43183  -0.27188   0.00000 161.80062 -11.91802  -0.04252  -0.00011  -0.00701  -0.00712 150.68851   0.34469
  0.43360 150.68664  -0.99666   0.50604   0.00000  20.47622  64.31358  -3.41931  -0.26797   0.00000 161.83070 -11.92000  -0.04228   0.00022  -0.00668  -0.00678 150.69079   0.37895
  0.43380 150.68819  -1.08776   0.54552   0.00000  21.41597  66.04370  -3.40645  -0.26387   0.00000 161.86077 -11.92200  -0.04204  -0.00011  -0.00634  -0.00645 150.69310   0.41359
  0.43400 150.68967  -1.17976   0.58520   0.00000  22.34585  67.76314  -3.39324  -0.25958   0.00000 161.89084 -11.92401  -0.04179   0.00022  -0.00601  -0.00611 150.69542   0.44856
  0.43420 150.69107  -1.27260   0.62512   0.00000  23.26692  69.46732  -3.37969  -0.25510   0.00000 161.92091 -11.92603  -0.04154  -0.00011  -0.00567  -0.00578 150.69774   0.48386
  0.43440 150.69258  -1.34552   0.66529   0.00000  24.18012  71.19388  -3.37369  -0.25044   0.00000 161.95098 -11.92806  -0.04128   0.00022  -0.00534  -0.00544 150.70006   0.51158
  0.43460 150.69390  -1.44051   0.70641   0.00000  25.59614  73.87397  -3.35945  -0.24559   0.00000 161.98105 -11.93010  -0.04102  -0.00011  -0.00500  -0.00511 150.70244   0.54768
  0.43480 150.69512  -1.53680   0.74807   0.00000  27.00212  76.53973  -3.34467  -0.24047   0.00000 162.01112 -11.93215  -0.04075   0.00022  -0.00467  -0.00477 150.70482   0.58429
  0.43500 150.69626  -1.63438   0.79031   0.00000  28.39917  79.18938  -3.32936  -0.23506   0.00000 162.04119 -11.93422  -0.04047  -0.00011  -0.00433  -0.00444 150.70720   0.62138
  0.43520 150.69720  -1.73228   0.83313   0.00000  29.78803  81.72846  -3.31353  -0.22937   0.00000 162.07125 -11.93630  -0.04019   0.00022  -0.00400  -0.00410 150.70946   0.65859
  0.43540 150.69792  -1.83026   0.87655   0.00000  31.17010  84.14015  -3.29718  -0.22340   0.00000 162.10132 -11.93838  -0.03990  -0.00011  -0.00366  -0.00377 150.71158   0.69584
  0.43560 150.69880  -1.90003   0.91997   0.00000  32.54775  86.49786  -3.29118  -0.21739   0.00000 162.13139 -11.94048  -0.03961   0.00022  -0.00333  -0.00343 150.71358   0.72235
  0.43580 150.69737  -1.99797   0.96487   0.00000  34.45421  89.75357  -3.27388  -0.21087   0.00000 162.16146 -11.94259  -0.03931  -0.00011  -0.00299  -0.00310 150.71371   0.75959
  0.43600 150.69571  -2.09634   1.01071   0.00000  36.35587  92.88139  -3.25593  -0.20397   0.00000 162.19152 -11.94471  -0.03901   0.00022  -0.00266  -0.00276 150.71368   0.79700
  0.43620 150.69386  -2.19539   1.05750   0.00000  38.25422  95.91183  -3.23735  -0.19668   0.00000 162.22159 -11.94684  -0.03870  -0.00011  -0.00232  -0.00242 150.71356   0.83466
  0.43640 150.69193  -2.29598   1.10527   0.00000  40.15038  98.93726  -3.21817  -0.18902   0.00000 162.25165 -11.94898  -0.03838   0.00022  -0.00198  -0.00209 150.71348   0.87291
  0.43660 150.68992  -2.39811   1.15402   0.00000  42.04478 101.95635  -3.19838  -0.18098   0.00000 162.28172 -11.95113  -0.03806  -0.00011  -0.00165  -0.00175 150.71342   0.91174
  0.43680 150.68847  -2.46392   1.19739   0.00000  43.94829 105.03390  -3.19238  -0.17497   0.00000 162.31178 -11.95329  -0.03774   0.00022  -0.00131  -0.00142 150.71337   0.93676
  0.43700 150.68898  -2.55927   1.24358   0.00000  45.90640 108.13962  -3.17138  -0.16617   0.00000 162.34184 -11.95546  -0.03741  -0.00011  -0.00098  -0.00108 150.71585   0.97301
  0.43720 150.68940  -2.65620   1.29079   0.00000  47.86360 111.24007  -3.14975  -0.15697   0.00000 162.37191 -11.95764  -0.03707   0.00022  -0.00064  -0.00075 150.71834   1.00985
  0.43740 150.68973  -2.75470   1.33903   0.00000  49.82021 114.33434  -3.12750  -0.14738   0.00000 162.40197 -11.95983  -0.03673  -0.00011  -0.00031  -0.00041 150.72085   1.04729
  0.43760 150.68995  -2.85477   1.38830   0.00000  51.77652 117.42336  -3.10463  -0.13740   0.00000 162.43203 -11.96202  -0.03639   0.00022   0.00003  -0.00008 150.72338   1.08532
  0.43780 150.69006  -2.95642   1.43860   0.00000  53.73280 120.50589  -3.08115  -0.12703   0.00000 162.46209 -11.96423  -0.03604  -0.00011   0.00036   0.00026 150.72593   1.12395
  0.43800 150.69113  -3.01202   1.47743   0.00000  55.70992 123.66305  -3.07515  -0.12103   0.00000 162.49216 -11.96644  -0.03568   0.00022   0.00070   0.00059 150.72847   1.14508
  0.43820 150.70029  -3.08934   1.51649   0.00000  56.67835 124.69105  -3.05042  -0.10987   0.00000 162.52222 -11.96865  -0.03532  -0.00011   0.00103   0.00093 150.73958   1.17439
  0.43840 150.70938  -3.16716   1.55606   0.00000  57.64678 125.71503  -3.02548  -0.09852   0.00000 162.55228 -11.97087  -0.03496   0.00022   0.00137   0.00126 150.75069   1.20389
  0.43860 150.71840  -3.24554   1.59614   0.00000  58.61533 126.73988  -3.00034  -0.08697   0.00000 162.58235 -11.97310  -0.03460  -0.00011   0.00170   0.00160 150.76179   1.23360
  0.43880 150.72735  -3.32450   1.63674   0.00000  59.58406 127.76891  -2.97499  -0.07523   0.00000 162.61241 -11.97532  -0.03423   0.00022   0.00204   0.00193 150.77289   1.26353
  0.43900 150.73623  -3.40404   1.67786   0.00000  60.55306 128.80111  -2.94943  -0.06330   0.00000 162.64248 -11.97755  -0.03387  -0.00011   0.00237   0.00227 150.78399   1.29368
  0.43920 150.74640  -3.43215   1.70339   0.00000  61.54891 129.92120  -2.94343  -0.05729   0.00000 162.67256 -11.97978  -0.03350   0.00022   0.00271   0.00260 150.79509   1.30427
  0.43940 150.75949  -3.49362   1.73604   0.00000  61.58477 129.06506  -2.91745  -0.04496   0.00000 162.70263 -11.98202  -0.03313  -0.00011   0.00304   0.00294 150.80996   1.32751
  0.43960 150.77256  -3.55468   1.76872   0.00000  61.62002 128.21225  -2.89164  -0.03263   0.00000 162.73271 -11.98425  -0.03276   0.00022   0.00338   0.00327 150.82483   1.35058
  0.43980 150.78559  -3.61532   1.80141   0.00000  61.65466 127.36176  -2.86599  -0.02029   0.00000 162.76279 -11.98648  -0.03239  -0.00011   0.00371   0.00361 150.83968   1.37349
  0.44000 150.79859  -3.67554   1.83411   0.00000  61.68869 126.51455  -2.84052  -0.00794   0.00000 162.79287 -11.98871  -0.03201   0.00022   0.00405   0.00394 150.85452   1.39624
  0.44020 150.81157  -3.73543   1.86683   0.00000  61.72212 125.67659  -2.81522   0.00441   0.00000 162.82296 -11.99094  -0.03164  -0.00011   0.00438   0.00428 150.86937   1.41886
  0.44040 150.82599  -3.74456   1.88284   0.00000  61.78247 124.92753  -2.80922   0.01042   0.00000 162.85305 -11.99317  -0.03127   0.00022   0.00472   0.00461 150.88422   1.42219
  0.44060 150.83999  -3.80300   1.91521   0.00000  61.76390 124.00373  -2.78423   0.02279   0.00000 162.88314 -11.99539  -0.03090  -0.00011   0.00505   0.00495 150.90008   1.44424
  0.44080 150.85398  -3.86109   1.94757   0.00000  61.74467 123.09417  -2.75943   0.03515   0.00000 162.91323 -11.99762  -0.03053   0.00022   0.00539   0.00528 150.91595   1.46616
  0.44100 150.86797  -3.91885   1.97991   0.00000  61.72475 122.19775  -2.73481   0.04752   0.00000 162.94333 -11.99984  -0.03016  -0.00011   0.00572   0.00562 150.93185   1.48795
  0.44120 150.88196  -3.97629   2.01224   0.00000  61.70417 121.31542  -2.71037   0.05988   0.00000 162.97344 -12.00207  -0.02979   0.00022   0.00606   0.00595 150.94776   1.50960
  0.44140 150.89594  -4.03340   2.04456   0.00000  61.68291 120.44608  -2.68611   0.07223   0.00000 163.00354 -12.00429  -0.02942  -0.00011   0.00639   0.00629 150.96369   1.53113
  0.44160 150.91142  -4.04246   2.06015   0.00000  61.68846 119.66086  -2.68011   0.07824   0.00000 163.03365 -12.00651  -0.02905   0.00022   0.00673   0.00662 150.97961   1.53441
  0.44180 150.92495  -4.09915   2.09259   0.00000  61.68535 118.84475  -2.65618   0.09059   0.00000 163.06376 -12.00873  -0.02868  -0.00011   0.00706   0.00696 150.99510   1.55578
  0.44200 150.93847  -4.15554   2.12503   0.00000  61.68159 118.04247  -2.63241   0.10294   0.00000 163.09388 -12.01094  -0.02830   0.00022   0.00740   0.00729 151.01062   1.57703
  0.44220 150.95199  -4.21165   2.15747   0.00000  61.67719 117.25295  -2.60880   0.11529   0.00000 163.12399 -12.01316  -0.02793  -0.00011   0.00773   0.00763 151.02615   1.59817
  0.44240 150.96552  -4.26744   2.18990   0.00000  61.67215 116.47289  -2.58535   0.12764   0.00000 163.15412 -12.01538  -0.02756   0.00022   0.00807   0.00796 151.04169   1.61919
  0.44260 150.97904  -4.32290   2.22232   0.00000  61.66646 115.69929  -2.56206   0.13998   0.00000 163.18424 -12.01759  -0.02719  -0.00011   0.00840   0.00830 151.05726   1.64007
  0.44280 150.99410  -4.33281   2.23803   0.00000  61.68758 115.00310  -2.55606   0.14599   0.00000 163.21437 -12.01980  -0.02682   0.00022   0.00874   0.00863 151.07283   1.64366
  0.44300 151.00519  -4.37943   2.26624   0.00000  61.23738 113.37904  -2.53306   0.15834   0.00000 163.24450 -12.02202  -0.02645  -0.00011   0.00907   0.00897 151.08568   1.66122
  0.44320 151.01631  -4.42525   2.29420   0.00000  60.78585 111.76144  -2.51038   0.17060   0.00000 163.27463 -12.02423  -0.02608   0.00022   0.00941   0.00930 151.09855   1.67846
  0.44340 151.02744  -4.47028   2.32192   0.00000  60.33300 110.14921  -2.48803   0.18277   0.00000 163.30477 -12.02643  -0.02571  -0.00011   0.00974   0.00964 151.11142   1.69541
  0.44360 151.03859  -4.51453   2.34938   0.00000  59.87880 108.54326  -2.46600   0.19485   0.00000 163.33491 -12.02864  -0.02534   0.00022   0.01008   0.00997 151.12431   1.71206
  0.44380 151.04977  -4.55799   2.37660   0.00000  59.42325 106.94248  -2.44429   0.20683   0.00000 163.36505 -12.03084  -0.02498  -0.00011   0.01041   0.01031 151.13721   1.72840
  0.44400 151.06243  -4.56005   2.38803   0.00000  58.99184 105.41056  -2.43829   0.21284   0.00000 163.39520 -12.03304  -0.02461   0.00022   0.01075   0.01064 151.15011   1.72904
  0.44420 151.06632  -4.57381   2.40002   0.00000  57.24034 101.34798  -2.41721   0.22465   0.00000 163.42535 -12.03524  -0.02424  -0.00011   0.01108   0.01098 151.15460   1.73420
  0.44440 151.07029  -4.58545   2.41106   0.00000  55.48554  97.28865  -2.39694   0.23611   0.00000 163.45550 -12.03742  -0.02388   0.00022   0.01142   0.01131 151.15909   1.73857
  0.44460 151.07433  -4.59497   2.42113   0.00000  53.72737  93.23131  -2.37748   0.24721   0.00000 163.48565 -12.03960  -0.02352  -0.00011   0.01175   0.01165 151.16358   1.74213
  0.44480 151.07844  -4.60238   2.43023   0.00000  51.96578  89.17675  -2.35883   0.25797   0.00000 163.51580 -12.04178  -0.02317   0.00022   0.01209   0.01198 151.16807   1.74489
  0.44500 151.08264  -4.60768   2.43837   0.00000  50.20071  85.12371  -2.34100   0.26837   0.00000 163.54595 -12.04394  -0.02282  -0.00011   0.01242   0.01232 151.17255   1.74685
  0.44520 151.08796  -4.58175   2.43488   0.00000  48.44957  81.11792  -2.33500   0.27437   0.00000 163.57611 -12.04609  -0.02247   0.00022   0.01276   0.01265 151.17702   1.73696
  0.44540 151.08429  -4.56327   2.43068   0.00000  46.18649  76.14729  -2.31878   0.28407   0.00000 163.60627 -12.04824  -0.02213  -0.00011   0.01309   0.01299 151.17273   1.73001
  0.44560 151.08071  -4.54217   2.42522   0.00000  43.91915  71.17695  -2.30355   0.29332   0.00000 163.63642 -12.05037  -0.02179   0.00022   0.01343   0.01332 151.16843   1.72205
  0.44580 151.07723  -4.51845   2.41852   0.00000  41.64742  66.20563  -2.28931   0.30211   0.00000 163.66658 -12.05250  -0.02146  -0.00011   0.01376   0.01366 151.16413   1.71310
  0.44600 151.07384  -4.49211   2.41055   0.00000  39.37118  61.23408  -2.27607   0.31044   0.00000 163.69674 -12.05461  -0.02114   0.00022   0.01410   0.01400 151.15983   1.70316
  0.44620 151.07055  -4.46314   2.40133   0.00000  37.09028  56.26103  -2.26382   0.31832   0.00000 163.72690 -12.05670  -0.02082  -0.00011   0.01444   0.01433 151.15553   1.69222
  0.44640 151.06781  -4.41767   2.38709   0.00000  34.81071  51.30863  -2.25782   0.32433   0.00000 163.75705 -12.05879  -0.02051   0.00022   0.01477   0.01467 151.15124   1.67502
  0.44660 151.06734  -4.38161   2.37429   0.00000  33.11039  47.42989  -2.24756   0.33130   0.00000 163.78721 -12.06086  -0.02020  -0.00011   0.01511   0.01500 151.14952   1.66136
  0.44680 151.06693  -4.34348   2.36053   0.00000  31.40617  43.54883  -2.23807   0.33792   0.00000 163.81737 -12.06292  -0.01990   0.00022   0.01544   0.01534 151.14780   1.64691
  0.44700 151.06659  -4.30329   2.34579   0.00000  29.69792  39.66425  -2.22936   0.34421   0.00000 163.84753 -12.06497  -0.01961  -0.00011   0.01578   0.01567 151.14607   1.63169
  0.44720 151.06631  -4.26103   2.33008   0.00000  27.98551  35.77698  -2.22143   0.35015   0.00000 163.87769 -12.06701  -0.01932   0.00022   0.01611   0.01601 151.14435   1.61568
  0.44740 151.06608  -4.21671   2.31339   0.00000  26.26880  31.88583  -2.21428   0.35576   0.00000 163.90785 -12.06903  -0.01904  -0.00011   0.01645   0.01634 151.14263   1.59888
  0.44760 151.06594  -4.16933   2.29571   0.00000  24.54764  27.99317  -2.20828   0.36101   0.00000 163.93801 -12.07104  -0.01876   0.00022   0.01678   0.01668 151.14090   1.58093
  0.44780 151.06582  -4.12181   2.27758   0.00000  23.56288  25.43662  -2.20268   0.36593   0.00000 163.96817 -12.07304  -0.01849  -0.00011   0.01712   0.01701 151.13920   1.56292
  0.44800 151.06573  -4.07286   2.25884   0.00000  22.57532  22.87034  -2.19759   0.37064   0.00000 163.99833 -12.07502  -0.01823   0.00022   0.01745   0.01735 151.13750   1.54437
  0.44820 151.06566  -4.02249   2.23949   0.00000  21.58485  20.29302  -2.19302   0.37516   0.00000 164.02849 -12.07699  -0.01797  -0.00011   0.01779   0.01768 151.13580   1.52528
  0.44840 151.06563  -3.97069   2.21952   0.00000  20.59136  17.70540  -2.18896   0.37948   0.00000 164.05865 -12.07895  -0.01772   0.00022   0.01812   0.01802 151.13410   1.50564
  0.44860 151.06562  -3.91744   2.19893   0.00000  19.59473  15.10621  -2.18542   0.38360   0.00000 164.08882 -12.08090  -0.01748  -0.00011   0.01846   0.01835 151.13241   1.48546
  0.44880 151.06564  -3.86274   2.17771   0.00000  18.59483  12.49619  -2.18240   0.38752   0.00000 164.11898 -12.08284  -0.01724   0.00022   0.01879   0.01869 151.13071   1.46473
  0.44900 151.06445  -3.80428   2.15456   0.00000  17.94128  10.49444  -2.17990   0.39125   0.00000 164.14914 -12.08476  -0.01701  -0.00011   0.01913   0.01902 151.12770   1.44258
  0.44920 151.06326  -3.74468   2.13096   0.00000  17.28541   8.48018  -2.17780   0.39484   0.00000 164.17931 -12.08667  -0.01678   0.00022   0.01946   0.01936 151.12469   1.42001
  0.44940 151.06208  -3.68395   2.10688   0.00000  16.62713   6.45216  -2.17610   0.39830   0.00000 164.20947 -12.08857  -0.01656  -0.00011   0.01980   0.01969 151.12168   1.39699
  0.44960 151.06092  -3.62207   2.08233   0.00000  15.96633   4.41227  -2.17481   0.40162   0.00000 164.23964 -12.09045  -0.01635   0.00022   0.02013   0.02003 151.11869   1.37355
  0.44980 151.05979  -3.55916   2.05730   0.00000  15.30291   2.37022  -2.17393   0.40482   0.00000 164.26980 -12.09232  -0.01615  -0.00011   0.02047   0.02036 151.11572   1.34971
  0.45000 151.05870  -3.49522   2.03179   0.00000  14.63677   0.32704  -2.17345   0.40788   0.00000 164.29997 -12.09418  -0.01595   0.00022   0.02080   0.02070 151.11279   1.32548
  0.45020 151.05708  -3.42900   2.00505   0.00000  14.07427  -1.53512  -2.17339   0.41081   0.00000 164.33013 -12.09602  -0.01576  -0.00011   0.02114   0.02103 151.10930   1.30039
  0.45040 151.05549  -3.36185   1.97787   0.00000  13.50932  -3.39869  -2.17370   0.41363   0.00000 164.36030 -12.09785  -0.01557   0.00022   0.02147   0.02137 151.10584   1.27495
  0.45060 151.05393  -3.29378   1.95023   0.00000  12.94181  -5.26467  -2.17438   0.41633   0.00000 164.39047 -12.09967  -0.01540  -0.00011   0.02181   0.02170 151.10242   1.24916
  0.45080 151.05240  -3.22478   1.92212   0.00000  12.37164  -7.13203  -2.17543   0.41892   0.00000 164.42063 -12.10147  -0.01522   0.00022   0.02214   0.02204 151.09904   1.22301
  0.45100 151.05089  -3.15487   1.89354   0.00000  11.79872  -9.00176  -2.17686   0.42140   0.00000 164.45080 -12.10327  -0.01506  -0.00011   0.02248   0.02237 151.09570   1.19651
  0.45120 151.04942  -3.08406   1.86449   0.00000  11.22293 -10.87147  -2.17866   0.42376   0.00000 164.48096 -12.10504  -0.01490   0.00022   0.02281   0.02271 151.09240   1.16968
  0.45140 151.04766  -3.01136   1.83430   0.00000  10.65781 -12.71320  -2.18083   0.42601   0.00000 164.51113 -12.10681  -0.01475  -0.00011   0.02315   0.02304 151.08881   1.14212
  0.45160 151.04593  -2.93784   1.80361   0.00000  10.08966 -14.54843  -2.18337   0.42814   0.00000 164.54130 -12.10856  -0.01461   0.00022   0.02348   0.02338 151.08527   1.11426
  0.45180 151.04424  -2.86353   1.77242   0.00000   9.51835 -16.37804  -2.18628   0.43016   0.00000 164.57146 -12.11030  -0.01448  -0.00011   0.02382   0.02371 151.08178   1.08610
  0.45200 151.04258  -2.78843   1.74071   0.00000   8.94376 -18.20087  -2.18956   0.43206   0.00000 164.60163 -12.11202  -0.01435   0.00022   0.02415   0.02405 151.07834   1.05763
  0.45220 151.04094  -2.71256   1.70847   0.00000   8.36575 -20.01780  -2.19320   0.43385   0.00000 164.63180 -12.11373  -0.01423  -0.00011   0.02449   0.02438 151.07496   1.02887
  0.45240 151.03934  -2.63591   1.67569   0.00000   7.78418 -21.82765  -2.19720   0.43553   0.00000 164.66196 -12.11543  -0.01411   0.00022   0.02482   0.02472 151.07163   0.99981
  0.45260 151.03701  -2.55595   1.64073   0.00000   7.22078 -23.59679  -2.20157   0.43709   0.00000 164.69213 -12.11712  -0.01401  -0.00011   0.02516   0.02505 151.06755   0.96951
  0.45280 151.03471  -2.47528   1.60521   0.00000   6.65368 -25.35804  -2.20629   0.43853   0.00000 164.72230 -12.11879  -0.01391   0.00022   0.02549   0.02539 151.06352   0.93893
  0.45300 151.03243  -2.39392   1.56910   0.00000   6.08269 -27.11224  -2.21136   0.43986   0.00000 164.75247 -12.12045  -0.01382  -0.00011   0.02583   0.02572 151.05955   0.90808
  0.45320 151.03017  -2.31187   1.53240   0.00000   5.50765 -28.85820  -2.21678   0.44108   0.00000 164.78263 -12.12209  -0.01374   0.00022   0.02616   0.02606 151.05564   0.87698
  0.45340 151.02793  -2.22917   1.49508   0.00000   4.92835 -30.59670  -2.22255   0.44218   0.00000 164.81280 -12.12372  -0.01366  -0.00011   0.02650   0.02639 151.05178   0.84562
  0.45360 151.02571  -2.14612   1.45713   0.00000   4.34458 -32.32707  -2.22855   0.44317   0.00000 164.84297 -12.12534  -0.01360   0.00022   0.02683   0.02673 151.04799   0.81414
  0.45380 151.02254  -2.05889   1.41633   0.00000   3.78584 -34.00533  -2.23502   0.44404   0.00000 164.87313 -12.12694  -0.01354  -0.00011   0.02717   0.02706 151.04321   0.78106
  0.45400 151.01948  -1.97188   1.37484   0.00000   3.22242 -35.59605  -2.24182   0.44480   0.00000 164.90330 -12.12853  -0.01349   0.00022   0.02750   0.02740 151.03861   0.74808
  0.45420 151.01658  -1.88547   1.33267   0.00000   2.65421 -37.06853  -2.24894   0.44544   0.00000 164.93347 -12.13011  -0.01345  -0.00011   0.02784   0.02773 151.03423   0.71531
  0.45440 151.01383  -1.79973   1.28980   0.00000   2.08113 -38.42253  -2.25635   0.44597   0.00000 164.96363 -12.13167  -0.01342   0.00022   0.02817   0.02807 151.03006   0.68280
  0.45460 151.01122  -1.71471   1.24622   0.00000   1.50312 -39.65990  -2.26404   0.44639   0.00000 164.99380 -12.13322  -0.01339  -0.00011   0.02851   0.02840 151.02610   0.65056
  0.45480 151.00870  -1.63552   1.20192   0.00000   0.92014 -40.79353  -2.27004   0.44669   0.00000 165.02397 -12.13475  -0.01338   0.00022   0.02817   0.02807 151.02234   0.62053
  0.45500 151.00606  -1.55097   1.15626   0.00000   0.34413 -41.79325  -2.27819   0.44687   0.00000 165.05413 -12.13628  -0.01337  -0.00011   0.02784   0.02773 151.01845   0.58846
  0.45520 151.00349  -1.46683   1.10985   0.00000  -0.23789 -42.72784  -2.28655   0.44694   0.00000 165.08430 -12.13779  -0.01338   0.00022   0.02750   0.02740 151.01469   0.55655
  0.45540 151.00092  -1.38270   1.06267   0.00000  -0.82669 -43.64182  -2.29510   0.44690   0.00000 165.11446 -12.13928  -0.01339  -0.00011   0.02717   0.02706 151.01099   0.52464
  0.45560 150.99835  -1.29861   1.01471   0.00000  -1.42246 -44.53392  -2.30383   0.44673   0.00000 165.14463 -12.14077  -0.01341   0.00022   0.02683   0.02673 151.00735   0.49274
  0.45580 150.99579  -1.21461   0.96592   0.00000  -2.02538 -45.40487  -2.31273   0.44645   0.00000 165.17479 -12.14224  -0.01345  -0.00011   0.02650   0.02639 151.00377   0.46088
  0.45600 150.99320  -1.13884   0.91632   0.00000  -2.63270 -46.26769  -2.31873   0.44604   0.00000 165.20496 -12.14370  -0.01349   0.00022   0.02616   0.02606 151.00028   0.43214
  0.45620 150.99068  -1.05495   0.86603   0.00000  -3.24565 -47.09790  -2.32799   0.44551   0.00000 165.23513 -12.14515  -0.01354  -0.00011   0.02583   0.02572 150.99685   0.40031
  0.45640 150.98819  -0.97125   0.81485   0.00000  -3.86393 -47.90627  -2.33741   0.44486   0.00000 165.26529 -12.14659  -0.01360   0.00022   0.02549   0.02539 150.99351   0.36856
  0.45660 150.98570  -0.88776   0.76271   0.00000  -4.48810 -48.69924  -2.34699   0.44409   0.00000 165.29546 -12.14802  -0.01367  -0.00011   0.02516   0.02505 150.99024   0.33688
  0.45680 150.98323  -0.80453   0.70957   0.00000  -5.11885 -49.47513  -2.35673   0.44319   0.00000 165.32562 -12.14943  -0.01375   0.00022   0.02482   0.02472 150.98704   0.30530
  0.45700 150.98077  -0.72165   0.65536   0.00000  -5.75699 -50.23414  -2.36662   0.44217   0.00000 165.35578 -12.15083  -0.01385  -0.00011   0.02449   0.02438 150.98391   0.27386
  0.45720 150.97826  -0.64987   0.59998   0.00000  -6.40373 -50.99247  -2.37262   0.44101   0.00000 165.38595 -12.15222  -0.01395   0.00022   0.02415   0.02405 150.98085   0.24662
  0.45740 150.97628  -0.56898   0.54512   0.00000  -7.07217 -51.73891  -2.38282   0.43973   0.00000 165.41611 -12.15360  -0.01406  -0.00011   0.02382   0.02371 150.97834   0.21593
  0.45760 150.97431  -0.48874   0.48891   0.00000  -7.75220 -52.46370  -2.39317   0.43832   0.00000 165.44628 -12.15497  -0.01418   0.00022   0.02348   0.02338 150.97589   0.18548
  0.45780 150.97233  -0.40934   0.43118   0.00000  -8.44543 -53.16628  -2.40366   0.43677   0.00000 165.47644 -12.15633  -0.01431  -0.00011   0.02315   0.02304 150.97351   0.15535
  0.45800 150.97035  -0.33105   0.37175   0.00000  -9.15406 -53.84284  -2.41430   0.43507   0.00000 165.50661 -12.15768  -0.01446   0.00022   0.02281   0.02271 150.97117   0.12564
  0.45820 150.96836  -0.25426   0.31032   0.00000  -9.88153 -54.48992  -2.42506   0.43324   0.00000 165.53677 -12.15902  -0.01461  -0.00011   0.02248   0.02237 150.96889   0.09650
  0.45840 150.96631  -0.19246   0.24649   0.00000 -10.63428 -55.12136  -2.43106   0.43126   0.00000 165.56694 -12.16035  -0.01478   0.00022   0.02214   0.02204 150.96664   0.07304
  0.45860 150.96567  -0.12228   0.18555   0.00000 -11.45667 -55.75368  -2.44209   0.42914   0.00000 165.59710 -12.16167  -0.01496  -0.00011   0.02181   0.02170 150.96583   0.04641
  0.45880 150.96501  -0.05638   0.12092   0.00000 -12.32495 -56.31299  -2.45324   0.42684   0.00000 165.62726 -12.16298  -0.01515   0.00022   0.02147   0.02137 150.96507   0.02140
  0.45900 150.96434   0.00084   0.05085   0.00000 -13.26356 -56.73831  -2.46450   0.42437   0.00000 165.65743 -12.16428  -0.01535  -0.00011   0.02114   0.02103 150.96434  -0.00032
  0.45920 150.96363   0.02989  -0.02623   0.00000 -14.29459 -56.75105  -2.47585   0.42172   0.00000 165.68759 -12.16558  -0.01556   0.00022   0.02080   0.02070 150.96364  -0.01134
  0.45940 150.96293   0.11019  -0.08010   0.00000 -14.98473 -57.49537  -2.48720   0.41886   0.00000 165.71776 -12.16688  -0.01579  -0.00011   0.02047   0.02036 150.96300  -0.04182
  0.45960 150.96225   0.18032  -0.12931   0.00000 -15.60129 -58.31255  -2.49320   0.41586   0.00000 165.74792 -12.16817  -0.01602   0.00022   0.02013   0.02003 150.96241  -0.06844
  0.45980 150.96275   0.26244  -0.17625   0.00000 -16.39035 -59.35113  -2.50486   0.41273   0.00000 165.77808 -12.16944  -0.01627  -0.00011   0.01980   0.01969 150.96308  -0.09961
  0.46000 150.96325   0.34619  -0.22190   0.00000 -17.14409 -60.40340  -2.51673   0.40945   0.00000 165.80825 -12.17071  -0.01652   0.00022   0.01946   0.01936 150.96381  -0.13139
  0.46020 150.96376   0.43117  -0.26676   0.00000 -17.87226 -61.46262  -2.52881   0.40602   0.00000 165.83841 -12.17197  -0.01678  -0.00011   0.01913   0.01902 150.96461  -0.16364
  0.46040 150.96427   0.51719  -0.31109   0.00000 -18.58064 -62.52345  -2.54111   0.40244   0.00000 165.86858 -12.17321  -0.01705   0.00022   0.01879   0.01869 150.96547  -0.19629
  0.46060 150.96477   0.60411  -0.35507   0.00000 -19.27323 -63.58407  -2.55361   0.39872   0.00000 165.89875 -12.17445  -0.01732  -0.00011   0.01846   0.01835 150.96640  -0.22928
  0.46080 150.96523   0.67414  -0.39888   0.00000 -19.95713 -64.67100  -2.55961   0.39487   0.00000 165.92891 -12.17567  -0.01760   0.00022   0.01812   0.01802 150.96726  -0.25585
  0.46100 150.96673   0.76032  -0.44202   0.00000 -20.95793 -66.25536  -2.57254   0.39087   0.00000 165.95908 -12.17689  -0.01789  -0.00011   0.01779   0.01768 150.96929  -0.28856
  0.46120 150.96819   0.84749  -0.48526   0.00000 -21.94521 -67.83669  -2.58580   0.38667   0.00000 165.98925 -12.17809  -0.01818   0.00022   0.01745   0.01735 150.97135  -0.32164
  0.46140 150.96961   0.93560  -0.52865   0.00000 -22.92075 -69.41471  -2.59936   0.38228   0.00000 166.01942 -12.17928  -0.01849  -0.00011   0.01712   0.01701 150.97344  -0.35507
  0.46160 150.97099   1.02462  -0.57224   0.00000 -23.88600 -70.98742  -2.61325   0.37769   0.00000 166.04959 -12.18046  -0.01879   0.00022   0.01678   0.01668 150.97555  -0.38885
  0.46180 150.97232   1.11453  -0.61605   0.00000 -24.84212 -72.55497  -2.62744   0.37291   0.00000 166.07976 -12.18164  -0.01911  -0.00011   0.01645   0.01634 150.97769  -0.42297
  0.46200 150.97375   1.18281  -0.66013   0.00000 -25.79011 -74.14762  -2.63344   0.36794   0.00000 166.10993 -12.18280  -0.01943   0.00022   0.01611   0.01601 150.97983  -0.44888
  0.46220 150.97527   1.27452  -0.70516   0.00000 -27.28320 -76.64900  -2.64827   0.36277   0.00000 166.14010 -12.18395  -0.01975  -0.00011   0.01578   0.01567 150.98229  -0.48367
  0.46240 150.97670   1.36747  -0.75078   0.00000 -28.76579 -79.13649  -2.66360   0.35731   0.00000 166.17028 -12.18509  -0.02008   0.00022   0.01544   0.01534 150.98476  -0.51894
  0.46260 150.97805   1.46165  -0.79698   0.00000 -30.23896 -81.61020  -2.67943   0.35155   0.00000 166.20045 -12.18622  -0.02042  -0.00011   0.01511   0.01500 150.98722  -0.55468
  0.46280 150.97930   1.55703  -0.84379   0.00000 -31.70368 -84.06830  -2.69575   0.34550   0.00000 166.23063 -12.18734  -0.02077   0.00022   0.01477   0.01467 150.98969  -0.59086
  0.46300 150.98046   1.65351  -0.89123   0.00000 -33.16078 -86.50357  -2.71257   0.33915   0.00000 166.26080 -12.18845  -0.02112  -0.00011   0.01444   0.01433 150.99214  -0.62747
  0.46320 150.98176   1.72054  -0.93765   0.00000 -34.61377 -88.88902  -2.71857   0.33314   0.00000 166.29098 -12.18955  -0.02147   0.00022   0.01410   0.01400 150.99448  -0.65289
  0.46340 150.98105   1.81763  -0.98692   0.00000 -36.68315 -92.21794  -2.73634   0.32621   0.00000 166.32115 -12.19064  -0.02184  -0.00011   0.01376   0.01366 150.99521  -0.68974
  0.46360 150.98009   1.91521  -1.03719   0.00000 -38.74588 -95.41997  -2.75479   0.31887   0.00000 166.35133 -12.19171  -0.02221   0.00022   0.01343   0.01332 150.99580  -0.72677
  0.46380 150.97890   2.01320  -1.08848   0.00000 -40.80364 -98.49458  -2.77387   0.31111   0.00000 166.38151 -12.19278  -0.02258  -0.00011   0.01309   0.01299 150.99625  -0.76396
  0.46400 150.97746   2.11152  -1.14081   0.00000 -42.85798 -101.43944  -2.79357   0.30294   0.00000 166.41169 -12.19384  -0.02296   0.00022   0.01276   0.01265 150.99654  -0.80127
  0.46420 150.97585   2.21059  -1.19420   0.00000 -44.91033 -104.30529  -2.81386   0.29436   0.00000 166.44187 -12.19489  -0.02335  -0.00011   0.01242   0.01232 150.99675  -0.83886
  0.46440 150.97480   2.27194  -1.24082   0.00000 -46.97447 -107.22979  -2.81986   0.28835   0.00000 166.47205 -12.19593  -0.02374   0.00022   0.01209   0.01198 150.99699  -0.86215
  0.46460 150.97471   2.36533  -1.29199   0.00000 -49.16612 -110.30294  -2.84130   0.27894   0.00000 166.50222 -12.19696  -0.02414  -0.00011   0.01175   0.01165 150.99876  -0.89758
  0.46480 150.97453   2.46029  -1.34431   0.00000 -51.35719 -113.36967  -2.86336   0.26910   0.00000 166.53240 -12.19799  -0.02455   0.00022   0.01142   0.01131 151.00055  -0.93361
  0.46500 150.97425   2.55680  -1.39779   0.00000 -53.54804 -116.43073  -2.88604   0.25881   0.00000 166.56258 -12.19901  -0.02496  -0.00011   0.01108   0.01098 151.00237  -0.97023
  0.46520 150.97388   2.65486  -1.45242   0.00000 -55.73899 -119.48481  -2.90932   0.24809   0.00000 166.59277 -12.20001  -0.02538   0.00022   0.01075   0.01064 151.00421  -1.00744
  0.46540 150.97341   2.75446  -1.50822   0.00000 -57.93032 -122.53300  -2.93322   0.23693   0.00000 166.62295 -12.20102  -0.02580  -0.00011   0.01041   0.01031 151.00607  -1.04523
  0.46560 150.97388   2.80684  -1.55048   0.00000 -60.14627 -125.65529  -2.93922   0.23092   0.00000 166.65313 -12.20201  -0.02622   0.00022   0.01008   0.00997 151.00793  -1.06509
  0.46580 150.98215   2.88502  -1.59526   0.00000 -61.42553 -127.00804  -2.96435   0.21887   0.00000 166.68331 -12.20300  -0.02666  -0.00011   0.00974   0.00964 151.01813  -1.09469
  0.46600 150.99033   2.96387  -1.64072   0.00000 -62.70517 -128.35545  -2.98975   0.20657   0.00000 166.71350 -12.20398  -0.02709   0.00022   0.00941   0.00930 151.02833  -1.12455
  0.46620 150.99843   3.04339  -1.68686   0.00000 -63.98531 -129.69844  -3.01543   0.19401   0.00000 166.74368 -12.20497  -0.02753  -0.00011   0.00907   0.00897 151.03852  -1.15465
  0.46640 151.00645   3.12357  -1.73369   0.00000 -65.26606 -131.03587  -3.04136   0.18120   0.00000 166.77387 -12.20595  -0.02797   0.00022   0.00874   0.00863 151.04870  -1.18499
  0.46660 151.01438   3.20441  -1.78121   0.00000 -66.54754 -132.36955  -3.06757   0.16813   0.00000 166.80406 -12.20693  -0.02841  -0.00011   0.00840   0.00830 151.05887  -1.21559
  0.46680 151.02362   3.23199  -1.81016   0.00000 -67.86123 -133.79180  -3.07357   0.16212   0.00000 166.83425 -12.20790  -0.02885   0.00022   0.00807   0.00796 151.06905  -1.22597
  0.46700 151.03621   3.29186  -1.84655   0.00000 -67.94057 -132.96625  -3.10033   0.14853   0.00000 166.86445 -12.20888  -0.02930  -0.00011   0.00773   0.00763 151.08336  -1.24857
  0.46720 151.04876   3.35134  -1.88299   0.00000 -68.01932 -132.14293  -3.12692   0.13492   0.00000 166.89465 -12.20985  -0.02975   0.00022   0.00740   0.00729 151.09767  -1.27102
  0.46740 151.06128   3.41041  -1.91947   0.00000 -68.09748 -131.32284  -3.15335   0.12130   0.00000 166.92485 -12.21083  -0.03020  -0.00011   0.00706   0.00696 151.11197  -1.29331
  0.46760 151.07377   3.46909  -1.95598   0.00000 -68.17506 -130.50493  -3.17962   0.10766   0.00000 166.95505 -12.21181  -0.03064   0.00022   0.00673   0.00662 151.12625  -1.31544
  0.46780 151.08622   3.52736  -1.99254   0.00000 -68.25205 -129.69021  -3.20572   0.09400   0.00000 166.98526 -12.21280  -0.03109  -0.00011   0.00639   0.00629 151.14053  -1.33742
  0.46800 151.10016   3.53262  -2.00897   0.00000 -68.36129 -128.96103  -3.21172   0.08799   0.00000 167.01546 -12.21378  -0.03154   0.00022   0.00606   0.00595 151.15480  -1.33929
  0.46820 151.11382   3.58901  -2.04498   0.00000 -68.35997 -128.01230  -3.23751   0.07430   0.00000 167.04568 -12.21477  -0.03199  -0.00011   0.00572   0.00562 151.17027  -1.36054
  0.46840 151.12746   3.64493  -2.08100   0.00000 -68.35794 -127.06565  -3.26311   0.06060   0.00000 167.07589 -12.21576  -0.03244   0.00022   0.00539   0.00528 151.18573  -1.38160
  0.46860 151.14107   3.70038  -2.11701   0.00000 -68.35522 -126.12205  -3.28853   0.04691   0.00000 167.10611 -12.21675  -0.03288  -0.00011   0.00505   0.00495 151.20118  -1.40249
  0.46880 151.15467   3.75547  -2.15301   0.00000 -68.35181 -125.19061  -3.31375   0.03322   0.00000 167.13633 -12.21775  -0.03333   0.00022   0.00472   0.00461 151.21664  -1.42323
  0.46900 151.16827   3.81020  -2.18901   0.00000 -68.34770 -124.27264  -3.33879   0.01952   0.00000 167.16655 -12.21875  -0.03378  -0.00011   0.00438   0.00428 151.23213  -1.44384
  0.46920 151.18342   3.81474  -2.20478   0.00000 -68.37581 -123.43928  -3.34479   0.01351   0.00000 167.19678 -12.21975  -0.03423   0.00022   0.00405   0.00394 151.24761  -1.44541
  0.46940 151.19662   3.86906  -2.24099   0.00000 -68.39546 -122.57807  -3.36948  -0.00019   0.00000 167.22701 -12.22075  -0.03468  -0.00011   0.00371   0.00361 151.26272  -1.46585
  0.46960 151.20982   3.92306  -2.27721   0.00000 -68.41445 -121.72915  -3.39399  -0.01389   0.00000 167.25724 -12.22175  -0.03513   0.00022   0.00338   0.00327 151.27784  -1.48617
  0.46980 151.22302   3.97674  -2.31344   0.00000 -68.43280 -120.89344  -3.41834  -0.02760   0.00000 167.28748 -12.22276  -0.03557  -0.00011   0.00304   0.00294 151.29299  -1.50637
  0.47000 151.23621   4.03012  -2.34968   0.00000 -68.45049 -120.06985  -3.44252  -0.04131   0.00000 167.31771 -12.22377  -0.03602   0.00022   0.00271   0.00260 151.30814  -1.52645
  0.47020 151.24940   4.08320  -2.38592   0.00000 -68.46754 -119.25934  -3.46653  -0.05502   0.00000 167.34796 -12.22478  -0.03647  -0.00011   0.00237   0.00227 151.32332  -1.54641
  0.47040 151.26418   4.08876  -2.40187   0.00000 -68.51695 -118.52919  -3.47253  -0.06103   0.00000 167.37820 -12.22580  -0.03692   0.00022   0.00204   0.00193 151.33850  -1.54836
  0.47060 151.27552   4.13582  -2.43499   0.00000 -68.18932 -117.14712  -3.49624  -0.07476   0.00000 167.40845 -12.22681  -0.03737  -0.00011   0.00170   0.00160 151.35164  -1.56605
  0.47080 151.28687   4.18226  -2.46794   0.00000 -67.86043 -115.77581  -3.51967  -0.08843   0.00000 167.43870 -12.22783  -0.03781   0.00022   0.00137   0.00126 151.36479  -1.58352
  0.47100 151.29823   4.22810  -2.50070   0.00000 -67.53028 -114.41611  -3.54282  -0.10202   0.00000 167.46895 -12.22885  -0.03826  -0.00011   0.00103   0.00093 151.37795  -1.60074
  0.47120 151.30960   4.27330  -2.53327   0.00000 -67.19887 -113.06197  -3.56570  -0.11555   0.00000 167.49920 -12.22988  -0.03871   0.00022   0.00070   0.00059 151.39113  -1.61772
  0.47140 151.32099   4.31783  -2.56567   0.00000 -66.86618 -111.71420  -3.58832  -0.12902   0.00000 167.52946 -12.23091  -0.03915  -0.00011   0.00036   0.00026 151.40432  -1.63445
  0.47160 151.33396   4.31850  -2.57841   0.00000 -66.56385 -110.43763  -3.59432  -0.13503   0.00000 167.55972 -12.23194  -0.03960   0.00022   0.00003  -0.00008 151.41751  -1.63456
  0.47180 151.33844   4.33495  -2.59446   0.00000 -64.79138 -106.68933  -3.61640  -0.14837   0.00000 167.58998 -12.23298  -0.04004  -0.00011  -0.00031  -0.00041 151.42274  -1.64074
  0.47200 151.34299   4.34946  -2.60953   0.00000 -63.01514 -102.94406  -3.63774  -0.16136   0.00000 167.62025 -12.23402  -0.04048   0.00022  -0.00064  -0.00075 151.42796  -1.64617
  0.47220 151.34761   4.36202  -2.62363   0.00000 -61.23507 -99.20263  -3.65833  -0.17398   0.00000 167.65051 -12.23507  -0.04092  -0.00011  -0.00098  -0.00108 151.43318  -1.65088
  0.47240 151.35230   4.37264  -2.63674   0.00000 -59.45113 -95.46380  -3.67817  -0.18626   0.00000 167.68078 -12.23613  -0.04135   0.00022  -0.00131  -0.00142 151.43841  -1.65484
  0.47260 151.35706   4.38132  -2.64887   0.00000 -57.66324 -91.72839  -3.69726  -0.19817   0.00000 167.71104 -12.23720  -0.04178  -0.00011  -0.00165  -0.00175 151.44363  -1.65807
  0.47280 151.36309   4.35539  -2.64540   0.00000 -55.89507 -88.04495  -3.70326  -0.20418   0.00000 167.74131 -12.23828  -0.04221   0.00022  -0.00198  -0.00209 151.44884  -1.64820
  0.47300 151.35926   4.33942  -2.64293   0.00000 -53.39890 -83.16288  -3.72087  -0.21539   0.00000 167.77158 -12.23937  -0.04263  -0.00011  -0.00232  -0.00242 151.44452  -1.64220
  0.47320 151.35553   4.32088  -2.63907   0.00000 -50.89755 -78.28127  -3.73751  -0.22609   0.00000 167.80184 -12.24046  -0.04304   0.00022  -0.00266  -0.00276 151.44019  -1.63523
  0.47340 151.35190   4.29978  -2.63382   0.00000 -48.39086 -73.40092  -3.75316  -0.23629   0.00000 167.83211 -12.24158  -0.04345  -0.00011  -0.00299  -0.00310 151.43587  -1.62729
  0.47360 151.34836   4.27611  -2.62718   0.00000 -45.87870 -68.52056  -3.76784  -0.24599   0.00000 167.86237 -12.24270  -0.04385   0.00022  -0.00333  -0.00343 151.43155  -1.61837
  0.47380 151.34492   4.24987  -2.61913   0.00000 -43.36091 -63.64099  -3.78155  -0.25518   0.00000 167.89263 -12.24383  -0.04425  -0.00011  -0.00366  -0.00377 151.42723  -1.60848
  0.47400 151.34219   4.20327  -2.60263   0.00000 -40.84879 -58.78807  -3.78755  -0.26120   0.00000 167.92290 -12.24498  -0.04464   0.00022  -0.00400  -0.00410 151.42292  -1.59088
  0.47420 151.34094   4.16827  -2.58949   0.00000 -38.87603 -54.81112  -3.79930  -0.26938   0.00000 167.95316 -12.24614  -0.04502  -0.00011  -0.00433  -0.00444 151.42048  -1.57765
  0.47440 151.33977   4.13113  -2.57522   0.00000 -36.89839 -50.82784  -3.81027  -0.27718   0.00000 167.98341 -12.24732  -0.04539   0.00022  -0.00467  -0.00477 151.41804  -1.56362
  0.47460 151.33866   4.09184  -2.55982   0.00000 -34.91570 -46.83883  -3.82043  -0.28457   0.00000 168.01367 -12.24850  -0.04576  -0.00011  -0.00500  -0.00511 151.41561  -1.54876
  0.47480 151.33763   4.05040  -2.54328   0.00000 -32.92777 -42.84269  -3.82980  -0.29157   0.00000 168.04393 -12.24970  -0.04613   0.00022  -0.00534  -0.00544 151.41318  -1.53310
  0.47500 151.33666   4.00680  -2.52560   0.00000 -30.93442 -38.84006  -3.83837  -0.29817   0.00000 168.07419 -12.25092  -0.04648  -0.00011  -0.00567  -0.00578 151.41075  -1.51661
  0.47520 151.33588   3.95635  -2.50627   0.00000 -28.93625 -34.83627  -3.84437  -0.30419   0.00000 168.10444 -12.25214  -0.04683   0.00022  -0.00601  -0.00611 151.40833  -1.49753
  0.47540 151.33531   3.90958  -2.48699   0.00000 -27.79547 -32.18436  -3.85133  -0.30999   0.00000 168.13470 -12.25338  -0.04717  -0.00011  -0.00634  -0.00645 151.40623  -1.47985
  0.47560 151.33478   3.86136  -2.46700   0.00000 -26.65117 -29.52253  -3.85777  -0.31556   0.00000 168.16495 -12.25464  -0.04750   0.00022  -0.00668  -0.00678 151.40414  -1.46161
  0.47580 151.33428   3.81168  -2.44630   0.00000 -25.50319 -26.85156  -3.86368  -0.32090   0.00000 168.19520 -12.25590  -0.04783  -0.00011  -0.00701  -0.00712 151.40204  -1.44281
  0.47600 151.33382   3.76054  -2.42487   0.00000 -24.35141 -24.17018  -3.86905  -0.32601   0.00000 168.22545 -12.25718  -0.04815   0.00022  -0.00735  -0.00745 151.39995  -1.42347
  0.47620 151.33338   3.70792  -2.40272   0.00000 -23.19567 -21.47915  -3.87388  -0.33089   0.00000 168.25570 -12.25847  -0.04846  -0.00011  -0.00768  -0.00779 151.39786  -1.40356
  0.47640 151.33297   3.65383  -2.37984   0.00000 -22.03583 -18.77721  -3.87818  -0.33554   0.00000 168.28595 -12.25978  -0.04877   0.00022  -0.00802  -0.00812 151.39578  -1.38310
  0.47660 151.33137   3.59616  -2.35481   0.00000 -21.31569 -16.75399  -3.88193  -0.33996   0.00000 168.31620 -12.26110  -0.04907  -0.00011  -0.00835  -0.00846 151.39241  -1.36129
  0.47680 151.32981   3.53749  -2.32926   0.00000 -20.59278 -14.72911  -3.88528  -0.34423   0.00000 168.34645 -12.26243  -0.04936   0.00022  -0.00869  -0.00879 151.38907  -1.33911
  0.47700 151.32828   3.47782  -2.30318   0.00000 -19.86703 -12.70362  -3.88823  -0.34836   0.00000 168.37670 -12.26377  -0.04964  -0.00011  -0.00902  -0.00913 151.38576  -1.31654
  0.47720 151.32680   3.41714  -2.27657   0.00000 -19.13831 -10.67652  -3.89077  -0.35234   0.00000 168.40694 -12.26513  -0.04992   0.00022  -0.00936  -0.00946 151.38249  -1.29359
  0.47740 151.32535   3.35546  -2.24942   0.00000 -18.40652  -8.64886  -3.89290  -0.35618   0.00000 168.43719 -12.26650  -0.05019  -0.00011  -0.00969  -0.00980 151.37926  -1.27026
  0.47760 151.32394   3.29278  -2.22173   0.00000 -17.67156  -6.61967  -3.89463  -0.35987   0.00000 168.46743 -12.26789  -0.05045   0.00022  -0.01003  -0.01013 151.37606  -1.24655
  0.47780 151.32197   3.22781  -2.19260   0.00000 -17.06120  -4.77952  -3.89596  -0.36341   0.00000 168.49767 -12.26929  -0.05070  -0.00011  -0.01036  -0.01047 151.37227  -1.22198
  0.47800 151.32003   3.16196  -2.16297   0.00000 -16.44801  -2.93747  -3.89691  -0.36683   0.00000 168.52791 -12.27070  -0.05095   0.00022  -0.01070  -0.01080 151.36851  -1.19707
  0.47820 151.31812   3.09524  -2.13283   0.00000 -15.83190  -1.09531  -3.89750  -0.37013   0.00000 168.55815 -12.27212  -0.05119  -0.00011  -0.01103  -0.01114 151.36480  -1.17183
  0.47840 151.31625   3.02771  -2.10218   0.00000 -15.21275   0.74144  -3.89772  -0.37330   0.00000 168.58839 -12.27356  -0.05142   0.00022  -0.01137  -0.01147 151.36114  -1.14629
  0.47860 151.31442   2.95939  -2.07099   0.00000 -14.59044   2.57164  -3.89757  -0.37635   0.00000 168.61863 -12.27502  -0.05164  -0.00011  -0.01170  -0.01181 151.35752  -1.12044
  0.47880 151.31262   2.89029  -2.03927   0.00000 -13.96487   4.39615  -3.89706  -0.37928   0.00000 168.64886 -12.27648  -0.05186   0.00022  -0.01204  -0.01214 151.35396  -1.09430
  0.47900 151.31059   2.81954  -2.00638   0.00000 -13.34641   6.19894  -3.89618  -0.38208   0.00000 168.67909 -12.27796  -0.05207  -0.00011  -0.01237  -0.01248 151.35016  -1.06753
  0.47920 151.30859   2.74804  -1.97294   0.00000 -12.72450   7.99573  -3.89494  -0.38475   0.00000 168.70933 -12.27946  -0.05227   0.00022  -0.01271  -0.01281 151.34641  -1.04048
  0.47940 151.30663   2.67579  -1.93892   0.00000 -12.09901   9.78533  -3.89334  -0.38730   0.00000 168.73956 -12.28096  -0.05246  -0.00011  -0.01304  -0.01315 151.34271  -1.01315
  0.47960 151.30470   2.60283  -1.90433   0.00000 -11.46980  11.56861  -3.89138  -0.38973   0.00000 168.76979 -12.28249  -0.05264   0.00022  -0.01338  -0.01348 151.33907  -0.98554
  0.47980 151.30280   2.52915  -1.86915   0.00000 -10.83672  13.34414  -3.88907  -0.39203   0.00000 168.80002 -12.28402  -0.05282  -0.00011  -0.01371  -0.01382 151.33548  -0.95766
  0.48000 151.30092   2.45479  -1.83337   0.00000 -10.19961  15.11259  -3.88640  -0.39420   0.00000 168.83024 -12.28557  -0.05298   0.00022  -0.01405  -0.01415 151.33194  -0.92952
  0.48020 151.29855   2.37801  -1.79568   0.00000  -9.57543  16.84985  -3.88338  -0.39625   0.00000 168.86047 -12.28713  -0.05314  -0.00011  -0.01438  -0.01449 151.32789  -0.90046
  0.48040 151.29620   2.30060  -1.75735   0.00000  -8.94700  18.57960  -3.88001  -0.39817   0.00000 168.89069 -12.28870  -0.05329   0.00022  -0.01472  -0.01482 151.32389  -0.87117
  0.48060 151.29387   2.22257  -1.71838   0.00000  -8.31414  20.30059  -3.87629  -0.39996   0.00000 168.92092 -12.29029  -0.05344  -0.00011  -0.01505  -0.01516 151.31995  -0.84164
  0.48080 151.29157   2.14393  -1.67874   0.00000  -7.67665  22.01361  -3.87223  -0.40163   0.00000 168.95114 -12.29189  -0.05357   0.00022  -0.01539  -0.01549 151.31607  -0.81188
  0.48100 151.28929   2.06471  -1.63842   0.00000  -7.03432  23.71739  -3.86783  -0.40316   0.00000 168.98136 -12.29351  -0.05369  -0.00011  -0.01572  -0.01583 151.31225  -0.78189
  0.48120 151.28712   1.98564  -1.59739   0.00000  -6.38691  25.34151  -3.86309  -0.40457   0.00000 169.01158 -12.29514  -0.05381   0.00022  -0.01606  -0.01616 151.30859  -0.75196
  0.48140 151.28435   1.90467  -1.55370   0.00000  -5.76020  26.82362  -3.85802  -0.40585   0.00000 169.04179 -12.29678  -0.05391  -0.00011  -0.01639  -0.01650 151.30431  -0.72131
  0.48160 151.28172   1.82432  -1.50929   0.00000  -5.12849  28.19446  -3.85265  -0.40701   0.00000 169.07201 -12.29844  -0.05401   0.00022  -0.01673  -0.01683 151.30025  -0.69090
  0.48180 151.27924   1.74466  -1.46414   0.00000  -4.49172  29.45382  -3.84701  -0.40804   0.00000 169.10222 -12.30011  -0.05410  -0.00011  -0.01706  -0.01717 151.29639  -0.66075
  0.48200 151.27692   1.66575  -1.41825   0.00000  -3.84985  30.60356  -3.84112  -0.40894   0.00000 169.13243 -12.30179  -0.05417   0.00022  -0.01740  -0.01750 151.29273  -0.63087
  0.48220 151.27473   1.58763  -1.37162   0.00000  -3.20283  31.64363  -3.83500  -0.40971   0.00000 169.16264 -12.30348  -0.05424  -0.00011  -0.01773  -0.01784 151.28928  -0.60130
  0.48240 151.27267   1.51115  -1.32424   0.00000  -2.55065  32.58669  -3.82900  -0.41035   0.00000 169.19285 -12.30519  -0.05430   0.00022  -0.01807  -0.01817 151.28601  -0.57234
  0.48260 151.26988   1.43144  -1.27405   0.00000  -1.92093  33.47631  -3.82248  -0.41086   0.00000 169.22306 -12.30691  -0.05435  -0.00011  -0.01841  -0.01851 151.28201  -0.54216
  0.48280 151.26712   1.35183  -1.22307   0.00000  -1.28602  34.34542  -3.81579  -0.41125   0.00000 169.25327 -12.30864  -0.05439   0.00022  -0.01874  -0.01885 151.27811  -0.51202
  0.48300 151.26438   1.27234  -1.17128   0.00000  -0.64421  35.19271  -3.80892  -0.41151   0.00000 169.28348 -12.31038  -0.05442  -0.00011  -0.01908  -0.01918 151.27427  -0.48193
  0.48320 151.26165   1.19303  -1.11863   0.00000   0.00521  36.01891  -3.80188  -0.41163   0.00000 169.31368 -12.31214  -0.05443   0.00022  -0.01941  -0.01952 151.27049  -0.45189
  0.48340 151.25892   1.11393  -1.06509   0.00000   0.66253  36.82266  -3.79468  -0.41163   0.00000 169.34388 -12.31391  -0.05444  -0.00011  -0.01975  -0.01985 151.26677  -0.42194
  0.48360 151.25618   1.03870  -1.01065   0.00000   1.32710  37.61085  -3.78868  -0.41150   0.00000 169.37408 -12.31569  -0.05444   0.00022  -0.01941  -0.01952 151.26312  -0.39345
  0.48380 151.25345   0.96005  -0.95536   0.00000   1.99886  38.37405  -3.78116  -0.41123   0.00000 169.40428 -12.31748  -0.05442  -0.00011  -0.01908  -0.01918 151.25952  -0.36367
  0.48400 151.25073   0.88170  -0.89909   0.00000   2.67704  39.12142  -3.77348  -0.41083   0.00000 169.43448 -12.31928  -0.05440   0.00022  -0.01874  -0.01885 151.25597  -0.33400
  0.48420 151.24803   0.80373  -0.84181   0.00000   3.36149  39.85126  -3.76566  -0.41030   0.00000 169.46468 -12.32110  -0.05436  -0.00011  -0.01841  -0.01851 151.25250  -0.30447
  0.48440 151.24533   0.72621  -0.78346   0.00000   4.05287  40.56378  -3.75769  -0.40962   0.00000 169.49487 -12.32292  -0.05431   0.00022  -0.01807  -0.01817 151.24910  -0.27511
  0.48460 151.24265   0.64924  -0.72397   0.00000   4.75193  41.25699  -3.74957  -0.40881   0.00000 169.52507 -12.32476  -0.05425  -0.00011  -0.01773  -0.01784 151.24578  -0.24595
  0.48480 151.23995   0.57889  -0.66326   0.00000   5.45970  41.94066  -3.74357  -0.40786   0.00000 169.55526 -12.32661  -0.05418   0.00022  -0.01740  -0.01750 151.24251  -0.21931
  0.48500 151.23803   0.50506  -0.60375   0.00000   6.20392  42.62250  -3.73519  -0.40676   0.00000 169.58545 -12.32847  -0.05410  -0.00011  -0.01706  -0.01717 151.24007  -0.19134
  0.48520 151.23611   0.43215  -0.54283   0.00000   6.95970  43.28158  -3.72666  -0.40552   0.00000 169.61564 -12.33034  -0.05400   0.00022  -0.01673  -0.01683 151.23770  -0.16372
  0.48540 151.23418   0.36037  -0.48038   0.00000   7.72900  43.91466  -3.71800  -0.40413   0.00000 169.64583 -12.33222  -0.05390  -0.00011  -0.01639  -0.01650 151.23537  -0.13653
  0.48560 151.23225   0.29003  -0.41622   0.00000   8.51382  44.51915  -3.70922  -0.40258   0.00000 169.67602 -12.33411  -0.05378   0.00022  -0.01606  -0.01616 151.23310  -0.10988
  0.48580 151.23031   0.22157  -0.35012   0.00000   9.31680  45.08888  -3.70032  -0.40087   0.00000 169.70620 -12.33600  -0.05365  -0.00011  -0.01572  -0.01583 151.23088  -0.08395
  0.48600 151.22835   0.16361  -0.28177   0.00000  10.14263  45.63025  -3.69432  -0.39900   0.00000 169.73639 -12.33791  -0.05351   0.00022  -0.01539  -0.01549 151.22870  -0.06199
  0.48620 151.22775   0.10264  -0.21624   0.00000  11.04775  46.15718  -3.68519  -0.39697   0.00000 169.76657 -12.33983  -0.05336  -0.00011  -0.01505  -0.01516 151.22794  -0.03889
  0.48640 151.22716   0.04654  -0.14757   0.00000  11.99112  46.60358  -3.67596  -0.39476   0.00000 169.79676 -12.34175  -0.05319   0.00022  -0.01472  -0.01482 151.22723  -0.01763
  0.48660 151.22655  -0.00087  -0.07492   0.00000  12.98458  46.91338  -3.66664  -0.39235   0.00000 169.82694 -12.34368  -0.05301  -0.00011  -0.01438  -0.01449 151.22657   0.00033
  0.48680 151.22594  -0.02836   0.00146   0.00000  14.02392  46.92437  -3.65726  -0.38975   0.00000 169.85712 -12.34562  -0.05282   0.00022  -0.01405  -0.01415 151.22594   0.01075
  0.48700 151.22530  -0.12423   0.01262   0.00000  14.09797  47.93521  -3.64787  -0.38694   0.00000 169.88731 -12.34755  -0.05262  -0.00011  -0.01371  -0.01382 151.22535   0.04707
  0.48720 151.22466  -0.21079   0.02726   0.00000  14.22155  48.94828  -3.64187  -0.38412   0.00000 169.91749 -12.34950  -0.05241   0.00022  -0.01338  -0.01348 151.22481   0.07986
  0.48740 151.22509  -0.30378   0.04342   0.00000  14.41759  50.27922  -3.63208  -0.38127   0.00000 169.94767 -12.35146  -0.05220  -0.00011  -0.01304  -0.01315 151.22540   0.11509
  0.48760 151.22551  -0.39725   0.06055   0.00000  14.63066  51.59833  -3.62203  -0.37838   0.00000 169.97785 -12.35344  -0.05199   0.00022  -0.01271  -0.01281 151.22604   0.15051
  0.48780 151.22593  -0.49123   0.07838   0.00000  14.85465  52.90516  -3.61171  -0.37544   0.00000 170.00803 -12.35543  -0.05178  -0.00011  -0.01237  -0.01248 151.22675   0.18612
  0.48800 151.22636  -0.58574   0.09677   0.00000  15.08648  54.20106  -3.60113  -0.37247   0.00000 170.03820 -12.35743  -0.05157   0.00022  -0.01204  -0.01214 151.22753   0.22192
  0.48820 151.22679  -0.68076   0.11562   0.00000  15.32423  55.48439  -3.59029  -0.36944   0.00000 170.06838 -12.35945  -0.05135  -0.00011  -0.01170  -0.01181 151.22836   0.25792
  0.48840 151.22717  -0.76286   0.13491   0.00000  15.56937  56.77860  -3.58429  -0.36637   0.00000 170.09856 -12.36148  -0.05114   0.00022  -0.01137  -0.01147 151.22916   0.28902
  0.48860 151.22849  -0.85707   0.15441   0.00000  15.93143  58.66714  -3.57293  -0.36325   0.00000 170.12873 -12.36352  -0.05092  -0.00011  -0.01103  -0.01114 151.23100   0.32471
  0.48880 151.22976  -0.95214   0.17430   0.00000  16.29927  60.54405  -3.56120  -0.36006   0.00000 170.15891 -12.36558  -0.05069   0.00022  -0.01070  -0.01080 151.23286   0.36073
  0.48900 151.23100  -1.04806   0.19455   0.00000  16.67208  62.40836  -3.54909  -0.35679   0.00000 170.18908 -12.36765  -0.05047  -0.00011  -0.01036  -0.01047 151.23475   0.39706
  0.48920 151.23218  -1.14480   0.21516   0.00000  17.04925  64.25976  -3.53661  -0.35345   0.00000 170.21926 -12.36973  -0.05024   0.00022  -0.01003  -0.01013 151.23667   0.43371
  0.48940 151.23330  -1.24231   0.23610   0.00000  17.43025  66.08997  -3.52375  -0.35004   0.00000 170.24943 -12.37182  -0.05001  -0.00011  -0.00969  -0.00980 151.23858   0.47065
  0.48960 151.23450  -1.32152   0.25736   0.00000  17.81469  67.93288  -3.51775  -0.34654   0.00000 170.27961 -12.37393  -0.04978   0.00022  -0.00936  -0.00946 151.24049   0.50065
  0.48980 151.23567  -1.42106   0.27922   0.00000  18.41233  70.77628  -3.50417  -0.34298   0.00000 170.30978 -12.37605  -0.04955  -0.00011  -0.00902  -0.00913 151.24260   0.53835
  0.49000 151.23675  -1.52187   0.30149   0.00000  19.01446  73.59872  -3.49001  -0.33929   0.00000 170.33995 -12.37818  -0.04931   0.00022  -0.00869  -0.00879 151.24471   0.57654
  0.49020 151.23775  -1.62395   0.32417   0.00000  19.62072  76.39901  -3.47529  -0.33548   0.00000 170.37012 -12.38033  -0.04907  -0.00011  -0.00835  -0.00846 151.24682   0.61520
  0.49040 151.23857  -1.72651   0.34727   0.00000  20.23081  79.10193  -3.46001  -0.33154   0.00000 170.40029 -12.38249  -0.04883   0.00022  -0.00802  -0.00812 151.24882   0.65405
  0.49060 151.23917  -1.82909   0.37077   0.00000  20.84473  81.66685  -3.44419  -0.32749   0.00000 170.43047 -12.38466  -0.04859  -0.00011  -0.00768  -0.00779 151.25068   0.69290
  0.49080 151.23991  -1.90460   0.39468   0.00000  21.46263  84.16303  -3.43819  -0.32331   0.00000 170.46064 -12.38684  -0.04834   0.00022  -0.00735  -0.00745 151.25242   0.72150
  0.49100 151.23864  -2.00781   0.41928   0.00000  22.34143  87.68535  -3.42136  -0.31901   0.00000 170.49081 -12.38903  -0.04809  -0.00011  -0.00701  -0.00712 151.25254   0.76060
  0.49120 151.23713  -2.11146   0.44444   0.00000  23.22610  91.06887  -3.40382  -0.31454   0.00000 170.52097 -12.39124  -0.04784   0.00022  -0.00668  -0.00678 151.25252   0.79987
  0.49140 151.23543  -2.21589   0.47017   0.00000  24.11687  94.35354  -3.38561  -0.30988   0.00000 170.55114 -12.39346  -0.04758  -0.00011  -0.00634  -0.00645 151.25240   0.83943
  0.49160 151.23366  -2.32197   0.49646   0.00000  25.01383  97.63072  -3.36674  -0.30505   0.00000 170.58131 -12.39568  -0.04733   0.00022  -0.00601  -0.00611 151.25230   0.87962
  0.49180 151.23182  -2.42970   0.52332   0.00000  25.91672 100.89933  -3.34721  -0.30004   0.00000 170.61148 -12.39792  -0.04707  -0.00011  -0.00567  -0.00578 151.25224   0.92044
  0.49200 151.23050  -2.50164   0.55073   0.00000  26.82531 104.22121  -3.34121  -0.29485   0.00000 170.64164 -12.40018  -0.04680   0.00022  -0.00534  -0.00544 151.25220   0.94770
  0.49220 151.22958  -2.60425   0.57707   0.00000  27.81982 107.77959  -3.32037  -0.28947   0.00000 170.67181 -12.40244  -0.04654  -0.00011  -0.00500  -0.00511 151.25310   0.98656
  0.49240 151.22858  -2.70864   0.60401   0.00000  28.81991 111.33073  -3.29881  -0.28390   0.00000 170.70197 -12.40471  -0.04627   0.00022  -0.00467  -0.00477 151.25404   1.02611
  0.49260 151.22747  -2.81484   0.63155   0.00000  29.82540 114.87405  -3.27655  -0.27813   0.00000 170.73213 -12.40699  -0.04600  -0.00011  -0.00433  -0.00444 151.25499   1.06634
  0.49280 151.22628  -2.92284   0.65968   0.00000  30.83615 118.41049  -3.25357  -0.27215   0.00000 170.76230 -12.40928  -0.04573   0.00022  -0.00400  -0.00410 151.25596   1.10725
  0.49300 151.22498  -3.03263   0.68841   0.00000  31.85212 121.93897  -3.22989  -0.26598   0.00000 170.79246 -12.41158  -0.04545  -0.00011  -0.00366  -0.00377 151.25695   1.14884
  0.49320 151.22457  -3.09568   0.71673   0.00000  32.87459 125.53907  -3.22389  -0.25997   0.00000 170.82262 -12.41389  -0.04518   0.00022  -0.00333  -0.00343 151.25795   1.17272
  0.49340 151.23125  -3.18515   0.74130   0.00000  33.55484 127.50134  -3.19878  -0.25338   0.00000 170.85278 -12.41621  -0.04490  -0.00011  -0.00299  -0.00310 151.26661   1.20655
  0.49360 151.23787  -3.27567   0.76626   0.00000  34.23793 129.46528  -3.17328  -0.24666   0.00000 170.88294 -12.41853  -0.04461   0.00022  -0.00266  -0.00276 151.27528   1.24078
  0.49380 151.24440  -3.36728   0.79161   0.00000  34.92381 131.43272  -3.14739  -0.23980   0.00000 170.91311 -12.42086  -0.04433  -0.00011  -0.00232  -0.00242 151.28395   1.27541
  0.49400 151.25086  -3.45997   0.81736   0.00000  35.61240 133.40473  -3.12110  -0.23281   0.00000 170.94327 -12.42320  -0.04405   0.00022  -0.00198  -0.00209 151.29264   1.31045
  0.49420 151.25724  -3.55375   0.84350   0.00000  36.30363 135.38038  -3.09442  -0.22567   0.00000 170.97344 -12.42553  -0.04376  -0.00011  -0.00165  -0.00175 151.30134   1.34590
  0.49440 151.26488  -3.59295   0.86667   0.00000  37.00273 137.44665  -3.08842  -0.21966   0.00000 171.00361 -12.42788  -0.04347   0.00022  -0.00131  -0.00142 151.31003   1.36067
  0.49460 151.27704  -3.66079   0.88690   0.00000  37.07865 136.82328  -3.06093  -0.21225   0.00000 171.03378 -12.43022  -0.04318  -0.00011  -0.00098  -0.00108 151.32392   1.38624
  0.49480 151.28916  -3.72836   0.90717   0.00000  37.15434 136.20623  -3.03357  -0.20483   0.00000 171.06395 -12.43257  -0.04289   0.00022  -0.00064  -0.00075 151.33782   1.41171
  0.49500 151.30128  -3.79579   0.92749   0.00000  37.22981 135.60470  -3.00633  -0.19739   0.00000 171.09413 -12.43492  -0.04261  -0.00011  -0.00031  -0.00041 151.35173   1.43711
  0.49520 151.31340  -3.86306   0.94784   0.00000  37.30504 135.01968  -2.97920  -0.18993   0.00000 171.12430 -12.43726  -0.04232   0.00022   0.00003  -0.00008 151.36567   1.46245
  0.49540 151.32551  -3.93019   0.96823   0.00000  37.38004 134.45013  -2.95220  -0.18246   0.00000 171.15448 -12.43961  -0.04203  -0.00011   0.00036   0.00026 151.37963   1.48774
  0.49560 151.33907  -3.94192   0.98473   0.00000  37.46096 133.97476  -2.94620  -0.17645   0.00000 171.18467 -12.44195  -0.04174   0.00022   0.00070   0.00059 151.39360   1.49204
  0.49580 151.35278  -4.00586   1.00449   0.00000  37.45917 133.11505  -2.91941  -0.16895   0.00000 171.21485 -12.44429  -0.04145  -0.00011   0.00103   0.00093 151.40911   1.51610
  0.49600 151.36649  -4.06951   1.02426   0.00000  37.45683 132.27099  -2.89278  -0.16145   0.00000 171.24504 -12.44664  -0.04116   0.00022   0.00137   0.00126 151.42465   1.54004
  0.49620 151.38020  -4.13288   1.04402   0.00000  37.45395 131.44149  -2.86633  -0.15395   0.00000 171.27524 -12.44898  -0.04087  -0.00011   0.00170   0.00160 151.44021   1.56386
  0.49640 151.39392  -4.19597   1.06378   0.00000  37.45052 130.62750  -2.84004  -0.14645   0.00000 171.30543 -12.45132  -0.04058   0.00022   0.00204   0.00193 151.45579   1.58758
  0.49660 151.40763  -4.25877   1.08353   0.00000  37.44655 129.82626  -2.81391  -0.13895   0.00000 171.33563 -12.45365  -0.04029  -0.00011   0.00237   0.00227 151.47139   1.61118
  0.49680 151.42285  -4.26842   1.09931   0.00000  37.44824 129.11178  -2.80791  -0.13294   0.00000 171.36584 -12.45599  -0.04000   0.00022   0.00271   0.00260 151.48698   1.61467
  0.49700 151.43663  -4.33046   1.11904   0.00000  37.44107 128.31092  -2.78209  -0.12544   0.00000 171.39604 -12.45833  -0.03971  -0.00011   0.00304   0.00294 151.50267   1.63798
  0.49720 151.45043  -4.39216   1.13876   0.00000  37.43336 127.51839  -2.75643  -0.11794   0.00000 171.42625 -12.46066  -0.03942   0.00022   0.00338   0.00327 151.51838   1.66115
  0.49740 151.46423  -4.45353   1.15847   0.00000  37.42508 126.73312  -2.73093  -0.11045   0.00000 171.45646 -12.46300  -0.03913  -0.00011   0.00371   0.00361 151.53411   1.68419
  0.49760 151.47803  -4.51456   1.17817   0.00000  37.41625 125.95610  -2.70558  -0.10295   0.00000 171.48668 -12.46533  -0.03884   0.00022   0.00405   0.00394 151.54987   1.70710
  0.49780 151.49184  -4.57527   1.19787   0.00000  37.40685 125.18625  -2.68039  -0.09546   0.00000 171.51690 -12.46766  -0.03855  -0.00011   0.00438   0.00428 151.56565   1.72989
  0.49800 151.50720  -4.58527   1.21361   0.00000  37.40308 124.49921  -2.67439  -0.08946   0.00000 171.54712 -12.46999  -0.03826   0.00022   0.00472   0.00461 151.58143   1.73349
  0.49820 151.51977  -4.64387   1.23291   0.00000  37.33956 123.53730  -2.64949  -0.08197   0.00000 171.57734 -12.47232  -0.03797  -0.00011   0.00505   0.00495 151.59593   1.75549
  0.49840 151.53236  -4.70203   1.25217   0.00000  37.27533 122.58329  -2.62478  -0.07449   0.00000 171.60757 -12.47465  -0.03768   0.00022   0.00539   0.00528 151.61046   1.77731
  0.49860 151.54495  -4.75977   1.27139   0.00000  37.21038 121.63610  -2.60026  -0.06703   0.00000 171.63780 -12.47698  -0.03739  -0.00011   0.00572   0.00562 151.62501   1.79897
  0.49880 151.55751  -4.81678   1.29058   0.00000  37.14472 120.66541  -2.57594  -0.05958   0.00000 171.66804 -12.47930  -0.03710   0.00022   0.00606   0.00595 151.63953   1.82035
  0.49900 151.57004  -4.87292   1.30972   0.00000  37.07834 119.65934  -2.55180  -0.05214   0.00000 171.69827 -12.48163  -0.03681  -0.00011   0.00639   0.00629 151.65401   1.84140
  0.49920 151.58410  -4.88095   1.32505   0.00000  37.01713 118.71426  -2.54580  -0.04614   0.00000 171.72852 -12.48395  -0.03652   0.00022   0.00673   0.00662 151.66845   1.84426
  0.49940 151.59083  -4.90736   1.33644   0.00000  36.22985 115.01945  -2.52206  -0.03873   0.00000 171.75876 -12.48627  -0.03623  -0.00011   0.00706   0.00696 151.67613   1.85416
  0.49960 151.59760  -4.93167   1.34738   0.00000  35.43974 111.31005  -2.49906  -0.03147   0.00000 171.78900 -12.48859  -0.03594   0.00022   0.00740   0.00729 151.68378   1.86325
  0.49980 151.60441  -4.95388   1.35787   0.00000  34.64674 107.58635  -2.47680  -0.02438   0.00000 171.81925 -12.49090  -0.03566  -0.00011   0.00773   0.00763 151.69140   1.87155
  0.50000 151.61127  -4.97399   1.36791   0.00000  33.85081 103.85069  -2.45528  -0.01744   0.00000 171.84950 -12.49320  -0.03537   0.00022   0.00807   0.00796 151.69901   1.87906
  0.50020 151.61817  -4.99202   1.37750   0.00000  33.05192 100.10336  -2.43451  -0.01067   0.00000 171.87975 -12.49549  -0.03509  -0.00011   0.00840   0.00830 151.70658   1.88578
